Dataset,chunk_index,mean_bitwidth,median_bitwidth,std_bitwidth,mean_diff_bitwidth,std_diff_bitwidth,avg_run_length,local_max_density,local_max_amplitude,entropy,monotonic_segments,optimal_pack_size
City-temp.csv,0,0.1141357421875,0.109375,0.01593426765125935,0.013656496062992126,0.01675217379612731,0.1038961038961039,0.1746031746031746,0.025923295454545456,0.2985826670665776,0.4765625,8
City-temp.csv,1,0.1142578125,0.109375,0.01699892107961837,0.012057086614173228,0.013034372675343533,0.10810810810810811,0.15873015873015872,0.0203125,0.298839256325197,0.4609375,6
City-temp.csv,2,0.116455078125,0.109375,0.015111101685003694,0.01156496062992126,0.01534099650665978,0.1111111111111111,0.12698412698412698,0.02099609375,0.24367713114524184,0.484375,9
City-temp.csv,3,0.1119384765625,0.109375,0.011181933803129747,0.010580708661417323,0.01035366874998487,0.1095890410958904,0.14285714285714285,0.019097222222222224,0.25861742185793807,0.46875,6
City-temp.csv,4,0.1126708984375,0.109375,0.016987960114188152,0.01218011811023622,0.015675776971093545,0.1111111111111111,0.1111111111111111,0.025669642857142856,0.2906834358668242,0.4296875,6
City-temp.csv,5,0.1121826171875,0.109375,0.014672323461794218,0.013164370078740157,0.013215438329208797,0.09411764705882353,0.1984126984126984,0.0196875,0.29519527661257144,0.5390625,6
City-temp.csv,6,0.1121826171875,0.109375,0.01454174606097535,0.012057086614173228,0.013611532171200123,0.1111111111111111,0.1746031746031746,0.022372159090909092,0.2895595882598487,0.4296875,5
City-temp.csv,7,0.11572265625,0.109375,0.020338540624666532,0.01624015748031496,0.020602541496546774,0.10126582278481013,0.14285714285714285,0.03125,0.3153604016025336,0.4609375,5
City-temp.csv,8,0.117431640625,0.109375,0.02192241434751142,0.0172244094488189,0.021819974880487553,0.0963855421686747,0.16666666666666666,0.028273809523809524,0.3161507511690204,0.5,4
City-temp.csv,9,0.167236328125,0.1875,0.046440013586431676,0.021899606299212598,0.04811994435907623,0.27586206896551724,0.015873015873015872,0.05078125,0.18379098986030065,0.21875,2
City-temp.csv,10,0.029052734375,0.015625,0.04612578232678085,0.013533464566929134,0.04629157114698755,0.7272727272727273,0.023809523809523808,0.171875,0.06592296774274624,0.0859375,6
City-temp.csv,11,0.015625,0.015625,0.0,0.0,0.0,8.0,0.0,0.0,0.0,0.0078125,1024
City-temp.csv,12,0.080078125,0.015625,0.08320862657867498,0.02300688976377953,0.05852343292687893,0.4444444444444444,0.031746031746031744,0.171875,0.1590723338208275,0.140625,5
City-temp.csv,13,0.13134765625,0.109375,0.05775564336244521,0.031496062992125984,0.051877292039791835,0.13793103448275862,0.1111111111111111,0.07087053571428571,0.37285083560458165,0.375,2
City-temp.csv,14,0.1148681640625,0.09375,0.04409003270063877,0.037155511811023625,0.04672832752876662,0.09195402298850575,0.14285714285714285,0.06553819444444445,0.38851657160915737,0.515625,3
City-temp.csv,15,0.1141357421875,0.09375,0.03774934365162983,0.02374507874015748,0.03274302459816927,0.10810810810810811,0.15873015873015872,0.0421875,0.3667342212937497,0.484375,3
City-temp.csv,16,0.102294921875,0.09375,0.024539472817600858,0.016117125984251968,0.02456381667360915,0.1095890410958904,0.1111111111111111,0.03404017857142857,0.3209489194531891,0.421875,5
City-temp.csv,17,0.106689453125,0.109375,0.026929718026414196,0.017839566929133858,0.02798689362844559,0.10256410256410256,0.14285714285714285,0.025173611111111112,0.37357808569978945,0.4765625,4
City-temp.csv,18,0.1044921875,0.09375,0.027396015896690502,0.02202263779527559,0.0262596599085837,0.0898876404494382,0.19047619047619047,0.0390625,0.35794753913232236,0.484375,4
City-temp.csv,19,0.0933837890625,0.09375,0.017736358531652372,0.013164370078740157,0.01573841672534193,0.10126582278481013,0.1349206349206349,0.02389705882352941,0.3231333550730015,0.453125,6
City-temp.csv,20,0.095458984375,0.09375,0.024568602679850983,0.017470472440944882,0.022834194902895375,0.0963855421686747,0.16666666666666666,0.030877976190476192,0.3572687130508139,0.453125,7
City-temp.csv,21,0.099365234375,0.09375,0.025144113965947745,0.018577755905511813,0.025620699798268923,0.10256410256410256,0.11904761904761904,0.04635416666666667,0.3507598712514919,0.40625,5
City-temp.csv,22,0.13037109375,0.109375,0.04438527592700321,0.022637795275590553,0.03190195068242557,0.12121212121212122,0.1349206349206349,0.04136029411764706,0.36443266958143744,0.4453125,4
City-temp.csv,23,0.15771484375,0.1875,0.04042721063518,0.02620570866141732,0.04218599123157719,0.15384615384615385,0.07936507936507936,0.0578125,0.25870948787749887,0.375,2
City-temp.csv,24,0.1317138671875,0.125,0.031291695435193716,0.018700787401574805,0.025867646343120495,0.11594202898550725,0.11904761904761904,0.03697916666666667,0.32289170280152907,0.4453125,5
City-temp.csv,25,0.1212158203125,0.109375,0.023659922285782658,0.018700787401574805,0.023695623399219466,0.0975609756097561,0.1111111111111111,0.04017857142857143,0.27861170992403306,0.515625,6
City-temp.csv,26,0.1278076171875,0.125,0.02744356737417062,0.018454724409448817,0.02290171071479611,0.10256410256410256,0.15873015873015872,0.030078125,0.2895849299942063,0.5,6
City-temp.csv,27,0.1240234375,0.109375,0.02711610034553676,0.018577755905511813,0.02415306000004172,0.09876543209876543,0.18253968253968253,0.03260869565217391,0.30548520839976484,0.53125,4
City-temp.csv,28,0.11376953125,0.109375,0.015617368741913551,0.010826771653543307,0.015748992650294752,0.12307692307692308,0.14285714285714285,0.020833333333333332,0.24909693637935093,0.4453125,10
City-temp.csv,29,0.1192626953125,0.109375,0.02430609672186133,0.015871062992125984,0.023199186371066934,0.11594202898550725,0.09523809523809523,0.032552083333333336,0.2826140420239569,0.3984375,6
City-temp.csv,30,0.1162109375,0.109375,0.021902013175786918,0.015625,0.022527869878438186,0.10810810810810811,0.11904761904761904,0.030208333333333334,0.29787455731565154,0.4921875,5
City-temp.csv,31,0.1195068359375,0.109375,0.03340870660326094,0.02202263779527559,0.0321806746540784,0.10526315789473684,0.16666666666666666,0.043154761904761904,0.3204834547679385,0.4609375,5
City-temp.csv,32,0.126708984375,0.125,0.06341596792323193,0.021284448818897638,0.039880427447521044,0.19047619047619047,0.05555555555555555,0.06919642857142858,0.3186289273406042,0.28125,3
City-temp.csv,33,0.125732421875,0.109375,0.03142403777355635,0.015625,0.02608673920976758,0.14285714285714285,0.0873015873015873,0.040482954545454544,0.28072339607093283,0.34375,7
City-temp.csv,34,0.1094970703125,0.109375,0.01441825578270023,0.01107283464566929,0.016650666506611365,0.12698412698412698,0.07936507936507936,0.03359375,0.2309333406433113,0.4140625,8
City-temp.csv,35,0.1124267578125,0.109375,0.013956112566355386,0.009965551181102362,0.0131050201991683,0.11940298507462686,0.15873015873015872,0.016796875,0.22946685531352598,0.4453125,7
City-temp.csv,36,0.110595703125,0.109375,0.01687045283335602,0.013410433070866142,0.01728669139025449,0.10256410256410256,0.15079365079365079,0.02631578947368421,0.27860052630999993,0.4921875,8
City-temp.csv,37,0.110595703125,0.109375,0.014433233646345169,0.009473425196850394,0.013029726668182804,0.125,0.1349206349206349,0.017003676470588234,0.23970839564166935,0.421875,12
City-temp.csv,38,0.109130859375,0.109375,0.015623092534937653,0.012549212598425197,0.015813256902617746,0.10526315789473684,0.16666666666666666,0.023809523809523808,0.27579184982437943,0.4765625,8
City-temp.csv,39,0.1124267578125,0.109375,0.019827691135815152,0.015255905511811024,0.021698933502016387,0.10810810810810811,0.15873015873015872,0.03046875,0.2632905226426892,0.4765625,6
City-temp.csv,40,0.11376953125,0.109375,0.01872735245191905,0.014148622047244094,0.01955233319421152,0.1111111111111111,0.18253968253968253,0.026834239130434784,0.2772801977118625,0.421875,6
City-temp.csv,41,0.114501953125,0.109375,0.017150770302425275,0.014517716535433071,0.017557762688126338,0.10256410256410256,0.15079365079365079,0.027138157894736843,0.3272614155475539,0.4609375,8
City-temp.csv,42,0.1087646484375,0.109375,0.019956536153049365,0.012426181102362205,0.017131887332271004,0.11940298507462686,0.15873015873015872,0.021875,0.3289622525867472,0.453125,6
City-temp.csv,43,0.11083984375,0.109375,0.01751698351040244,0.01439468503937008,0.016936392590964838,0.09876543209876543,0.15873015873015872,0.026953125,0.32806181072420704,0.4765625,7
City-temp.csv,44,0.1080322265625,0.109375,0.015132288130545788,0.01218011811023622,0.011913108697746264,0.1,0.15873015873015872,0.019921875,0.3293774134732681,0.484375,7
City-temp.csv,45,0.1097412109375,0.109375,0.02143681203110826,0.01513287401574803,0.020929823619420067,0.10666666666666667,0.1349206349206349,0.035386029411764705,0.3400469426414651,0.40625,6
City-temp.csv,46,0.108642578125,0.109375,0.014727569464702805,0.009965551181102362,0.010858880001779635,0.11764705882352941,0.10317460317460317,0.018629807692307692,0.31212828637059165,0.390625,6
City-temp.csv,47,0.111572265625,0.109375,0.016542216422348557,0.012918307086614173,0.014015874172771295,0.0975609756097561,0.15873015873015872,0.021875,0.3335043154488229,0.484375,6
City-temp.csv,48,0.1170654296875,0.109375,0.026636793918282584,0.018577755905511813,0.02334358508982564,0.1,0.18253968253968253,0.03328804347826087,0.3614188597291443,0.4921875,6
City-temp.csv,49,0.11669921875,0.109375,0.027686020512372726,0.021038385826771654,0.02483164529831271,0.09302325581395349,0.19047619047619047,0.030598958333333332,0.3636970629588631,0.53125,7
City-temp.csv,50,0.123291015625,0.109375,0.03174860859623034,0.01968503937007874,0.027042871377153794,0.1095890410958904,0.1349206349206349,0.034466911764705885,0.3037760143883301,0.4609375,4
City-temp.csv,51,0.153076171875,0.1875,0.04606888957330461,0.029404527559055118,0.045506355165039515,0.15384615384615385,0.06349206349206349,0.064453125,0.28286028440992744,0.3515625,2
City-temp.csv,52,0.0804443359375,0.015625,0.08265872929970454,0.011441929133858268,0.04025367945253471,0.6666666666666666,0.015873015873015872,0.171875,0.17569745425151032,0.09375,6
City-temp.csv,53,0.11962890625,0.109375,0.06633260794902712,0.03395669291338583,0.04874842612529251,0.14545454545454545,0.0873015873015873,0.09517045454545454,0.33775093344942336,0.3828125,3
City-temp.csv,54,0.15625,0.1875,0.05078125,0.026820866141732284,0.05067434187870963,0.1951219512195122,0.03968253968253968,0.0578125,0.2455084212907083,0.2890625,2
City-temp.csv,55,0.1240234375,0.109375,0.03972821407579686,0.02312992125984252,0.044534342675657104,0.13559322033898305,0.05555555555555555,0.0390625,0.34766220004531023,0.3359375,4
City-temp.csv,56,0.119873046875,0.109375,0.034171839221714094,0.014148622047244094,0.024129233606557585,0.14035087719298245,0.07936507936507936,0.025,0.3093739803893419,0.359375,6
City-temp.csv,57,0.119384765625,0.109375,0.031172656668516294,0.027066929133858268,0.03277813975331563,0.09876543209876543,0.15873015873015872,0.055859375,0.3002175874354726,0.5,3
City-temp.csv,58,0.1268310546875,0.109375,0.0424606452377354,0.02891240157480315,0.04463042770913313,0.11428571428571428,0.14285714285714285,0.06076388888888889,0.35923249992853074,0.453125,4
City-temp.csv,59,0.111572265625,0.09375,0.061847619828581064,0.026697834645669292,0.048472223560771514,0.16,0.06349206349206349,0.0634765625,0.38457721835779,0.3125,3
City-temp.csv,60,0.11328125,0.1015625,0.037160737481329,0.020915354330708662,0.032052951552406325,0.11428571428571428,0.11904761904761904,0.03333333333333333,0.3527493422143306,0.453125,4
City-temp.csv,61,0.1009521484375,0.09375,0.024542812368164,0.015625,0.024879755114689716,0.10810810810810811,0.11904761904761904,0.028645833333333332,0.3154823706220465,0.4765625,5
City-temp.csv,62,0.1007080078125,0.09375,0.03080794479094843,0.02042322834645669,0.03152632573550125,0.09876543209876543,0.1746031746031746,0.036576704545454544,0.38106680749174876,0.5078125,7
City-temp.csv,63,0.10205078125,0.09375,0.025832800910959568,0.014148622047244094,0.02281894314836538,0.11594202898550725,0.1111111111111111,0.021763392857142856,0.32001813357733505,0.4296875,7
City-temp.csv,64,0.0926513671875,0.09375,0.013128660690612574,0.012057086614173228,0.010593576226195493,0.09876543209876543,0.21428571428571427,0.019386574074074073,0.29730186208623355,0.53125,8
City-temp.csv,65,0.0968017578125,0.09375,0.019634356145441408,0.012057086614173228,0.01933043678746222,0.125,0.12698412698412698,0.0234375,0.30600130383008023,0.4296875,5
City-temp.csv,66,0.0958251953125,0.09375,0.02511654154420032,0.016486220472440943,0.02632931506473656,0.1095890410958904,0.15079365079365079,0.03412828947368421,0.33997728695337154,0.4296875,5
City-temp.csv,67,0.1051025390625,0.09375,0.02476042154323052,0.016117125984251968,0.024952049231165778,0.11940298507462686,0.12698412698412698,0.0322265625,0.3526994334957519,0.4140625,4
City-temp.csv,68,0.121337890625,0.109375,0.04455884112174639,0.0265748031496063,0.03627823113238992,0.1095890410958904,0.1349206349206349,0.05560661764705882,0.35982501751356466,0.453125,4
City-temp.csv,69,0.119384765625,0.109375,0.04554318866239845,0.028297244094488187,0.040171620416572365,0.1095890410958904,0.10317460317460317,0.07572115384615384,0.3651490677307487,0.46875,3
City-temp.csv,70,0.098388671875,0.109375,0.04988540391755222,0.032234251968503935,0.04978840066302775,0.1095890410958904,0.15873015873015872,0.07734375,0.3957553178133478,0.4140625,4
City-temp.csv,71,0.1220703125,0.109375,0.05639595592961293,0.040354330708661415,0.05550970592353559,0.11428571428571428,0.1111111111111111,0.08258928571428571,0.37403891215831003,0.4453125,3
City-temp.csv,72,0.1094970703125,0.09375,0.035020140915439556,0.02718996062992126,0.04274419439096154,0.1038961038961039,0.1746031746031746,0.04971590909090909,0.3118724150032209,0.5234375,7
City-temp.csv,73,0.1024169921875,0.109375,0.014590849528951406,0.011811023622047244,0.014766854994632842,0.10810810810810811,0.1349206349206349,0.022518382352941176,0.27177375528447223,0.46875,8
City-temp.csv,74,0.10546875,0.09375,0.023027004145608584,0.01660925196850394,0.022162067419680506,0.09302325581395349,0.18253968253968253,0.028872282608695652,0.2883197422550649,0.5,5
City-temp.csv,75,0.1103515625,0.109375,0.03147804972907461,0.0265748031496063,0.03509310331891151,0.09195402298850575,0.21428571428571427,0.046875,0.3361140321156275,0.59375,4
City-temp.csv,76,0.125244140625,0.109375,0.05093068363943513,0.03678641732283464,0.04935326844156534,0.10810810810810811,0.11904761904761904,0.07916666666666666,0.35473854063100113,0.4453125,4
City-temp.csv,77,0.0654296875,0.015625,0.07065751939027239,0.021284448818897638,0.04896777191490722,0.2857142857142857,0.047619047619047616,0.09114583333333333,0.2382208366738141,0.203125,4
City-temp.csv,78,0.1329345703125,0.109375,0.05081864960491307,0.038385826771653545,0.04357017606153303,0.10810810810810811,0.11904761904761904,0.06614583333333333,0.3231089559254721,0.5,3
City-temp.csv,79,0.1094970703125,0.09375,0.029264050214753572,0.013410433070866142,0.023177644894249824,0.13333333333333333,0.07142857142857142,0.0234375,0.2700330287778992,0.375,5
City-temp.csv,80,0.1185302734375,0.109375,0.046241130236091436,0.026328740157480313,0.04162721170955377,0.11940298507462686,0.11904761904761904,0.041666666666666664,0.36377936093026175,0.4375,4
City-temp.csv,81,0.138671875,0.109375,0.043410372599400136,0.030880905511811024,0.04020664773655652,0.11594202898550725,0.14285714285714285,0.051215277777777776,0.3039961614409921,0.453125,3
City-temp.csv,82,0.1099853515625,0.109375,0.03942228566068108,0.021899606299212598,0.033059091835599554,0.10666666666666667,0.12698412698412698,0.041015625,0.35266595121998917,0.484375,5
City-temp.csv,83,0.127197265625,0.109375,0.04210488035316623,0.028174212598425195,0.035621814533230066,0.1038961038961039,0.15079365079365079,0.05633223684210526,0.3296126078545641,0.4609375,4
City-temp.csv,84,0.1119384765625,0.109375,0.03694336550594302,0.028051181102362203,0.03716936045821495,0.0975609756097561,0.15079365079365079,0.055509868421052634,0.3531377539186486,0.484375,6
City-temp.csv,85,0.1759033203125,0.1875,0.029572021354370374,0.004798228346456693,0.017151314250595,0.5333333333333333,0.023809523809523808,0.0625,0.13854029564828674,0.0859375,1
City-temp.csv,86,0.055908203125,0.015625,0.0728075482563406,0.009473425196850394,0.03922370674411512,1.0,0.0,0.0,0.13092671537559122,0.0625,9
City-temp.csv,87,0.015625,0.015625,0.0,0.0,0.0,8.0,0.0,0.0,0.0,0.0078125,1024
City-temp.csv,88,0.015625,0.015625,0.0,0.0,0.0,8.0,0.0,0.0,0.0,0.0078125,1024
City-temp.csv,89,0.12353515625,0.1875,0.07448650048345982,0.019438976377952756,0.03954386165540096,0.23529411764705882,0.03968253968253968,0.0640625,0.2782887251762572,0.2421875,3
City-temp.csv,90,0.115478515625,0.109375,0.03634252775438,0.01796259842519685,0.029871074326799238,0.13559322033898305,0.15079365079365079,0.039473684210526314,0.3122810220566236,0.3515625,4
City-temp.csv,91,0.1248779296875,0.109375,0.03452648250758566,0.021530511811023622,0.033213946902356205,0.11764705882352941,0.1111111111111111,0.03180803571428571,0.3106742165736261,0.375,4
City-temp.csv,92,0.1173095703125,0.109375,0.02755194829223845,0.01894685039370079,0.027704223432276395,0.11940298507462686,0.11904761904761904,0.043229166666666666,0.2821280756090858,0.3828125,5
City-temp.csv,93,0.111572265625,0.109375,0.022670925254567653,0.017839566929133858,0.02569503296177955,0.1095890410958904,0.14285714285714285,0.039496527777777776,0.28760571686640407,0.421875,6
City-temp.csv,94,0.1051025390625,0.09375,0.02675958335195728,0.016117125984251968,0.02541009969178266,0.11940298507462686,0.11904761904761904,0.030208333333333334,0.34270573842609164,0.3984375,5
City-temp.csv,95,0.1129150390625,0.09375,0.037223039522418594,0.01673228346456693,0.02896287895538383,0.11940298507462686,0.10317460317460317,0.021634615384615384,0.346111186564932,0.390625,3
City-temp.csv,96,0.1103515625,0.09375,0.040489086800054454,0.02792814960629921,0.0411595062009969,0.10666666666666667,0.11904761904761904,0.052083333333333336,0.36967006493578847,0.484375,3
City-temp.csv,97,0.10202205882352941,0.09375,0.04043281999225326,0.03311011904761905,0.05139452040793858,0.14285714285714285,0.18072289156626506,0.05520833333333333,0.3962087772927468,0.5294117647058824,3
Stocks-UK.csv,98,0.12841796875,0.125,0.014344170724187873,0.011441929133858268,0.011674385988461084,0.10810810810810811,0.16666666666666666,0.021205357142857144,0.3125034696623357,0.390625,5
Stocks-UK.csv,99,0.13037109375,0.125,0.016157609480248337,0.013041338582677165,0.013408739869991877,0.1,0.1111111111111111,0.022879464285714284,0.34213870547713426,0.421875,7
Stocks-UK.csv,100,0.126708984375,0.125,0.01589541094790823,0.012426181102362205,0.011981524433011656,0.10256410256410256,0.16666666666666666,0.02194940476190476,0.33661528158250986,0.46875,5
Stocks-UK.csv,101,0.1240234375,0.125,0.014842464993721351,0.013779527559055118,0.014222781512419715,0.10126582278481013,0.14285714285714285,0.0234375,0.30318028907594435,0.4375,6
Stocks-UK.csv,102,0.130615234375,0.125,0.014183288621365052,0.013779527559055118,0.01280000669649602,0.09876543209876543,0.18253968253968253,0.022758152173913044,0.3152873665862405,0.5,5
Stocks-UK.csv,103,0.134521484375,0.140625,0.01589541094790823,0.011195866141732283,0.013850745724466047,0.11940298507462686,0.12698412698412698,0.021484375,0.32733439050179775,0.453125,6
Stocks-UK.csv,104,0.1260986328125,0.125,0.015151969855883783,0.012795275590551181,0.0129200645598672,0.10126582278481013,0.19047619047619047,0.022135416666666668,0.3242267182321335,0.4921875,5
Stocks-UK.csv,105,0.1221923828125,0.125,0.021961463620653043,0.01673228346456693,0.021406066113121597,0.09411764705882353,0.1746031746031746,0.025923295454545456,0.3498300825654423,0.5078125,9
Stocks-UK.csv,106,0.1451416015625,0.140625,0.014372710169982211,0.011318897637795276,0.011378916958436873,0.10810810810810811,0.15873015873015872,0.021875,0.3176804362844541,0.453125,8
Stocks-UK.csv,107,0.1483154296875,0.1484375,0.013531096318806031,0.01033464566929134,0.011962559310956442,0.11940298507462686,0.1349206349206349,0.021599264705882353,0.2980766047317351,0.40625,8
Stocks-UK.csv,108,0.1500244140625,0.15625,0.013295581041933246,0.008858267716535433,0.01279645853102343,0.14814814814814814,0.09523809523809523,0.02734375,0.28173613007301085,0.3203125,8
Stocks-UK.csv,109,0.145263671875,0.140625,0.013441044539551566,0.010949803149606299,0.011816148822384817,0.10810810810810811,0.15873015873015872,0.02109375,0.2915087626327649,0.4765625,7
Stocks-UK.csv,110,0.1434326171875,0.140625,0.012419417036138093,0.011441929133858268,0.010819778969449145,0.10256410256410256,0.15873015873015872,0.0203125,0.28110026964171375,0.46875,7
Stocks-UK.csv,111,0.1461181640625,0.140625,0.013753917309475725,0.010826771653543307,0.012009285769598841,0.11267605633802817,0.1349206349206349,0.021139705882352942,0.30138082731935484,0.4296875,8
Stocks-UK.csv,112,0.138671875,0.140625,0.01171875,0.010826771653543307,0.011007022266902079,0.1095890410958904,0.14285714285714285,0.020399305555555556,0.27079559803560055,0.4453125,7
Stocks-UK.csv,113,0.1434326171875,0.140625,0.01685056754381784,0.012918307086614173,0.013167244332628855,0.09876543209876543,0.1349206349206349,0.022518382352941176,0.337787676444205,0.484375,7
Stocks-UK.csv,114,0.1417236328125,0.140625,0.013273146906248753,0.012057086614173228,0.011124659995528845,0.1,0.14285714285714285,0.021701388888888888,0.28447951667126586,0.5,9
Stocks-UK.csv,115,0.142578125,0.140625,0.012352647110032733,0.010826771653543307,0.01028472664567242,0.10526315789473684,0.12698412698412698,0.0185546875,0.28441818934585267,0.4453125,8
Stocks-UK.csv,116,0.139892578125,0.140625,0.020932122294308728,0.012549212598425197,0.0205687173933323,0.1095890410958904,0.15079365079365079,0.02425986842105263,0.30293742424530373,0.4296875,9
Stocks-UK.csv,117,0.137939453125,0.140625,0.013963050993973443,0.010088582677165354,0.01065484010561563,0.11267605633802817,0.15873015873015872,0.017578125,0.29865813714465134,0.421875,9
Stocks-UK.csv,118,0.1287841796875,0.125,0.015096796364126393,0.011687992125984252,0.011759648765106807,0.10126582278481013,0.12698412698412698,0.0224609375,0.3254769096847495,0.4765625,7
Stocks-UK.csv,119,0.132080078125,0.125,0.014466233366235887,0.01218011811023622,0.011913108697746269,0.10256410256410256,0.1349206349206349,0.019761029411764705,0.31400442625588143,0.4140625,6
Stocks-UK.csv,120,0.1334228515625,0.125,0.015613074520098654,0.012918307086614173,0.012569701122432175,0.09523809523809523,0.15873015873015872,0.0234375,0.3125180299636296,0.5234375,5
Stocks-UK.csv,121,0.1328125,0.140625,0.013810679320049757,0.012672244094488189,0.0115557950780247,0.09876543209876543,0.16666666666666666,0.021577380952380952,0.30477907208874644,0.4921875,9
Stocks-UK.csv,122,0.1329345703125,0.125,0.01550196847413841,0.012303149606299213,0.013673665343946671,0.10526315789473684,0.16666666666666666,0.020833333333333332,0.30540683812667996,0.484375,5
Stocks-UK.csv,123,0.1297607421875,0.125,0.01617189785131047,0.014640748031496063,0.012969177119197265,0.08791208791208792,0.1746031746031746,0.022372159090909092,0.33534550045678496,0.53125,8
Stocks-UK.csv,124,0.1319580078125,0.125,0.013784219469478548,0.011687992125984252,0.012550418731600971,0.10666666666666667,0.14285714285714285,0.022569444444444444,0.3032136452857161,0.4375,9
Stocks-UK.csv,125,0.1300048828125,0.125,0.013662607594281905,0.013533464566929134,0.011660114910628423,0.09302325581395349,0.1984126984126984,0.02125,0.3075586971920233,0.5625,6
Stocks-UK.csv,126,0.1331787109375,0.125,0.02112310274622032,0.015378937007874016,0.021744925063012583,0.10126582278481013,0.16666666666666666,0.027529761904761904,0.3254440642602715,0.484375,9
Stocks-UK.csv,127,0.12451171875,0.125,0.015246577144527339,0.01439468503937008,0.011534817896982495,0.08791208791208792,0.18253968253968253,0.022078804347826088,0.3299385365916145,0.46875,7
Stocks-UK.csv,128,0.1207275390625,0.125,0.015832947759785578,0.012303149606299213,0.012802371593827338,0.10256410256410256,0.15079365079365079,0.019736842105263157,0.33908582522508457,0.4375,7
Stocks-UK.csv,129,0.1221923828125,0.125,0.016963381850751108,0.014148622047244094,0.016338656792356326,0.1038961038961039,0.15079365079365079,0.026726973684210526,0.3350834812896915,0.46875,6
Stocks-UK.csv,130,0.1207275390625,0.125,0.017106837951122764,0.01439468503937008,0.012948151689884713,0.09195402298850575,0.16666666666666666,0.02269345238095238,0.35447293281931613,0.484375,6
Stocks-UK.csv,131,0.11669921875,0.125,0.015494757473264092,0.014517716535433071,0.01375093701540144,0.0963855421686747,0.16666666666666666,0.024553571428571428,0.3322577129031408,0.5078125,8
Stocks-UK.csv,132,0.114990234375,0.109375,0.01776531998264296,0.01624015748031496,0.01691313936104311,0.09195402298850575,0.1984126984126984,0.0259375,0.33188563731856213,0.53125,5
Stocks-UK.csv,133,0.1041259765625,0.109375,0.013848929407214595,0.011318897637795276,0.011874929637808706,0.1095890410958904,0.15873015873015872,0.022265625,0.29277337589755725,0.4296875,6
Stocks-UK.csv,134,0.103271484375,0.109375,0.013423294720596947,0.012057086614173228,0.01179563465965244,0.1038961038961039,0.1746031746031746,0.020596590909090908,0.2962394968585934,0.4921875,8
Stocks-UK.csv,135,0.1070556640625,0.109375,0.013115033498263873,0.009965551181102362,0.010858880001779633,0.11940298507462686,0.07142857142857142,0.019965277777777776,0.2981025586542044,0.4453125,7
Stocks-UK.csv,136,0.1053466796875,0.109375,0.013137737632801828,0.01218011811023622,0.012231583190587167,0.10256410256410256,0.16666666666666666,0.022321428571428572,0.28820407784531415,0.5,6
Stocks-UK.csv,137,0.106201171875,0.109375,0.01329838264784797,0.010580708661417323,0.010718578501291586,0.1111111111111111,0.14285714285714285,0.018229166666666668,0.28674440017511144,0.4765625,7
Stocks-UK.csv,138,0.10498046875,0.109375,0.015246577144527339,0.013410433070866142,0.012358389767566615,0.09302325581395349,0.1746031746031746,0.02166193181818182,0.3182927011461664,0.5078125,6
Stocks-UK.csv,139,0.10009765625,0.09375,0.01773341777083484,0.011811023622047244,0.016605150412207684,0.11764705882352941,0.14285714285714285,0.024305555555555556,0.31484440490656473,0.40625,8
Stocks-UK.csv,140,0.1044921875,0.109375,0.012467915366019242,0.010949803149606299,0.008837738679167316,0.0963855421686747,0.15079365079365079,0.01768092105263158,0.2783445969683451,0.4765625,6
Stocks-UK.csv,141,0.1036376953125,0.109375,0.011533545247558447,0.009965551181102362,0.01012602280686626,0.11428571428571428,0.12698412698412698,0.0185546875,0.2636823616925259,0.453125,7
Stocks-UK.csv,142,0.1009521484375,0.09375,0.012181981133195406,0.010949803149606299,0.010972588652314623,0.10810810810810811,0.15079365079365079,0.020970394736842105,0.27952129333347114,0.453125,6
Stocks-UK.csv,143,0.1444091796875,0.15625,0.035520363447525065,0.014886811023622047,0.021466792663818585,0.09411764705882353,0.1984126984126984,0.0240625,0.4325381815092921,0.5546875,8
Stocks-UK.csv,144,0.168212890625,0.171875,0.01518978538115457,0.011687992125984252,0.013148838250826366,0.1095890410958904,0.15873015873015872,0.023046875,0.2962911180660327,0.46875,5
Stocks-UK.csv,145,0.1658935546875,0.171875,0.01326416262776355,0.010211614173228346,0.01115726776452229,0.11267605633802817,0.1349206349206349,0.019301470588235295,0.2915871902778123,0.4453125,5
Stocks-UK.csv,146,0.168701171875,0.171875,0.014267090169616192,0.01156496062992126,0.012120944106053468,0.1095890410958904,0.11904761904761904,0.023958333333333335,0.3072519472268283,0.421875,7
Stocks-UK.csv,147,0.1630859375,0.15625,0.01798042249953317,0.01673228346456693,0.017337403557298448,0.09523809523809523,0.1746031746031746,0.027698863636363636,0.3591014092679082,0.5234375,3
Stocks-UK.csv,148,0.1640625,0.15625,0.018528970665049098,0.013656496062992126,0.019995551722987732,0.10526315789473684,0.16666666666666666,0.027157738095238096,0.28582881949142996,0.4375,7
Stocks-UK.csv,149,0.1683349609375,0.171875,0.013701814838965189,0.01033464566929134,0.01004045559207833,0.10810810810810811,0.14285714285714285,0.018229166666666668,0.30464433511030414,0.4140625,13
Stocks-UK.csv,150,0.165771484375,0.171875,0.013136036183900981,0.010949803149606299,0.01131756025991647,0.1095890410958904,0.1746031746031746,0.020951704545454544,0.29770263670687125,0.4609375,9
Stocks-UK.csv,151,0.166259765625,0.171875,0.013773945851500519,0.011687992125984252,0.012702666829862501,0.1038961038961039,0.18253968253968253,0.020040760869565216,0.26814117532873954,0.484375,8
Stocks-UK.csv,152,0.1649169921875,0.15625,0.0149778830871848,0.012303149606299213,0.013532346052561603,0.10666666666666667,0.15873015873015872,0.023828125,0.29604076774041066,0.4453125,8
Stocks-UK.csv,153,0.1634521484375,0.171875,0.013517874822624813,0.012549212598425197,0.01143994458278379,0.09411764705882353,0.16666666666666666,0.018601190476190476,0.29248334726622943,0.5625,7
Stocks-UK.csv,154,0.16357421875,0.15625,0.012496566300849343,0.010457677165354331,0.011442590574396073,0.11594202898550725,0.1746031746031746,0.020241477272727272,0.27732010214385366,0.40625,11
Stocks-UK.csv,155,0.1568603515625,0.15625,0.011288039217179895,0.010088582677165354,0.0095108996506337,0.10666666666666667,0.15873015873015872,0.01875,0.2621497437168639,0.484375,8
Stocks-UK.csv,156,0.162353515625,0.15625,0.013980115529512118,0.010457677165354331,0.011773799198100624,0.11267605633802817,0.1746031746031746,0.018821022727272728,0.30177551709445066,0.421875,7
Stocks-UK.csv,157,0.161376953125,0.15625,0.0136871252836033,0.012426181102362205,0.012606976828198325,0.09876543209876543,0.1746031746031746,0.02130681818181818,0.2849904559359239,0.4765625,7
Stocks-UK.csv,158,0.158935546875,0.15625,0.012214353272801747,0.009719488188976378,0.010904783369173407,0.12121212121212122,0.10317460317460317,0.020432692307692308,0.26898526091735797,0.3984375,8
Stocks-UK.csv,159,0.1510009765625,0.15625,0.029638460714728643,0.01439468503937008,0.02349740533295357,0.10666666666666667,0.1349206349206349,0.028952205882352942,0.40787106288907893,0.4609375,8
Stocks-UK.csv,160,0.1170654296875,0.109375,0.016223415490177497,0.011441929133858268,0.011674385988461084,0.1038961038961039,0.11904761904761904,0.0203125,0.34163032516046793,0.46875,6
Stocks-UK.csv,161,0.1241455078125,0.125,0.018866479200885335,0.01390255905511811,0.017780498871088516,0.1038961038961039,0.1746031746031746,0.025923295454545456,0.32239605449562253,0.5,7
Stocks-UK.csv,162,0.12060546875,0.125,0.013237736046607381,0.011318897637795276,0.01120870273024643,0.1038961038961039,0.19047619047619047,0.020182291666666668,0.2991686129845265,0.46875,6
Stocks-UK.csv,163,0.1241455078125,0.125,0.018145003625738516,0.013410433070866142,0.01613636751881332,0.10126582278481013,0.16666666666666666,0.021577380952380952,0.33071612283232454,0.5234375,6
Stocks-UK.csv,164,0.1256103515625,0.125,0.018259613405336415,0.015994094488188976,0.018546360419499277,0.09302325581395349,0.1984126984126984,0.0265625,0.3099572185168101,0.546875,5
Stocks-UK.csv,165,0.1243896484375,0.125,0.016959867762598897,0.012426181102362205,0.014976526534219945,0.10810810810810811,0.15079365079365079,0.025082236842105265,0.3120873652979787,0.453125,7
Stocks-UK.csv,166,0.1239013671875,0.125,0.01704750265474714,0.015009842519685039,0.013781724374941387,0.09195402298850575,0.1746031746031746,0.023082386363636364,0.3447484827994301,0.515625,7
Stocks-UK.csv,167,0.1217041015625,0.125,0.013482554112769121,0.012672244094488189,0.011720969846274172,0.09876543209876543,0.15873015873015872,0.02109375,0.29914489499688174,0.5234375,6
Stocks-UK.csv,168,0.115234375,0.109375,0.018425744398548053,0.013656496062992126,0.01663702475335316,0.10666666666666667,0.15079365079365079,0.025904605263157895,0.3084473986575887,0.4375,6
Stocks-UK.csv,169,0.109130859375,0.109375,0.013669694999188886,0.010211614173228346,0.011328254862123148,0.11764705882352941,0.11904761904761904,0.019791666666666666,0.2884904147200546,0.4609375,7
Stocks-UK.csv,170,0.10986328125,0.109375,0.014344170724187873,0.012426181102362205,0.01149011422845525,0.10126582278481013,0.16666666666666666,0.020833333333333332,0.3100372734854106,0.4765625,7
Stocks-UK.csv,171,0.11083984375,0.109375,0.010775427973981401,0.008489173228346457,0.009756017520471946,0.12903225806451613,0.1349206349206349,0.01884191176470588,0.24133562354120017,0.375,11
Stocks-UK.csv,172,0.107421875,0.109375,0.014084184669781208,0.010580708661417323,0.01035366874998487,0.1038961038961039,0.1111111111111111,0.017299107142857144,0.29581777245243907,0.4765625,6
Stocks-UK.csv,173,0.1080322265625,0.109375,0.013814455161518566,0.010703740157480315,0.010504613290421535,0.1038961038961039,0.15873015873015872,0.017578125,0.2868963040386538,0.4609375,9
Stocks-UK.csv,174,0.1107177734375,0.109375,0.015257812468748,0.012303149606299213,0.015517583686444455,0.10666666666666667,0.1349206349206349,0.02665441176470588,0.2833764464684352,0.40625,8
Stocks-UK.csv,175,0.1083984375,0.109375,0.012619968733711021,0.011934055118110236,0.011675682494210922,0.10526315789473684,0.16666666666666666,0.020461309523809524,0.2781417479616691,0.5,12
Stocks-UK.csv,176,0.1080322265625,0.109375,0.01105326289510735,0.008243110236220472,0.010708688556589041,0.13559322033898305,0.07936507936507936,0.01640625,0.24269410350720813,0.3828125,12
Stocks-UK.csv,177,0.1116943359375,0.109375,0.020770255600812512,0.015748031496062992,0.021965860144165152,0.10256410256410256,0.15079365079365079,0.030838815789473683,0.30559677489663933,0.484375,6
Stocks-UK.csv,178,0.1053466796875,0.109375,0.018656801020729342,0.014763779527559055,0.015845768924283396,0.09876543209876543,0.15873015873015872,0.02578125,0.34863644261831034,0.5,6
Stocks-UK.csv,179,0.106689453125,0.109375,0.015268063587650947,0.014271653543307087,0.014412025190806475,0.09195402298850575,0.21428571428571427,0.0234375,0.2916352981203067,0.546875,6
Stocks-UK.csv,180,0.1097412109375,0.109375,0.01847380022688058,0.013779527559055118,0.01462264397111321,0.0963855421686747,0.1746031746031746,0.020951704545454544,0.332541325464268,0.4765625,6
Stocks-UK.csv,181,0.108154296875,0.109375,0.014031184614747082,0.012057086614173228,0.010773513424699616,0.09876543209876543,0.16666666666666666,0.021205357142857144,0.3140894328641485,0.4609375,8
Stocks-UK.csv,182,0.1077880859375,0.109375,0.016438751724216386,0.013779527559055118,0.013811347189688714,0.09411764705882353,0.19047619047619047,0.022786458333333332,0.3477525625654843,0.4765625,6
Stocks-UK.csv,183,0.105224609375,0.109375,0.01401418226422477,0.013656496062992126,0.011262591034789188,0.08888888888888889,0.1984126984126984,0.02,0.30176382227135495,0.5625,5
Stocks-UK.csv,184,0.101318359375,0.09375,0.023999160036647108,0.01636318897637795,0.02119643801480496,0.09523809523809523,0.18253968253968253,0.028192934782608696,0.382768832842113,0.46875,5
Stocks-UK.csv,185,0.087890625,0.09375,0.013531646934131853,0.008735236220472441,0.011031747919025536,0.13559322033898305,0.11904761904761904,0.020833333333333332,0.2947305856487747,0.3671875,11
Stocks-UK.csv,186,0.0869140625,0.0859375,0.01167798900693496,0.008858267716535433,0.00952362326789549,0.12121212121212122,0.1111111111111111,0.018973214285714284,0.26459024805779197,0.3984375,13
Stocks-UK.csv,187,0.085205078125,0.078125,0.01263648856895267,0.009473425196850394,0.010404711866075762,0.11764705882352941,0.11904761904761904,0.01875,0.280195252496579,0.4140625,9
Stocks-UK.csv,188,0.08544921875,0.078125,0.012648275241199823,0.010457677165354331,0.011442590574396077,0.11764705882352941,0.11904761904761904,0.022395833333333334,0.27929791180314406,0.4375,9
Stocks-UK.csv,189,0.089111328125,0.09375,0.013582208052442504,0.010826771653543307,0.01200928576959884,0.1111111111111111,0.1111111111111111,0.0234375,0.2876055090104425,0.453125,6
Stocks-UK.csv,190,0.0875244140625,0.09375,0.012405010747631973,0.010457677165354331,0.01144259057439608,0.11267605633802817,0.1349206349206349,0.02022058823529412,0.2642905044176536,0.4453125,9
Stocks-UK.csv,191,0.081298828125,0.078125,0.01329838264784797,0.010088582677165354,0.009906900659053837,0.1095890410958904,0.15079365079365079,0.01850328947368421,0.2848376368340188,0.4453125,9
Stocks-UK.csv,192,0.081298828125,0.078125,0.012560791962311094,0.010457677165354331,0.011609376094572287,0.11594202898550725,0.15079365079365079,0.02055921052631579,0.27309404777408497,0.4296875,10
Stocks-UK.csv,193,0.082275390625,0.078125,0.012879430360458964,0.00861220472440945,0.010865847522549026,0.13793103448275862,0.1349206349206349,0.019761029411764705,0.2675942175154104,0.3671875,10
Stocks-UK.csv,194,0.0831298828125,0.078125,0.0106858597327709,0.008981299212598425,0.009905372641668474,0.12307692307692308,0.12698412698412698,0.01904296875,0.23959855000310493,0.3828125,11
Stocks-UK.csv,195,0.08860294117647059,0.078125,0.029196130487911035,0.012834821428571428,0.027400633252658305,0.1951219512195122,0.08433734939759036,0.041294642857142856,0.3307168163614748,0.35294117647058826,7
Bird-migration.csv,196,0.2364501953125,0.234375,0.028862079173539553,0.018577755905511813,0.024547789689205388,0.10256410256410256,0.15873015873015872,0.026953125,0.4402419912403146,0.4296875,8
Bird-migration.csv,197,0.2269287109375,0.234375,0.06654869957361963,0.030757874015748032,0.04384204532181267,0.08333333333333333,0.21428571428571427,0.04513888888888889,0.5632805336327226,0.5546875,5
Bird-migration.csv,198,0.2325439453125,0.234375,0.04726486205438927,0.010826771653543307,0.01611102021148706,0.14545454545454545,0.07142857142857142,0.022569444444444444,0.41230963333542475,0.3046875,6
Bird-migration.csv,199,0.2467041015625,0.25,0.033240577667739135,0.023622047244094488,0.027511779262181416,0.09302325581395349,0.16666666666666666,0.03236607142857143,0.4742582190822697,0.5078125,7
Bird-migration.csv,200,0.2376708984375,0.234375,0.03341227462298657,0.0203001968503937,0.028368299183830138,0.1038961038961039,0.15873015873015872,0.039453125,0.48529517774132264,0.421875,5
Bird-migration.csv,201,0.2413330078125,0.25,0.0235842244706658,0.016117125984251968,0.018491597022453763,0.10126582278481013,0.15079365079365079,0.0234375,0.40920554441248136,0.4453125,9
Bird-migration.csv,202,0.23388671875,0.21875,0.03416224443303087,0.021530511811023622,0.028477472951140375,0.10666666666666667,0.1349206349206349,0.02849264705882353,0.45249712382845103,0.421875,8
Bird-migration.csv,203,0.215576171875,0.21875,0.03883524593396711,0.02066929133858268,0.024715554689148427,0.0898876404494382,0.14285714285714285,0.033854166666666664,0.4883852485365136,0.453125,5
Bird-migration.csv,204,0.2330322265625,0.234375,0.036068214201793826,0.021899606299212598,0.027886113826296913,0.10526315789473684,0.14285714285714285,0.036458333333333336,0.5107637018579764,0.4609375,6
Bird-migration.csv,205,0.216064453125,0.234375,0.0611146942687297,0.02485236220472441,0.04429646459838588,0.12307692307692308,0.11904761904761904,0.06145833333333333,0.5805305401779586,0.3125,3
Bird-migration.csv,206,0.248291015625,0.25,0.03592021360533482,0.017470472440944882,0.026131959273006954,0.10256410256410256,0.1349206349206349,0.03125,0.4700540690657195,0.453125,6
Bird-migration.csv,207,0.250732421875,0.25,0.022597189909162853,0.015255905511811024,0.024760833637980886,0.12903225806451613,0.0873015873015873,0.03977272727272727,0.321279869697692,0.3828125,7
Bird-migration.csv,208,0.2373046875,0.234375,0.031234737483827102,0.016978346456692914,0.02441361565907967,0.11428571428571428,0.0873015873015873,0.04190340909090909,0.47702431510350723,0.34375,5
Bird-migration.csv,209,0.215576171875,0.21875,0.023869662741814325,0.018577755905511813,0.023425791322768563,0.10666666666666667,0.1111111111111111,0.03404017857142857,0.35774391241006304,0.453125,2
Bird-migration.csv,210,0.2196044921875,0.21875,0.016142385381250627,0.013164370078740157,0.013069165083552669,0.1038961038961039,0.1349206349206349,0.021139705882352942,0.3251346782301832,0.4375,10
Bird-migration.csv,211,0.2135009765625,0.21875,0.022716560331708192,0.018577755905511813,0.01948331060193016,0.09302325581395349,0.11904761904761904,0.022916666666666665,0.3743294466665428,0.4609375,4
Bird-migration.csv,212,0.2130126953125,0.21875,0.024772454893413936,0.017839566929133858,0.02301116586225063,0.10526315789473684,0.15079365079365079,0.02549342105263158,0.3872201093496726,0.4140625,4
Bird-migration.csv,213,0.2176513671875,0.21875,0.020778862952330567,0.01660925196850394,0.019286535990255996,0.1,0.1111111111111111,0.028459821428571428,0.3561023134960481,0.4296875,5
Bird-migration.csv,214,0.2265625,0.234375,0.0567751634912056,0.025590551181102362,0.04474187142216579,0.11940298507462686,0.12698412698412698,0.0595703125,0.5215330835835115,0.3671875,4
Bird-migration.csv,215,0.241455078125,0.234375,0.03261539659894382,0.018823818897637797,0.024280570441552705,0.1,0.15079365079365079,0.03453947368421053,0.49436533906703817,0.4375,2
Bird-migration.csv,216,0.2381591796875,0.25,0.066485077689522,0.023499015748031496,0.03484898345222283,0.09523809523809523,0.18253968253968253,0.04042119565217391,0.5134947355043871,0.515625,4
Bird-migration.csv,217,0.24365234375,0.234375,0.023063214216053795,0.015501968503937008,0.0229083192016498,0.1095890410958904,0.15873015873015872,0.026171875,0.3712049113651497,0.40625,6
Bird-migration.csv,218,0.2410888671875,0.234375,0.02682854429793803,0.015994094488188976,0.018232753002606704,0.0963855421686747,0.16666666666666666,0.025297619047619048,0.4249617526367155,0.5,6
Bird-migration.csv,219,0.2081298828125,0.203125,0.03416202633833296,0.023622047244094488,0.027301351530924084,0.09090909090909091,0.15079365079365079,0.033717105263157895,0.5136469627847976,0.46875,2
Bird-migration.csv,220,0.2342529296875,0.25,0.04919766776868461,0.024975393700787402,0.04043527027883163,0.10666666666666667,0.1349206349206349,0.04641544117647059,0.49886007790105785,0.453125,4
Bird-migration.csv,221,0.208740234375,0.21875,0.05952176476554138,0.02300688976377953,0.03366794599279373,0.09411764705882353,0.18253968253968253,0.034986413043478264,0.5070146567411773,0.4765625,6
Bird-migration.csv,222,0.2344970703125,0.234375,0.020437574450622647,0.012672244094488189,0.01368804878033604,0.10666666666666667,0.1111111111111111,0.022321428571428572,0.3901232867190246,0.4609375,9
Bird-migration.csv,223,0.224853515625,0.234375,0.028116479218707413,0.015501968503937008,0.02307554023524939,0.12307692307692308,0.15873015873015872,0.030078125,0.4247852740977777,0.453125,7
Bird-migration.csv,224,0.2135009765625,0.203125,0.026728381378539147,0.013041338582677165,0.017621443455859073,0.125,0.12698412698412698,0.02685546875,0.40493332436555174,0.375,7
Bird-migration.csv,225,0.211669921875,0.203125,0.018307291377263363,0.01218011811023622,0.013286262345446671,0.10810810810810811,0.16666666666666666,0.020461309523809524,0.35122289198228024,0.453125,14
Bird-migration.csv,226,0.206298828125,0.203125,0.01579006741896497,0.01033464566929134,0.011470336634652223,0.11940298507462686,0.12698412698412698,0.01953125,0.3249856671218158,0.40625,4
Bird-migration.csv,227,0.2308349609375,0.21875,0.047570316820274454,0.018823818897637797,0.040628718346885,0.1568627450980392,0.10317460317460317,0.06370192307692307,0.5212228710621071,0.2890625,6
Bird-migration.csv,228,0.21044921875,0.234375,0.0773629212942901,0.02620570866141732,0.03935700447280766,0.10126582278481013,0.12698412698412698,0.0498046875,0.5288860662096885,0.4375,5
Bird-migration.csv,229,0.2318115234375,0.234375,0.05520048685515668,0.025959645669291338,0.04649288448302187,0.10810810810810811,0.1349206349206349,0.05193014705882353,0.5668661899674755,0.3828125,5
Bird-migration.csv,230,0.2646484375,0.265625,0.019701407228351578,0.012303149606299213,0.01716454727027095,0.12698412698412698,0.1111111111111111,0.030691964285714284,0.3817842703214204,0.359375,6
Bird-migration.csv,231,0.2298583984375,0.21875,0.031014268590828644,0.02066929133858268,0.026004213617714943,0.10256410256410256,0.15079365079365079,0.04194078947368421,0.46601307134385506,0.4453125,5
Bird-migration.csv,232,0.222900390625,0.21875,0.03804757558189368,0.02066929133858268,0.024085281181180727,0.09523809523809523,0.14285714285714285,0.03732638888888889,0.535033271569995,0.4375,5
Bird-migration.csv,233,0.2493896484375,0.25,0.04355960698420718,0.03186515748031496,0.041055298692892296,0.08,0.23015873015873015,0.04256465517241379,0.5422391890625157,0.5078125,4
Bird-migration.csv,234,0.21240234375,0.1875,0.041909780150237136,0.012795275590551181,0.015241015403003865,0.11428571428571428,0.1746031746031746,0.022372159090909092,0.4687913753150476,0.40625,9
Bird-migration.csv,235,0.1973876953125,0.203125,0.016208712873289108,0.010826771653543307,0.012325275380283643,0.11764705882352941,0.10317460317460317,0.022235576923076924,0.3416565747287435,0.40625,9
Bird-migration.csv,236,0.1986083984375,0.1875,0.03082921932886373,0.014640748031496063,0.019778628409555653,0.10810810810810811,0.11904761904761904,0.025,0.4619887749572901,0.3671875,7
Bird-migration.csv,237,0.248291015625,0.25,0.03338840623980322,0.022268700787401573,0.031648522183238076,0.11267605633802817,0.1349206349206349,0.04825367647058824,0.4933234880185174,0.3828125,6
Bird-migration.csv,238,0.2325439453125,0.234375,0.050314148822564776,0.028420275590551183,0.04421232289075627,0.0898876404494382,0.16666666666666666,0.04836309523809524,0.5699916062221595,0.4375,5
Bird-migration.csv,239,0.236083984375,0.234375,0.028919072786718212,0.021776574803149606,0.03508447563511332,0.1,0.15873015873015872,0.040625,0.4335311474520572,0.453125,6
Bird-migration.csv,240,0.2374267578125,0.234375,0.03472272819574245,0.02251476377952756,0.026427440283618098,0.10256410256410256,0.1111111111111111,0.041294642857142856,0.4849527012938606,0.4296875,5
Bird-migration.csv,241,0.247314453125,0.25,0.033324077433746054,0.024114173228346455,0.02826245293618358,0.09302325581395349,0.14285714285714285,0.04513888888888889,0.49513650906382844,0.453125,5
Bird-migration.csv,242,0.2200927734375,0.21875,0.02139784989206525,0.013779527559055118,0.018036601953057,0.1111111111111111,0.16666666666666666,0.027157738095238096,0.40871395754237083,0.46875,8
Bird-migration.csv,243,0.2244873046875,0.21875,0.01830851225675104,0.01328740157480315,0.017655769861150736,0.11764705882352941,0.11904761904761904,0.0296875,0.35791259961120847,0.3671875,9
Bird-migration.csv,244,0.223876953125,0.21875,0.015142624226035847,0.011318897637795276,0.011378916958436867,0.1038961038961039,0.1746031746031746,0.020241477272727272,0.3090240040425805,0.46875,10
Bird-migration.csv,245,0.23095703125,0.234375,0.017462455802976236,0.01107283464566929,0.013458318573104802,0.12307692307692308,0.11904761904761904,0.019791666666666666,0.3398887809275641,0.3828125,10
Bird-migration.csv,246,0.23681640625,0.234375,0.037743224691748796,0.01968503937007874,0.034646420753974595,0.10666666666666667,0.12698412698412698,0.048828125,0.4617919287117153,0.4140625,7
Bird-migration.csv,247,0.22802734375,0.234375,0.04969686168072473,0.022637795275590553,0.029392942813967676,0.08791208791208792,0.16666666666666666,0.035342261904761904,0.5602361636626576,0.4375,5
Bird-migration.csv,248,0.24365234375,0.25,0.030908627379098556,0.022268700787401573,0.025977423755360912,0.1,0.12698412698412698,0.0380859375,0.47377885729545494,0.421875,4
Bird-migration.csv,249,0.2337646484375,0.234375,0.03937387343717552,0.02214566929133858,0.0250676484529662,0.1,0.10317460317460317,0.03485576923076923,0.5201741938947099,0.4609375,3
Bird-migration.csv,250,0.2354736328125,0.234375,0.03210402803846989,0.01513287401574803,0.01859526538376878,0.1095890410958904,0.10317460317460317,0.022235576923076924,0.46107316697141765,0.421875,5
Bird-migration.csv,251,0.2459716796875,0.25,0.02329432945748734,0.015625,0.025339112456412915,0.12903225806451613,0.11904761904761904,0.03229166666666667,0.383877864659546,0.375,4
Bird-migration.csv,252,0.2320556640625,0.234375,0.0441548754889178,0.01968503937007874,0.030135936486391717,0.10810810810810811,0.11904761904761904,0.0375,0.5105891257673977,0.3828125,2
Bird-migration.csv,253,0.226318359375,0.21875,0.03659097068389413,0.019808070866141732,0.031825943782649954,0.10526315789473684,0.10317460317460317,0.046875,0.5036323929057002,0.421875,9
Bird-migration.csv,254,0.24853515625,0.25,0.03188069012286216,0.025221456692913386,0.028417878772027748,0.08163265306122448,0.1984126984126984,0.0390625,0.4816861920560422,0.5390625,5
Bird-migration.csv,255,0.2293701171875,0.234375,0.03579783459246808,0.019438976377952756,0.02978327997845493,0.1095890410958904,0.1349206349206349,0.03630514705882353,0.4669739154693879,0.4140625,6
Bird-migration.csv,256,0.242431640625,0.234375,0.026420257284224157,0.02066929133858268,0.02191204415442241,0.09195402298850575,0.15873015873015872,0.0359375,0.4452377799905769,0.4609375,5
Bird-migration.csv,257,0.24267578125,0.234375,0.030567342238065506,0.020915354330708662,0.02595527214343561,0.1,0.15079365079365079,0.03453947368421053,0.47046740525583886,0.421875,6
Bird-migration.csv,258,0.1746826171875,0.1875,0.08326439191234836,0.029158464566929134,0.0510697797503064,0.12121212121212122,0.10317460317460317,0.06911057692307693,0.5724608747287291,0.3125,4
Bird-migration.csv,259,0.2403564453125,0.234375,0.030703292341479997,0.018577755905511813,0.021810954777599645,0.09411764705882353,0.15079365079365079,0.03248355263157895,0.47302232980286346,0.4765625,6
Bird-migration.csv,260,0.2513427734375,0.25,0.03297412665760053,0.021284448818897638,0.02832451185357734,0.10666666666666667,0.1111111111111111,0.04799107142857143,0.4973885084498571,0.3828125,4
Bird-migration.csv,261,0.25146484375,0.25,0.022897215015026083,0.014763779527559055,0.015601247523767075,0.10126582278481013,0.12698412698412698,0.0263671875,0.4139800255152552,0.4296875,5
Bird-migration.csv,262,0.25927734375,0.265625,0.031215648844579315,0.025590551181102362,0.032199483864085825,0.0898876404494382,0.1746031746031746,0.045099431818181816,0.4833934287476182,0.484375,4
Bird-migration.csv,263,0.23974609375,0.25,0.04298816589034953,0.02436023622047244,0.03780091411352661,0.0975609756097561,0.1349206349206349,0.042279411764705885,0.5349410898590731,0.421875,6
Bird-migration.csv,264,0.1851806640625,0.1875,0.041205375983123654,0.01734744094488189,0.02760679831731898,0.11428571428571428,0.09523809523809523,0.037109375,0.5227501216071445,0.4140625,5
Bird-migration.csv,265,0.2352294921875,0.234375,0.03258317098715323,0.02485236220472441,0.025213953656396643,0.08421052631578947,0.1349206349206349,0.03262867647058824,0.4999155336891164,0.5234375,4
Bird-migration.csv,266,0.23291015625,0.234375,0.030722941829569087,0.02386811023622047,0.026440038141069953,0.08602150537634409,0.1746031746031746,0.03835227272727273,0.4806961069948968,0.53125,4
Bird-migration.csv,267,0.2320556640625,0.234375,0.030576846743665106,0.019315944881889764,0.0207007575913354,0.09411764705882353,0.15873015873015872,0.028515625,0.4877268671825808,0.515625,6
Bird-migration.csv,268,0.227294921875,0.21875,0.03393379042217022,0.024483267716535435,0.035435206765239216,0.09523809523809523,0.1349206349206349,0.04871323529411765,0.4887933378686093,0.4375,3
Bird-migration.csv,269,0.2235107421875,0.25,0.06300330167777496,0.02079232283464567,0.03621141110765485,0.10666666666666667,0.14285714285714285,0.0390625,0.5145718485617025,0.4453125,7
Bird-migration.csv,270,0.2403564453125,0.234375,0.031741802313699975,0.019562007874015748,0.028748856849986973,0.10666666666666667,0.1111111111111111,0.04575892857142857,0.4709457489486019,0.4140625,6
Bird-migration.csv,271,0.2296142578125,0.234375,0.059452001934497296,0.03383366141732284,0.04647399751113399,0.08791208791208792,0.19047619047619047,0.055989583333333336,0.5904476504396855,0.546875,4
Bird-migration.csv,272,0.2410888671875,0.25,0.0441373233066718,0.03137303149606299,0.04533205621773779,0.08888888888888889,0.19047619047619047,0.056315104166666664,0.5165536933150358,0.5234375,5
Bird-migration.csv,273,0.2393798828125,0.234375,0.026344289373666063,0.015625,0.019899940400733764,0.1038961038961039,0.14285714285714285,0.03125,0.44197601796468544,0.4453125,6
Bird-migration.csv,274,0.2314453125,0.234375,0.04418338291352976,0.023622047244094488,0.03704126723650202,0.10810810810810811,0.1349206349206349,0.050551470588235295,0.5162306871167228,0.40625,4
Bird-migration.csv,275,0.228515625,0.21875,0.03526459001028865,0.020054133858267716,0.026299403222881688,0.09876543209876543,0.16666666666666666,0.03050595238095238,0.4773877257124816,0.40625,6
Bird-migration.csv,276,0.235595703125,0.234375,0.03464302992742538,0.015994094488188976,0.024131742755798196,0.11764705882352941,0.14285714285714285,0.03689236111111111,0.46367486668259783,0.3984375,4
Bird-migration.csv,277,0.251708984375,0.265625,0.035168963358821526,0.02312992125984252,0.0338969076004831,0.10666666666666667,0.0873015873015873,0.040482954545454544,0.462737217555719,0.4296875,4
Bird-migration.csv,278,0.22900390625,0.21875,0.03687412584206182,0.021161417322834646,0.0312824363560313,0.10666666666666667,0.12698412698412698,0.03271484375,0.4697725152558145,0.5078125,3
Bird-migration.csv,279,0.2313232421875,0.21875,0.03559077141065374,0.017101377952755906,0.01833458268720192,0.10256410256410256,0.1746031746031746,0.02947443181818182,0.49368077737791966,0.453125,6
Bird-migration.csv,280,0.2283935546875,0.234375,0.04116050925261384,0.022760826771653545,0.03343470037077312,0.1095890410958904,0.12698412698412698,0.03564453125,0.4878657747663133,0.4140625,4
Bird-migration.csv,281,0.24365234375,0.265625,0.037131854827685835,0.017716535433070866,0.027336258445369833,0.10810810810810811,0.1111111111111111,0.027901785714285716,0.46037097682727973,0.421875,2
Bird-migration.csv,282,0.2193603515625,0.203125,0.037640237846616235,0.020177165354330708,0.029744120543822,0.10126582278481013,0.18253968253968253,0.029891304347826088,0.4429080273831125,0.5234375,7
Bird-migration.csv,283,0.22177933673469388,0.234375,0.06343599840140084,0.030605670103092782,0.04842879690754033,0.13793103448275862,0.125,0.07747395833333333,0.5827969149026164,0.40816326530612246,3
TY-Fuel.csv,284,0.0931396484375,0.09375,0.022642973594400456,0.01624015748031496,0.018848328827285953,0.10126582278481013,0.1111111111111111,0.025111607142857144,0.362250480963628,0.4765625,6
TY-Fuel.csv,285,0.0853271484375,0.09375,0.031060358645277727,0.01439468503937008,0.01704951988318899,0.1095890410958904,0.07142857142857142,0.025173611111111112,0.3994934922421998,0.359375,6
TY-Fuel.csv,286,0.0843505859375,0.09375,0.029834893395393417,0.017101377952755906,0.019054397447246227,0.09523809523809523,0.16666666666666666,0.026413690476190476,0.37953186549254553,0.5,4
TY-Fuel.csv,287,0.0902099609375,0.09375,0.025331575246925756,0.01660925196850394,0.01706549299645637,0.09411764705882353,0.12698412698412698,0.0263671875,0.3810877584495298,0.4609375,6
TY-Fuel.csv,288,0.08349609375,0.09375,0.030285248452071693,0.015871062992125984,0.01675127020251323,0.09876543209876543,0.14285714285714285,0.026041666666666668,0.4037713577480337,0.4765625,7
TY-Fuel.csv,289,0.0904541015625,0.09375,0.024131358815747874,0.01513287401574803,0.018902859504548394,0.1095890410958904,0.10317460317460317,0.027043269230769232,0.3477358507587205,0.4140625,5
TY-Fuel.csv,290,0.0894775390625,0.09375,0.026472939241947598,0.01513287401574803,0.01697388820845895,0.1038961038961039,0.12698412698412698,0.0244140625,0.3493238946003421,0.4765625,3
TY-Fuel.csv,291,0.093994140625,0.09375,0.020389762070910724,0.01624015748031496,0.01822611022872647,0.0963855421686747,0.1349206349206349,0.025735294117647058,0.3571356485330541,0.5,5
TY-Fuel.csv,292,0.0826416015625,0.09375,0.03007763948915681,0.018331692913385825,0.02085229609537052,0.0963855421686747,0.14285714285714285,0.029079861111111112,0.3960133420969483,0.46875,4
TY-Fuel.csv,293,0.08251953125,0.09375,0.03179082189581646,0.014517716535433071,0.01700151050209126,0.1095890410958904,0.10317460317460317,0.02283653846153846,0.4112307518206604,0.421875,6
TY-Fuel.csv,294,0.078369140625,0.09375,0.03081882565082339,0.017839566929133858,0.018676489083805054,0.09195402298850575,0.14285714285714285,0.021267361111111112,0.4444440499663113,0.46875,7
TY-Fuel.csv,295,0.0802001953125,0.09375,0.031696703159363286,0.018331692913385825,0.02010125315579247,0.09302325581395349,0.15079365079365079,0.027549342105263157,0.396344758622359,0.4921875,4
TY-Fuel.csv,296,0.0833740234375,0.09375,0.025784012617579777,0.014271653543307087,0.014412025190806477,0.09876543209876543,0.11904761904761904,0.022916666666666665,0.3951304190842309,0.453125,4
TY-Fuel.csv,297,0.08154296875,0.09375,0.02663259793612235,0.01439468503937008,0.01462160877632439,0.0963855421686747,0.12698412698412698,0.021484375,0.4110349187461689,0.4375,5
TY-Fuel.csv,298,0.079345703125,0.09375,0.031103745583922288,0.016978346456692914,0.02093777746606718,0.09876543209876543,0.11904761904761904,0.023958333333333335,0.3932986662151281,0.4375,4
TY-Fuel.csv,299,0.089111328125,0.09375,0.02579008008999941,0.017839566929133858,0.017062831849313922,0.0898876404494382,0.1746031746031746,0.022727272727272728,0.38579962435582443,0.53125,5
TY-Fuel.csv,300,0.08251953125,0.09375,0.03142877937842597,0.017716535433070866,0.019147906800670654,0.0975609756097561,0.12698412698412698,0.02587890625,0.408968050833284,0.515625,6
TY-Fuel.csv,301,0.092529296875,0.09375,0.019976313392897106,0.01673228346456693,0.019229944842460107,0.0963855421686747,0.14285714285714285,0.0234375,0.3216315799441092,0.4609375,3
TY-Fuel.csv,302,0.09228515625,0.09375,0.019671129959456725,0.014640748031496063,0.01490053135551443,0.0975609756097561,0.12698412698412698,0.02197265625,0.3398045793366808,0.4375,5
TY-Fuel.csv,303,0.0811767578125,0.09375,0.032860049354646176,0.015009842519685039,0.01790689507742151,0.10526315789473684,0.1111111111111111,0.0234375,0.4153188599646888,0.4140625,5
TY-Fuel.csv,304,0.0762939453125,0.09375,0.03318135164711983,0.01390255905511811,0.014571832942414297,0.1,0.12698412698412698,0.021484375,0.4277964805153977,0.4296875,4
TY-Fuel.csv,305,0.08203125,0.09375,0.029361906989009586,0.014886811023622047,0.01603284977529085,0.1038961038961039,0.1349206349206349,0.024816176470588234,0.41955312717188775,0.421875,5
TY-Fuel.csv,306,0.09619140625,0.09375,0.018573951759384994,0.012303149606299213,0.0157634029311486,0.11594202898550725,0.09523809523809523,0.017578125,0.29038250386656983,0.453125,3
TY-Fuel.csv,307,0.078857421875,0.09375,0.028158845669647423,0.018208661417322834,0.017838294144115245,0.08791208791208792,0.19047619047619047,0.0283203125,0.43008839418942174,0.4921875,6
TY-Fuel.csv,308,0.0880126953125,0.09375,0.028429282122366423,0.015255905511811024,0.014863915659979295,0.09302325581395349,0.15873015873015872,0.021875,0.3655118363094432,0.5078125,6
TY-Fuel.csv,309,0.0849609375,0.09375,0.024608599938191703,0.015378937007874016,0.014000746403470772,0.09090909090909091,0.15079365079365079,0.021792763157894735,0.38862219660537267,0.4609375,4
TY-Fuel.csv,310,0.0782470703125,0.09375,0.03317416555049454,0.01673228346456693,0.01962574114911159,0.1,0.1111111111111111,0.023995535714285716,0.4248634395354982,0.4296875,5
TY-Fuel.csv,311,0.0623779296875,0.0625,0.036513309808544385,0.016978346456692914,0.019708094274763346,0.1038961038961039,0.14285714285714285,0.028211805555555556,0.44121090194310963,0.40625,4
TY-Fuel.csv,312,0.0791015625,0.09375,0.033303501767538934,0.017101377952755906,0.018646477551262867,0.0963855421686747,0.14285714285714285,0.026041666666666668,0.42808838358635154,0.4140625,4
TY-Fuel.csv,313,0.079833984375,0.09375,0.030272453045989366,0.015994094488188976,0.019258261203279732,0.10256410256410256,0.14285714285714285,0.026475694444444444,0.41980599439679395,0.3984375,6
TY-Fuel.csv,314,0.0802001953125,0.09375,0.029580082558058225,0.01734744094488189,0.021854632888416523,0.1111111111111111,0.0873015873015873,0.03125,0.4081756269882047,0.3984375,4
TY-Fuel.csv,315,0.088623046875,0.09375,0.024867613265946487,0.015871062992125984,0.015806554949825694,0.09302325581395349,0.15873015873015872,0.02265625,0.38809841557990676,0.4921875,6
TY-Fuel.csv,316,0.0823974609375,0.09375,0.03129360018435837,0.017716535433070866,0.019741092684017785,0.09523809523809523,0.18253968253968253,0.02309782608695652,0.42152248390338914,0.4609375,4
TY-Fuel.csv,317,0.0889892578125,0.09375,0.025130776249030692,0.015994094488188976,0.020421004764638085,0.10810810810810811,0.1111111111111111,0.029575892857142856,0.35070241711842803,0.4375,4
TY-Fuel.csv,318,0.08349609375,0.09375,0.03223765789110169,0.016978346456692914,0.018080188934617464,0.09523809523809523,0.15079365079365079,0.027549342105263157,0.4298763268936629,0.4765625,5
TY-Fuel.csv,319,0.0933837890625,0.09375,0.02161403027175445,0.015501968503937008,0.014607108346117953,0.09302325581395349,0.16666666666666666,0.02269345238095238,0.36254928145172527,0.53125,7
TY-Fuel.csv,320,0.093017578125,0.09375,0.020378065662622312,0.013164370078740157,0.015860091275667076,0.10810810810810811,0.09523809523809523,0.018880208333333332,0.35125948259482637,0.4375,6
TY-Fuel.csv,321,0.0899658203125,0.09375,0.026258172624928126,0.016978346456692914,0.017866274469164712,0.09302325581395349,0.1349206349206349,0.027573529411764705,0.38978891201503335,0.484375,4
TY-Fuel.csv,322,0.0836181640625,0.09375,0.029465002199849672,0.015501968503937008,0.017149549076479163,0.09302325581395349,0.18253968253968253,0.019021739130434784,0.41387652776897405,0.5078125,9
TY-Fuel.csv,323,0.0916748046875,0.09375,0.02473392756545987,0.01439468503937008,0.016122290601260997,0.10256410256410256,0.11904761904761904,0.028125,0.38133475269005573,0.3984375,6
TY-Fuel.csv,324,0.0911865234375,0.09375,0.02422011586921501,0.01390255905511811,0.014571832942414294,0.10126582278481013,0.11904761904761904,0.024479166666666666,0.39046084741149906,0.421875,4
TY-Fuel.csv,325,0.0750732421875,0.09375,0.03349245457579449,0.01513287401574803,0.018177044800652152,0.1111111111111111,0.10317460317460317,0.029447115384615384,0.41922040833827384,0.3984375,5
TY-Fuel.csv,326,0.080322265625,0.09375,0.03481465857232508,0.01390255905511811,0.017342641179961777,0.1111111111111111,0.0873015873015873,0.024147727272727272,0.4100917466988158,0.3671875,10
TY-Fuel.csv,327,0.0841064453125,0.09375,0.032454866835491855,0.019562007874015748,0.023527019324412472,0.0975609756097561,0.15079365079365079,0.023848684210526317,0.3876111211973626,0.5078125,5
TY-Fuel.csv,328,0.0855712890625,0.09375,0.02863609263951055,0.018208661417322834,0.018577348511985125,0.08791208791208792,0.1746031746031746,0.02521306818181818,0.4103180577964296,0.5546875,5
TY-Fuel.csv,329,0.087646484375,0.09375,0.026582194488270827,0.016117125984251968,0.01651465845560809,0.09411764705882353,0.16666666666666666,0.025297619047619048,0.40173725691402873,0.5,4
TY-Fuel.csv,330,0.0872802734375,0.09375,0.028338985206644563,0.015625,0.018077677157680487,0.10126582278481013,0.12698412698412698,0.02490234375,0.40350125871472425,0.3828125,6
TY-Fuel.csv,331,0.077880859375,0.09375,0.03179363412297892,0.013656496062992126,0.013724492881283815,0.10126582278481013,0.12698412698412698,0.02001953125,0.42560985469150286,0.4609375,5
TY-Fuel.csv,332,0.08251953125,0.09375,0.03185076222128991,0.017470472440944882,0.021623463583243418,0.1038961038961039,0.11904761904761904,0.028125,0.4034415451641012,0.4609375,8
TY-Fuel.csv,333,0.0810546875,0.09375,0.03171949564240569,0.01513287401574803,0.016042288081739263,0.09876543209876543,0.1111111111111111,0.022879464285714284,0.43666908178203534,0.453125,4
TY-Fuel.csv,334,0.0797119140625,0.09375,0.030995044173682866,0.015501968503937008,0.01823607348214663,0.1038961038961039,0.12698412698412698,0.02734375,0.43279045124247517,0.4609375,6
TY-Fuel.csv,335,0.0814208984375,0.09375,0.03128979057007849,0.01513287401574803,0.017640331244766157,0.10526315789473684,0.11904761904761904,0.025520833333333333,0.4075770953258729,0.3984375,9
TY-Fuel.csv,336,0.0872802734375,0.09375,0.025579775002588363,0.015378937007874016,0.016520156927029177,0.0963855421686747,0.1111111111111111,0.021205357142857144,0.39409097020517403,0.46875,7
TY-Fuel.csv,337,0.0662841796875,0.078125,0.040300030517093285,0.020054133858267716,0.025255342610072843,0.1038961038961039,0.11904761904761904,0.030208333333333334,0.4423839244284214,0.375,5
TY-Fuel.csv,338,0.078369140625,0.09375,0.03100393694827682,0.01796259842519685,0.016647029798802004,0.08791208791208792,0.1349206349206349,0.024356617647058824,0.44875752662301527,0.4453125,6
TY-Fuel.csv,339,0.071044921875,0.078125,0.03627029245591558,0.017593503937007874,0.02156809150087561,0.10526315789473684,0.11904761904761904,0.025,0.4315690363184716,0.4296875,5
TY-Fuel.csv,340,0.0809326171875,0.09375,0.03164023881841392,0.015994094488188976,0.01833788472823495,0.1038961038961039,0.09523809523809523,0.029947916666666668,0.42768393898039175,0.3671875,8
TY-Fuel.csv,341,0.09300595238095238,0.109375,0.023363569148969615,0.01640625,0.01813779182225609,0.6153846153846154,0.05263157894736842,0.0234375,0.2871818894709817,0.38095238095238093,4
Stocks-DE.csv,342,0.1131591796875,0.109375,0.014049757376371305,0.011687992125984252,0.012396300903356293,0.10526315789473684,0.11904761904761904,0.0234375,0.29202867761321977,0.5,7
Stocks-DE.csv,343,0.115478515625,0.109375,0.012388783648794213,0.009227362204724409,0.011153197006917201,0.12698412698412698,0.15079365079365079,0.019325657894736843,0.25167717205656975,0.421875,10
Stocks-DE.csv,344,0.1162109375,0.109375,0.012313984582928214,0.009596456692913386,0.010384324727366731,0.11594202898550725,0.14285714285714285,0.01953125,0.2641137321162368,0.4453125,9
Stocks-DE.csv,345,0.114990234375,0.109375,0.011344004058094671,0.009473425196850394,0.010218282378369145,0.11594202898550725,0.15079365079365079,0.01850328947368421,0.2600177665883347,0.453125,12
Stocks-DE.csv,346,0.1177978515625,0.109375,0.013376032388362732,0.010703740157480315,0.011039977497133147,0.1095890410958904,0.16666666666666666,0.019345238095238096,0.29294650697101954,0.4453125,7
Stocks-DE.csv,347,0.1131591796875,0.109375,0.012467317771398341,0.010088582677165354,0.008883862302428986,0.1038961038961039,0.18253968253968253,0.017323369565217392,0.28342313588236456,0.4921875,9
Stocks-DE.csv,348,0.1153564453125,0.109375,0.012059039434828932,0.010703740157480315,0.010864454375864337,0.1038961038961039,0.1746031746031746,0.018110795454545456,0.26129138127230184,0.5234375,7
Stocks-DE.csv,349,0.1173095703125,0.125,0.015001741149302675,0.010949803149606299,0.011486161434039188,0.1095890410958904,0.1349206349206349,0.022058823529411766,0.31444624764323287,0.4375,7
Stocks-DE.csv,350,0.11572265625,0.109375,0.01242001693552432,0.010211614173228346,0.011328254862123143,0.11428571428571428,0.12698412698412698,0.0205078125,0.2643385022040135,0.453125,12
Stocks-DE.csv,351,0.1175537109375,0.125,0.014870048115440158,0.011318897637795276,0.01120870273024643,0.1038961038961039,0.1746031746031746,0.019886363636363636,0.31550206849919,0.46875,9
Stocks-DE.csv,352,0.1201171875,0.125,0.013210692635223323,0.011318897637795276,0.011711926385140025,0.10526315789473684,0.1349206349206349,0.01884191176470588,0.27951525085112283,0.4765625,9
Stocks-DE.csv,353,0.1163330078125,0.109375,0.011849626235861891,0.01033464566929134,0.009847132285316796,0.10810810810810811,0.18253968253968253,0.017663043478260868,0.2698995306207654,0.4765625,14
Stocks-DE.csv,354,0.1138916015625,0.109375,0.01383170302485598,0.010580708661417323,0.012840150714222188,0.11267605633802817,0.1349206349206349,0.019761029411764705,0.30139177271305984,0.4140625,8
Stocks-DE.csv,355,0.1240234375,0.125,0.013496362266684818,0.010580708661417323,0.011580656127706779,0.1111111111111111,0.11904761904761904,0.020833333333333332,0.2955240787920853,0.40625,7
Stocks-DE.csv,356,0.1158447265625,0.109375,0.011641566091297358,0.010211614173228346,0.009681257663831698,0.10810810810810811,0.15873015873015872,0.01875,0.26763114223656453,0.4609375,9
Stocks-DE.csv,357,0.114990234375,0.109375,0.011997717163384389,0.008858267716535433,0.01066619921343172,0.12903225806451613,0.09523809523809523,0.01953125,0.26331485210834676,0.4140625,12
Stocks-DE.csv,358,0.1201171875,0.125,0.016428324063731174,0.010949803149606299,0.013199393215616487,0.11594202898550725,0.1349206349206349,0.02297794117647059,0.33114014875767833,0.4140625,8
Stocks-DE.csv,359,0.1201171875,0.125,0.0186060145344313,0.01328740157480315,0.018402156100677403,0.10256410256410256,0.1746031746031746,0.02556818181818182,0.3279882592126364,0.484375,6
Stocks-DE.csv,360,0.1138916015625,0.109375,0.014504809371237357,0.011811023622047244,0.013544644630435913,0.11267605633802817,0.12698412698412698,0.02587890625,0.30372218954915237,0.4140625,7
Stocks-DE.csv,361,0.114501953125,0.109375,0.011572883686026691,0.01033464566929134,0.01041634374434878,0.1095890410958904,0.14285714285714285,0.01953125,0.26505682520359136,0.4296875,7
Stocks-DE.csv,362,0.1134033203125,0.109375,0.013282125107600906,0.012795275590551181,0.011832790392268297,0.0975609756097561,0.18253968253968253,0.021739130434782608,0.28591711617025967,0.515625,7
Stocks-DE.csv,363,0.1123046875,0.109375,0.012313984582928214,0.009965551181102362,0.010498847860080297,0.11428571428571428,0.10317460317460317,0.021033653846153848,0.2719338443494769,0.3984375,7
Stocks-DE.csv,364,0.11376953125,0.109375,0.013237736046607381,0.010703740157480315,0.011039977497133147,0.1095890410958904,0.1349206349206349,0.022058823529411766,0.2938898917254952,0.4140625,6
Stocks-DE.csv,365,0.1162109375,0.109375,0.013210692635223323,0.012918307086614173,0.011942296650954488,0.0975609756097561,0.20634920634920634,0.021634615384615384,0.2801325055463797,0.515625,8
Stocks-DE.csv,366,0.120361328125,0.109375,0.021604721086745923,0.013041338582677165,0.017291068986969353,0.10256410256410256,0.1746031746031746,0.0234375,0.36588416861776424,0.484375,6
Stocks-DE.csv,367,0.126953125,0.125,0.02157297073669387,0.013533464566929134,0.019934899268943325,0.1095890410958904,0.15079365079365079,0.026726973684210526,0.3451867489124763,0.4296875,7
Stocks-DE.csv,368,0.1292724609375,0.125,0.01653996427921926,0.013533464566929134,0.015608037633994135,0.10126582278481013,0.1746031746031746,0.02521306818181818,0.2873607564869261,0.453125,8
Stocks-DE.csv,369,0.12744140625,0.125,0.01272345138749549,0.012672244094488189,0.011218151870132748,0.0975609756097561,0.16666666666666666,0.021577380952380952,0.28526992402754164,0.5078125,6
Stocks-DE.csv,370,0.1165771484375,0.109375,0.016561572210848637,0.012549212598425197,0.015193268990192509,0.10126582278481013,0.15079365079365079,0.023026315789473683,0.30093447714679894,0.4609375,5
Stocks-DE.csv,371,0.1173095703125,0.1171875,0.013531096318806031,0.011318897637795276,0.012035725493499598,0.1111111111111111,0.16666666666666666,0.020461309523809524,0.2880653278930827,0.46875,9
Stocks-DE.csv,372,0.1204833984375,0.125,0.013968919279365711,0.010211614173228346,0.012459634745248197,0.12121212121212122,0.11904761904761904,0.0203125,0.2890975557606648,0.375,10
Stocks-DE.csv,373,0.1141357421875,0.109375,0.014293698651113546,0.010211614173228346,0.012304379859750239,0.12903225806451613,0.0873015873015873,0.0234375,0.2994957340248547,0.3671875,7
Stocks-DE.csv,374,0.12255859375,0.125,0.014277530778528755,0.010826771653543307,0.011519059941678563,0.11267605633802817,0.12698412698412698,0.02099609375,0.30213652567706717,0.4375,8
Stocks-DE.csv,375,0.116455078125,0.109375,0.012484636401899996,0.010457677165354331,0.010385782278742746,0.1095890410958904,0.14285714285714285,0.01953125,0.28506848345862545,0.4375,7
Stocks-DE.csv,376,0.115234375,0.109375,0.013671875,0.01218011811023622,0.012231583190587179,0.1038961038961039,0.12698412698412698,0.021484375,0.29690253540725736,0.484375,8
Stocks-DE.csv,377,0.11376953125,0.109375,0.013381044537153048,0.010580708661417323,0.010718578501291588,0.10810810810810811,0.11904761904761904,0.020833333333333332,0.27157818237676384,0.4140625,7
Stocks-DE.csv,378,0.1123046875,0.109375,0.019506820659607595,0.011687992125984252,0.020562093126049875,0.11764705882352941,0.09523809523809523,0.02734375,0.26712742543364404,0.390625,8
Stocks-DE.csv,379,0.106201171875,0.109375,0.014792182089551865,0.01328740157480315,0.015818042273253112,0.1038961038961039,0.15873015873015872,0.02421875,0.30247756544768145,0.4921875,6
Stocks-DE.csv,380,0.108642578125,0.109375,0.016556622883970678,0.01328740157480315,0.013736619428626758,0.09876543209876543,0.1746031746031746,0.022372159090909092,0.33258056184644874,0.46875,7
Stocks-DE.csv,381,0.1103515625,0.109375,0.013913873875756842,0.014271653543307087,0.01255885842044769,0.09523809523809523,0.1984126984126984,0.0234375,0.30672329173507945,0.546875,6
Stocks-DE.csv,382,0.10888671875,0.109375,0.012798185959063629,0.012549212598425197,0.011270652057675978,0.09876543209876543,0.18253968253968253,0.021059782608695652,0.2880253807228525,0.4765625,8
Stocks-DE.csv,383,0.10888671875,0.109375,0.0139395531480666,0.010826771653543307,0.01028472664567242,0.1038961038961039,0.1349206349206349,0.01838235294117647,0.3119703280432542,0.484375,8
Stocks-DE.csv,384,0.103515625,0.109375,0.016223874732261865,0.012057086614173228,0.014698016262862285,0.12121212121212122,0.14285714285714285,0.025173611111111112,0.3183983057798358,0.4375,5
Stocks-DE.csv,385,0.10595703125,0.109375,0.014075718071679271,0.01218011811023622,0.012993663786942349,0.10526315789473684,0.14285714285714285,0.022135416666666668,0.30063291263025715,0.4765625,8
Stocks-DE.csv,386,0.1162109375,0.109375,0.01870824615299611,0.01390255905511811,0.01982525725291223,0.10666666666666667,0.19047619047619047,0.026692708333333332,0.31231860855547056,0.53125,11
Stocks-DE.csv,387,0.119873046875,0.109375,0.01894726300767944,0.012549212598425197,0.013159194839685966,0.10126582278481013,0.16666666666666666,0.022321428571428572,0.36136708009371965,0.4765625,5
Stocks-DE.csv,388,0.1207275390625,0.125,0.01261465419221229,0.01156496062992126,0.010777727590096361,0.1,0.15873015873015872,0.019140625,0.2821743806382275,0.46875,6
Stocks-DE.csv,389,0.1195068359375,0.125,0.013187549138994554,0.010088582677165354,0.011353614168365478,0.12307692307692308,0.09523809523809523,0.0234375,0.2969420447435009,0.4140625,7
Stocks-DE.csv,390,0.11328125,0.109375,0.015378921628929319,0.01390255905511811,0.013040177856531606,0.09411764705882353,0.18253968253968253,0.022418478260869564,0.31163814379013394,0.515625,8
Stocks-DE.csv,391,0.1141357421875,0.109375,0.013610155575919042,0.011687992125984252,0.010553492280515418,0.1,0.15079365079365079,0.020148026315789474,0.30267215666940744,0.484375,7
Stocks-DE.csv,392,0.11474609375,0.109375,0.01272345138749549,0.009596456692913386,0.011772513497938673,0.13114754098360656,0.09523809523809523,0.021484375,0.2886481059601686,0.3359375,9
Stocks-DE.csv,393,0.082763671875,0.078125,0.026947418935745666,0.01328740157480315,0.024021092247767252,0.11428571428571428,0.15079365079365079,0.027549342105263157,0.3472372670859711,0.4296875,7
Stocks-DE.csv,394,0.076416015625,0.078125,0.013704533399107606,0.009350393700787402,0.011807178261820948,0.125,0.07936507936507936,0.02421875,0.29038615355225467,0.3828125,11
Stocks-DE.csv,395,0.076171875,0.078125,0.013389950391408289,0.010580708661417323,0.010718578501291588,0.1095890410958904,0.15079365079365079,0.019325657894736843,0.2892434474051548,0.4609375,8
Stocks-DE.csv,396,0.07373046875,0.078125,0.012187484349949887,0.010211614173228346,0.011662710950939053,0.11940298507462686,0.1111111111111111,0.020089285714285716,0.27228048592065257,0.4609375,7
Stocks-DE.csv,397,0.08203125,0.078125,0.015254393898255184,0.012795275590551181,0.013643743602508035,0.1038961038961039,0.21428571428571427,0.022858796296296297,0.3165146983153351,0.5,9
Stocks-DE.csv,398,0.07373046875,0.078125,0.012496566300849343,0.009350393700787402,0.010786150981448665,0.12121212121212122,0.1111111111111111,0.018973214285714284,0.27702422228972773,0.4609375,11
Stocks-DE.csv,399,0.0736083984375,0.078125,0.012977974609855733,0.010826771653543307,0.010284726645672418,0.10666666666666667,0.15079365079365079,0.018092105263157895,0.2782198870958799,0.5234375,9
Stocks-DE.csv,400,0.0697021484375,0.0625,0.012792945454117625,0.008489173228346457,0.009951111099355895,0.12903225806451613,0.15079365079365079,0.018092105263157895,0.2828674546203478,0.4296875,5
Stocks-DE.csv,401,0.0792236328125,0.078125,0.01865041033725494,0.011687992125984252,0.01697745490070434,0.11267605633802817,0.1349206349206349,0.022058823529411766,0.2803362024814999,0.4375,5
Stocks-DE.csv,402,0.0771484375,0.078125,0.011840191067365372,0.012303149606299213,0.011867279086405025,0.10256410256410256,0.16666666666666666,0.022321428571428572,0.27409971020722,0.515625,4
Stocks-DE.csv,403,0.0845947265625,0.078125,0.019968479471060622,0.012918307086614173,0.014554163178789492,0.10526315789473684,0.1349206349206349,0.02389705882352941,0.3917773219828482,0.4765625,8
Stocks-DE.csv,404,0.0897216796875,0.09375,0.014117472541772922,0.009473425196850394,0.010404711866075764,0.11764705882352941,0.1349206349206349,0.01884191176470588,0.30268552897822326,0.4140625,8
Stocks-DE.csv,405,0.08642578125,0.09375,0.012496566300849343,0.010703740157480315,0.011550554354363765,0.11428571428571428,0.1111111111111111,0.018973214285714284,0.2747209845937349,0.4453125,5
Stocks-DE.csv,406,0.083251953125,0.078125,0.012674167336345127,0.01156496062992126,0.01130015994409945,0.1038961038961039,0.1349206349206349,0.02022058823529412,0.28534598001878797,0.453125,3
Stocks-DE.csv,407,0.08544921875,0.09375,0.012798185959063629,0.009965551181102362,0.011545311251799308,0.12307692307692308,0.07936507936507936,0.02109375,0.28223470551808233,0.4140625,4
Stocks-DE.csv,408,0.0809326171875,0.078125,0.014277008929416626,0.012549212598425197,0.011933420918289514,0.09876543209876543,0.15873015873015872,0.020703125,0.3087130102928528,0.53125,7
Stocks-DE.csv,409,0.12060546875,0.125,0.02903118456288037,0.012426181102362205,0.022895100320455858,0.11267605633802817,0.14285714285714285,0.028211805555555556,0.3957657399505518,0.4375,9
Stocks-DE.csv,410,0.1348876953125,0.140625,0.014599017383221483,0.011318897637795276,0.014231293052087835,0.11764705882352941,0.14285714285714285,0.024305555555555556,0.3042296886292994,0.4296875,6
Stocks-DE.csv,411,0.135986328125,0.140625,0.012560791962311094,0.008858267716535433,0.01048442041357761,0.12698412698412698,0.15079365079365079,0.019325657894736843,0.2611415347928313,0.40625,11
Stocks-DE.csv,412,0.1336669921875,0.125,0.014459536393359106,0.011318897637795276,0.012351038687447016,0.10666666666666667,0.15873015873015872,0.021484375,0.2914060548756939,0.4609375,10
Stocks-DE.csv,413,0.140869140625,0.140625,0.014613809983376157,0.012057086614173228,0.013891122220740595,0.10666666666666667,0.15873015873015872,0.021875,0.3012815576752324,0.421875,8
Stocks-DE.csv,414,0.139404296875,0.140625,0.014166468824613289,0.011687992125984252,0.01073410143267088,0.10126582278481013,0.12698412698412698,0.02099609375,0.3147160467732833,0.5,8
Stocks-DE.csv,415,0.136962890625,0.140625,0.013316298968061175,0.010703740157480315,0.011039977497133147,0.1095890410958904,0.1111111111111111,0.01953125,0.2895138416927013,0.4453125,10
Stocks-DE.csv,416,0.134521484375,0.1328125,0.015032006131701312,0.012303149606299213,0.013245184830055889,0.10126582278481013,0.15079365079365079,0.0234375,0.2988208749013384,0.5078125,7
Stocks-DE.csv,417,0.1268310546875,0.125,0.02340664421941336,0.011687992125984252,0.022525182069578382,0.11764705882352941,0.1349206349206349,0.024816176470588234,0.3240584066815448,0.4375,7
Stocks-DE.csv,418,0.11474609375,0.109375,0.013309583174256847,0.009965551181102362,0.010498847860080297,0.11267605633802817,0.12698412698412698,0.01806640625,0.287566881840206,0.46875,11
Stocks-DE.csv,419,0.1180419921875,0.125,0.014193265944793202,0.011195866141732283,0.01284250821919281,0.11267605633802817,0.1349206349206349,0.021139705882352942,0.2911586018032724,0.4453125,6
Stocks-DE.csv,420,0.1109619140625,0.109375,0.012014472459696357,0.009227362204724409,0.010979484014430657,0.12307692307692308,0.11904761904761904,0.0203125,0.24640588007883765,0.3984375,9
Stocks-DE.csv,421,0.1112060546875,0.109375,0.013896191849246748,0.010211614173228346,0.011496699199039052,0.11594202898550725,0.11904761904761904,0.019270833333333334,0.291117702495262,0.4140625,8
Stocks-DE.csv,422,0.1162109375,0.109375,0.015594452561202453,0.01107283464566929,0.014154504939241787,0.125,0.11904761904761904,0.026041666666666668,0.3053222918164317,0.390625,7
Stocks-DE.csv,423,0.1151123046875,0.109375,0.013228164494719327,0.01156496062992126,0.011799483781849748,0.10810810810810811,0.1746031746031746,0.022017045454545456,0.28954001942607294,0.4453125,6
Stocks-DE.csv,424,0.110107421875,0.109375,0.014200088495327995,0.011934055118110236,0.012925921078258658,0.1095890410958904,0.14285714285714285,0.023003472222222224,0.3120155639593593,0.4453125,7
Stocks-DE.csv,425,0.1104736328125,0.109375,0.012834809581680044,0.011318897637795276,0.01137891695843687,0.1038961038961039,0.15079365079365079,0.020970394736842105,0.2894054909352148,0.4921875,8
Stocks-DE.csv,426,0.117431640625,0.109375,0.01982055028788554,0.011934055118110236,0.019554655553898376,0.11428571428571428,0.12698412698412698,0.0283203125,0.3260030083972045,0.4609375,9
Stocks-DE.csv,427,0.126220703125,0.125,0.011817515928008738,0.010088582677165354,0.011009772303738726,0.11940298507462686,0.12698412698412698,0.0185546875,0.26104420973990267,0.40625,8
Stocks-DE.csv,428,0.12744140625,0.125,0.013019816040989632,0.009350393700787402,0.011476932952774457,0.12307692307692308,0.15873015873015872,0.01875,0.25509533939860224,0.390625,6
Stocks-DE.csv,429,0.1331787109375,0.125,0.014997767441227057,0.011934055118110236,0.012624973949178444,0.10526315789473684,0.15873015873015872,0.021484375,0.3110630036484812,0.4609375,8
Stocks-DE.csv,430,0.12548828125,0.125,0.010686556947382466,0.009596456692913386,0.009615365985521622,0.11428571428571428,0.14285714285714285,0.017795138888888888,0.23704763772802082,0.421875,7
Stocks-DE.csv,431,0.1241455078125,0.125,0.010206567390959067,0.008489173228346457,0.01014245267988432,0.12903225806451613,0.10317460317460317,0.019230769230769232,0.22411698819667505,0.3671875,11
Stocks-DE.csv,432,0.1177978515625,0.125,0.027957832720425214,0.012918307086614173,0.024576138010997967,0.11764705882352941,0.1349206349206349,0.02803308823529412,0.38421460018914516,0.3515625,10
Stocks-DE.csv,433,0.0797119140625,0.078125,0.013367117261228289,0.010211614173228346,0.01115726776452228,0.1095890410958904,0.1746031746031746,0.018821022727272728,0.2910394376675831,0.4921875,9
Stocks-DE.csv,434,0.0821533203125,0.078125,0.014117472541772922,0.009965551181102362,0.011873654888233059,0.11428571428571428,0.16666666666666666,0.01711309523809524,0.2960036475930266,0.4375,8
Stocks-DE.csv,435,0.07666015625,0.078125,0.013593174713940483,0.009473425196850394,0.01076789197196902,0.11940298507462686,0.1111111111111111,0.020089285714285716,0.2879543736437509,0.4375,10
Stocks-DE.csv,436,0.079345703125,0.078125,0.012598697116641277,0.010088582677165354,0.010833759824188638,0.11594202898550725,0.1349206349206349,0.01884191176470588,0.28444201737084024,0.4609375,7
Stocks-DE.csv,437,0.079833984375,0.078125,0.0103781305209142,0.008735236220472441,0.008911082166452667,0.11940298507462686,0.1349206349206349,0.017922794117647058,0.23978365635156726,0.3828125,6
Stocks-DE.csv,438,0.0762939453125,0.078125,0.011819407184470877,0.010826771653543307,0.011007022266902084,0.10810810810810811,0.1349206349206349,0.021139705882352942,0.26489068419207107,0.5078125,8
Stocks-DE.csv,439,0.07371323529411765,0.078125,0.014100594787327293,0.013020833333333334,0.012254218074405212,0.14285714285714285,0.18072289156626506,0.022395833333333334,0.2999423766750622,0.5411764705882353,8
Air-pressure.csv,440,0.1688232421875,0.171875,0.019340730323572523,0.008981299212598425,0.013516677132846742,0.12698412698412698,0.10317460317460317,0.016826923076923076,0.3558371555842446,0.4140625,10
Air-pressure.csv,441,0.1590576171875,0.15625,0.01805279193007669,0.008735236220472441,0.01705484591649949,0.1509433962264151,0.07142857142857142,0.027777777777777776,0.3016957245382664,0.3203125,11
Air-pressure.csv,442,0.1549072265625,0.15625,0.015132288130545788,0.010580708661417323,0.010896451685769947,0.10526315789473684,0.18253968253968253,0.017323369565217392,0.3125364708294516,0.515625,6
Air-pressure.csv,443,0.15625,0.15625,0.013389950391408289,0.010580708661417323,0.010896451685769946,0.10526315789473684,0.15873015873015872,0.017578125,0.28838784880736384,0.5078125,6
Air-pressure.csv,444,0.1512451171875,0.15625,0.013237173205728427,0.010457677165354331,0.009414924443754417,0.1038961038961039,0.0873015873015873,0.018465909090909092,0.29672242210110417,0.4375,8
Air-pressure.csv,445,0.15087890625,0.15625,0.012872486646937567,0.010457677165354331,0.010926970133452014,0.1111111111111111,0.15873015873015872,0.01953125,0.27368201352323573,0.46875,8
Air-pressure.csv,446,0.1650390625,0.171875,0.014970419645269425,0.006889763779527559,0.011374925522958873,0.16326530612244897,0.1111111111111111,0.016741071428571428,0.3009129547736207,0.3359375,14
Air-pressure.csv,447,0.1630859375,0.15625,0.017332264989549657,0.009227362204724409,0.014051468046524846,0.12903225806451613,0.14285714285714285,0.019097222222222224,0.31687961962985867,0.421875,10
Air-pressure.csv,448,0.1600341796875,0.15625,0.01688590297983128,0.008366141732283465,0.009154072459516875,0.12698412698412698,0.10317460317460317,0.018028846153846152,0.3494538554334386,0.390625,9
Air-pressure.csv,449,0.1492919921875,0.140625,0.016083197976895062,0.012303149606299213,0.015517583686444462,0.10126582278481013,0.15079365079365079,0.021792763157894735,0.29245107906267986,0.5078125,8
Air-pressure.csv,450,0.178955078125,0.1796875,0.012934845877880474,0.008243110236220472,0.009571186190342876,0.13333333333333333,0.09523809523809523,0.018880208333333332,0.2914243799128066,0.375,12
Air-pressure.csv,451,0.1561279296875,0.15625,0.012274593306134165,0.008981299212598425,0.00909601397109966,0.11764705882352941,0.11904761904761904,0.0171875,0.28160013232643955,0.40625,9
Air-pressure.csv,452,0.166748046875,0.171875,0.01646999509328411,0.009104330708661417,0.010994638588951234,0.12903225806451613,0.0873015873015873,0.01775568181818182,0.3348230846378852,0.421875,9
Air-pressure.csv,453,0.159423828125,0.15625,0.013997159260961097,0.009719488188976378,0.012234057967181175,0.11267605633802817,0.11904761904761904,0.016145833333333335,0.2921901624819348,0.4921875,8
Air-pressure.csv,454,0.159423828125,0.15625,0.013441044539551566,0.00812007874015748,0.008513210576774701,0.125,0.11904761904761904,0.015625,0.30398112954288836,0.4296875,9
Air-pressure.csv,455,0.14697265625,0.140625,0.013019816040989632,0.009719488188976378,0.010904783369173405,0.12121212121212122,0.12698412698412698,0.01953125,0.2843046123667753,0.4140625,9
Air-pressure.csv,456,0.15869140625,0.15625,0.018980265357008603,0.008981299212598425,0.011181661188485981,0.12698412698412698,0.10317460317460317,0.017427884615384616,0.36594040310353976,0.4140625,8
Air-pressure.csv,457,0.152587890625,0.140625,0.01938267463533573,0.006889763779527559,0.01422810182140486,0.16666666666666666,0.06349206349206349,0.0166015625,0.33657451316048087,0.2890625,12
Air-pressure.csv,458,0.1527099609375,0.15625,0.01648220463788254,0.011441929133858268,0.01292474998687883,0.10256410256410256,0.16666666666666666,0.017857142857142856,0.3027343476836735,0.5,9
Air-pressure.csv,459,0.1566162109375,0.15625,0.020620490650477812,0.011195866141732283,0.012229107913178335,0.10526315789473684,0.1746031746031746,0.018465909090909092,0.37641199214074206,0.4765625,8
Air-pressure.csv,460,0.1640625,0.15625,0.02001357571476484,0.0072588582677165355,0.0087239655025767,0.14285714285714285,0.07142857142857142,0.016493055555555556,0.38042705737693333,0.3125,9
Air-pressure.csv,461,0.145263671875,0.140625,0.014267090169616192,0.008243110236220472,0.012217962959091739,0.14285714285714285,0.07142857142857142,0.018229166666666668,0.26162185464696397,0.328125,13
Air-pressure.csv,462,0.1527099609375,0.15625,0.012690029512255344,0.00812007874015748,0.011408144814299834,0.13559322033898305,0.09523809523809523,0.017578125,0.2263436737540628,0.375,15
Air-pressure.csv,463,0.150146484375,0.15625,0.010192688352123096,0.006889763779527559,0.007757816324032706,0.14035087719298245,0.05555555555555555,0.015625,0.2372200670893455,0.3359375,14
Air-pressure.csv,464,0.1478271484375,0.140625,0.014205858863450629,0.006643700787401575,0.00950930800144664,0.16,0.07936507936507936,0.01640625,0.2980200207652072,0.3515625,10
Air-pressure.csv,465,0.1519775390625,0.15625,0.017976692766217432,0.009350393700787402,0.013044820141426461,0.12698412698412698,0.1111111111111111,0.018415178571428572,0.3510788563893958,0.359375,14
Air-pressure.csv,466,0.150634765625,0.15625,0.015221144971451503,0.01156496062992126,0.013894390848313357,0.10256410256410256,0.16666666666666666,0.018601190476190476,0.2922009066225662,0.515625,13
Air-pressure.csv,467,0.159423828125,0.15625,0.016614123809422933,0.00812007874015748,0.012221679073019328,0.14814814814814814,0.09523809523809523,0.021484375,0.3199191487558357,0.3203125,16
Air-pressure.csv,468,0.16650390625,0.171875,0.01272345138749549,0.007997047244094488,0.009579090383770543,0.13559322033898305,0.1111111111111111,0.017299107142857144,0.2836586637650818,0.3515625,13
Air-pressure.csv,469,0.1534423828125,0.15625,0.013451572412803349,0.009350393700787402,0.00860517148132171,0.1095890410958904,0.12698412698412698,0.0166015625,0.2980887734181947,0.46875,10
Air-pressure.csv,470,0.1639404296875,0.15625,0.020669571659538716,0.010580708661417323,0.011580656127706788,0.11428571428571428,0.14285714285714285,0.020399305555555556,0.3835710556315998,0.4453125,10
Air-pressure.csv,471,0.158203125,0.15625,0.016457323775735076,0.009473425196850394,0.010767891971969012,0.11594202898550725,0.15079365079365079,0.017269736842105265,0.32635109331137685,0.46875,9
Air-pressure.csv,472,0.1549072265625,0.15625,0.018115415340866654,0.009227362204724409,0.012910688604670201,0.12698412698412698,0.1111111111111111,0.018415178571428572,0.3524682129344792,0.3984375,13
Air-pressure.csv,473,0.1475830078125,0.140625,0.012628821332877882,0.009227362204724409,0.00987322964947779,0.12121212121212122,0.09523809523809523,0.018880208333333332,0.28684671253878086,0.46875,11
Air-pressure.csv,474,0.1619873046875,0.1640625,0.018098956503742228,0.010088582677165354,0.012635759917783233,0.11267605633802817,0.1349206349206349,0.017463235294117647,0.34927223553610715,0.4296875,8
Air-pressure.csv,475,0.165283203125,0.171875,0.016059554724310237,0.008366141732283465,0.012213006381622434,0.14285714285714285,0.0873015873015873,0.018465909090909092,0.324524207099784,0.3359375,13
Air-pressure.csv,476,0.1591796875,0.15625,0.013354291339040375,0.007627952755905512,0.00916894236411748,0.13793103448275862,0.09523809523809523,0.017578125,0.2933781570028498,0.359375,16
Air-pressure.csv,477,0.1676025390625,0.171875,0.017438119063788077,0.011318897637795276,0.01171192638514002,0.1,0.15079365079365079,0.018092105263157895,0.3410317497688992,0.4765625,11
Air-pressure.csv,478,0.1614990234375,0.15625,0.010386024546584856,0.008489173228346457,0.008933137234582347,0.12307692307692308,0.1349206349206349,0.017003676470588234,0.24103922183633478,0.4453125,10
Air-pressure.csv,479,0.1484375,0.140625,0.014084184669781208,0.010088582677165354,0.0115216877642157,0.11764705882352941,0.1349206349206349,0.02022058823529412,0.29790403025627565,0.4375,8
Air-pressure.csv,480,0.15087890625,0.15625,0.017407757294898327,0.009104330708661417,0.011338939377454692,0.13114754098360656,0.0873015873015873,0.019886363636363636,0.3345365365724627,0.34375,15
Air-pressure.csv,481,0.162109375,0.15625,0.016223874732261865,0.009350393700787402,0.01180717826182095,0.12121212121212122,0.12698412698412698,0.0185546875,0.30733232727454357,0.3828125,10
Air-pressure.csv,482,0.16162109375,0.15625,0.009850703614175789,0.009227362204724409,0.009676565995194725,0.11764705882352941,0.14285714285714285,0.017361111111111112,0.22969065028691527,0.46875,7
Air-pressure.csv,483,0.1446533203125,0.140625,0.012694725609931961,0.0073818897637795275,0.008278840473061376,0.13559322033898305,0.09523809523809523,0.016276041666666668,0.28832449416814354,0.359375,9
Air-pressure.csv,484,0.153564453125,0.15625,0.012057185766470455,0.008243110236220472,0.00850787481280535,0.12307692307692308,0.0873015873015873,0.016335227272727272,0.27188411067561574,0.4296875,11
Air-pressure.csv,485,0.1644287109375,0.171875,0.014611260603529573,0.009104330708661417,0.01063920153008291,0.11940298507462686,0.09523809523809523,0.018229166666666668,0.29513750317313936,0.4296875,10
Air-pressure.csv,486,0.1488037109375,0.140625,0.015620707876061679,0.008366141732283465,0.011398853171161903,0.13114754098360656,0.09523809523809523,0.016927083333333332,0.3129571376113361,0.4296875,7
Air-pressure.csv,487,0.15185546875,0.15625,0.01701994634563806,0.010703740157480315,0.012354714774245268,0.1038961038961039,0.15873015873015872,0.016796875,0.32788162802553494,0.46875,12
Air-pressure.csv,488,0.1741943359375,0.171875,0.014757386992556762,0.009596456692913386,0.011100141307716504,0.12307692307692308,0.12698412698412698,0.01953125,0.30652093816904064,0.4609375,13
Air-pressure.csv,489,0.166748046875,0.171875,0.01563834574094804,0.011934055118110236,0.010459848084071,0.09876543209876543,0.15873015873015872,0.01875,0.3350757889016989,0.4609375,7
Air-pressure.csv,490,0.16357421875,0.15625,0.014737683860143135,0.010949803149606299,0.012603374320101288,0.11267605633802817,0.12698412698412698,0.0205078125,0.30803685706583317,0.40625,7
Air-pressure.csv,491,0.1573486328125,0.15625,0.014243570818240623,0.008735236220472441,0.010311184468384327,0.13333333333333333,0.09523809523809523,0.018229166666666668,0.30780148023895254,0.3984375,10
Air-pressure.csv,492,0.1507568359375,0.1484375,0.019685895945280113,0.011811023622047244,0.012357164891230035,0.10526315789473684,0.15873015873015872,0.01953125,0.3872660642743478,0.4921875,8
Air-pressure.csv,493,0.1533203125,0.15625,0.017766997459629154,0.012918307086614173,0.011280049303594586,0.09302325581395349,0.15079365079365079,0.016858552631578948,0.35370456335349215,0.4765625,8
Air-pressure.csv,494,0.148193359375,0.140625,0.020852239295492334,0.012303149606299213,0.01845964501329825,0.11594202898550725,0.1349206349206349,0.02389705882352941,0.37429736538284764,0.4140625,8
Air-pressure.csv,495,0.150634765625,0.15625,0.015221144971451503,0.010949803149606299,0.01181614882238482,0.1038961038961039,0.12698412698412698,0.01708984375,0.3090660163486582,0.4609375,9
Air-pressure.csv,496,0.14111328125,0.140625,0.011378105661846723,0.008489173228346457,0.009556942168276785,0.12698412698412698,0.09523809523809523,0.020182291666666668,0.26127155258571744,0.3671875,7
Air-pressure.csv,497,0.144775390625,0.140625,0.016163141960972103,0.007504921259842519,0.009774618142736816,0.14285714285714285,0.10317460317460317,0.017427884615384616,0.32314920356585713,0.3984375,9
Air-pressure.csv,498,0.1629638671875,0.171875,0.018079186120703784,0.007135826771653544,0.011724843480038823,0.16326530612244897,0.11904761904761904,0.018229166666666668,0.33739978452321595,0.296875,12
Air-pressure.csv,499,0.1597900390625,0.15625,0.014643859147801908,0.008243110236220472,0.011736456710346283,0.13793103448275862,0.09523809523809523,0.016927083333333332,0.26881086642446644,0.3828125,12
Air-pressure.csv,500,0.153076171875,0.15625,0.013008366020270723,0.008366141732283465,0.010149912012127395,0.13793103448275862,0.09523809523809523,0.020182291666666668,0.29062308565799094,0.390625,10
Air-pressure.csv,501,0.1563720703125,0.15625,0.016282093194664612,0.010211614173228346,0.011987839472944677,0.1111111111111111,0.14285714285714285,0.018229166666666668,0.3282265533136629,0.421875,9
Air-pressure.csv,502,0.1690673828125,0.171875,0.011949804505540753,0.008489173228346457,0.009556942168276792,0.12903225806451613,0.0873015873015873,0.017045454545454544,0.2760402555651971,0.3515625,13
Air-pressure.csv,503,0.15966796875,0.15625,0.015859747821202846,0.00861220472440945,0.00934391611518087,0.125,0.10317460317460317,0.017427884615384616,0.3372040606780365,0.4453125,9
Air-pressure.csv,504,0.150390625,0.15625,0.010517900013934578,0.008489173228346457,0.009756017520471947,0.13114754098360656,0.07936507936507936,0.01796875,0.24378310233005773,0.375,11
Air-pressure.csv,505,0.1591796875,0.15625,0.013636953167743106,0.008735236220472441,0.011708048477726694,0.12903225806451613,0.09523809523809523,0.018229166666666668,0.2636686555153072,0.359375,11
Air-pressure.csv,506,0.1478271484375,0.140625,0.012941180419793776,0.010211614173228346,0.010983619153870906,0.1095890410958904,0.15873015873015872,0.017578125,0.25028276521971454,0.484375,7
Air-pressure.csv,507,0.1529541015625,0.15625,0.009295796564206994,0.008735236220472441,0.008911082166452665,0.11940298507462686,0.11904761904761904,0.0171875,0.2162431048855176,0.4453125,9
Air-pressure.csv,508,0.15966796875,0.15625,0.011037748589313784,0.007504921259842519,0.008284323754691155,0.13333333333333333,0.09523809523809523,0.016276041666666668,0.256355941296497,0.375,9
Air-pressure.csv,509,0.141845703125,0.140625,0.016059554724310237,0.008735236220472441,0.01154268880741527,0.13333333333333333,0.11904761904761904,0.018229166666666668,0.31696060257084674,0.3828125,8
Air-pressure.csv,510,0.15771484375,0.15625,0.018158548810338918,0.011441929133858268,0.012924749986878838,0.10810810810810811,0.14285714285714285,0.019097222222222224,0.3571781099487759,0.484375,11
Air-pressure.csv,511,0.151611328125,0.15625,0.013008366020270723,0.009596456692913386,0.009813256202071496,0.11594202898550725,0.11904761904761904,0.018229166666666668,0.2950798285091889,0.4296875,11
Air-pressure.csv,512,0.142822265625,0.140625,0.013352059486206365,0.009596456692913386,0.011772513497938673,0.13114754098360656,0.11904761904761904,0.022395833333333334,0.2958592866508292,0.40625,9
Air-pressure.csv,513,0.144287109375,0.140625,0.012879430360458964,0.00812007874015748,0.008953447538710753,0.12698412698412698,0.1349206349206349,0.016544117647058824,0.2661023869724179,0.40625,11
Air-pressure.csv,514,0.1552734375,0.15625,0.014451805260692131,0.007750984251968504,0.011412124631205911,0.14285714285714285,0.09523809523809523,0.016927083333333332,0.2784316453391777,0.3515625,17
Air-pressure.csv,515,0.1595458984375,0.15625,0.015210862232525563,0.009596456692913386,0.011271995001029888,0.11940298507462686,0.10317460317460317,0.017427884615384616,0.30435656531931965,0.4375,11
Air-pressure.csv,516,0.162841796875,0.15625,0.015079513248713143,0.009350393700787402,0.010423607076759414,0.125,0.1111111111111111,0.020647321428571428,0.3205508546010992,0.40625,8
Air-pressure.csv,517,0.1666259765625,0.171875,0.018350785863819653,0.008735236220472441,0.010856091741366028,0.12698412698412698,0.10317460317460317,0.017427884615384616,0.3551560486078293,0.359375,13
Air-pressure.csv,518,0.1536865234375,0.15625,0.01607949153034544,0.010457677165354331,0.014680498376981798,0.12698412698412698,0.09523809523809523,0.022786458333333332,0.29496025527005276,0.390625,10
Air-pressure.csv,519,0.159423828125,0.15625,0.012711734420844544,0.010580708661417323,0.009780810489346353,0.1038961038961039,0.15873015873015872,0.018359375,0.2870135369278762,0.5,10
Air-pressure.csv,520,0.155517578125,0.15625,0.02120372220957376,0.01218011811023622,0.014921849018659051,0.10810810810810811,0.1349206349206349,0.0234375,0.3943224381734709,0.4453125,10
Air-pressure.csv,521,0.1514892578125,0.15625,0.01402427989586614,0.007750984251968504,0.009170593087393809,0.13793103448275862,0.09523809523809523,0.016927083333333332,0.3062038278392168,0.375,11
Air-pressure.csv,522,0.1507568359375,0.15625,0.01664056124249633,0.009104330708661417,0.012469349861535368,0.12307692307692308,0.11904761904761904,0.017708333333333333,0.3222870355423826,0.4453125,10
Air-pressure.csv,523,0.1607666015625,0.15625,0.01489407891387749,0.009473425196850394,0.011459774628144685,0.11594202898550725,0.11904761904761904,0.016145833333333335,0.3102367729373276,0.453125,9
Air-pressure.csv,524,0.155517578125,0.15625,0.011857797309161026,0.008858267716535433,0.009523623267895489,0.12121212121212122,0.09523809523809523,0.017578125,0.25279087146464724,0.453125,13
Air-pressure.csv,525,0.1639404296875,0.15625,0.01746885457289075,0.012057086614173228,0.016659754802963354,0.1095890410958904,0.1746031746031746,0.022372159090909092,0.30918106705965237,0.5,8
Air-pressure.csv,526,0.1695556640625,0.171875,0.014757386992556762,0.010088582677165354,0.013659266761566553,0.125,0.14285714285714285,0.019097222222222224,0.28497112472992014,0.4453125,12
Air-pressure.csv,527,0.158203125,0.15625,0.014615849167085708,0.009227362204724409,0.011153197006917201,0.12307692307692308,0.11904761904761904,0.016666666666666666,0.2958923715884105,0.4140625,10
Air-pressure.csv,528,0.144287109375,0.140625,0.011131848745291013,0.007750984251968504,0.008958517919979097,0.13559322033898305,0.0873015873015873,0.017045454545454544,0.25915969813716705,0.328125,10
Air-pressure.csv,529,0.1390380859375,0.140625,0.013367117261228289,0.008243110236220472,0.010886723329541796,0.13559322033898305,0.09523809523809523,0.017578125,0.24799458424877022,0.421875,7
Air-pressure.csv,530,0.155517578125,0.15625,0.01892207972622913,0.008858267716535433,0.01338388164711855,0.12698412698412698,0.09523809523809523,0.016276041666666668,0.3426056793368146,0.46875,11
Air-pressure.csv,531,0.15625,0.15625,0.01680141653719263,0.007997047244094488,0.011068732836065444,0.14285714285714285,0.07142857142857142,0.019097222222222224,0.32254487859739966,0.328125,14
Air-pressure.csv,532,0.166259765625,0.171875,0.012311564143674774,0.008489173228346457,0.010142452679884308,0.12903225806451613,0.15079365079365079,0.01768092105263158,0.2594928752484265,0.4140625,9
Air-pressure.csv,533,0.1655890804597701,0.171875,0.010178611577086747,0.008902616279069768,0.009393361885690819,0.17777777777777778,0.11764705882352941,0.01875,0.23716322384968078,0.4367816091954023,14
Food-price.csv,534,0.2684326171875,0.265625,0.11618112133506789,0.05585629921259842,0.09859759753588059,0.09302325581395349,0.1746031746031746,0.09836647727272728,0.6156477285036085,0.4375,3
Food-price.csv,535,0.2830810546875,0.28125,0.11356075925442874,0.06988188976377953,0.0894439822536398,0.07407407407407407,0.29365079365079366,0.07432432432432433,0.6521810552913625,0.65625,2
Food-price.csv,536,0.254150390625,0.28125,0.10746597771869436,0.10814468503937008,0.11127612210482624,0.06956521739130435,0.3888888888888889,0.12404336734693877,0.5762851265300547,0.828125,2
Food-price.csv,537,0.2369384765625,0.265625,0.10522935329992923,0.09744094488188976,0.11486095542607445,0.07476635514018691,0.30952380952380953,0.11698717948717949,0.5586803603306644,0.6953125,2
Food-price.csv,538,0.2425537109375,0.265625,0.09818149458927396,0.06656003937007875,0.0845469003503778,0.07920792079207921,0.2777777777777778,0.09977678571428572,0.5805600491701807,0.65625,2
Food-price.csv,539,0.2459716796875,0.25,0.12410024832563123,0.05376476377952756,0.10152044373235126,0.09876543209876543,0.18253968253968253,0.10801630434782608,0.5681013942193543,0.4921875,4
Food-price.csv,540,0.232666015625,0.25,0.07873866347806684,0.057455708661417325,0.08497032907271894,0.07766990291262135,0.2777777777777778,0.08236607142857143,0.5376357526712843,0.578125,2
Food-price.csv,541,0.2510986328125,0.25,0.12130122714998284,0.08464566929133858,0.11044089986565085,0.07920792079207921,0.24603174603174602,0.1003024193548387,0.613922335008214,0.59375,2
Food-price.csv,542,0.2811279296875,0.265625,0.08372270495167213,0.04232283464566929,0.07727416206132388,0.0898876404494382,0.1984126984126984,0.0778125,0.5789778893798955,0.5390625,3
Food-price.csv,543,0.2669677734375,0.296875,0.09882170464087511,0.11503444881889764,0.1123431843161597,0.06504065040650407,0.42857142857142855,0.1244212962962963,0.564049432248392,0.90625,2
Food-price.csv,544,0.2183837890625,0.25,0.10136445616936043,0.07418799212598425,0.10753994390889868,0.08333333333333333,0.23809523809523808,0.12994791666666666,0.5397845375004565,0.5859375,2
Food-price.csv,545,0.2606201171875,0.265625,0.13055195924639432,0.09350393700787402,0.11615124598195826,0.07339449541284404,0.3333333333333333,0.12295386904761904,0.6415278435931963,0.7265625,3
Food-price.csv,546,0.2716064453125,0.296875,0.09208981462399295,0.10765255905511811,0.10444323340589372,0.06557377049180328,0.4126984126984127,0.11012620192307693,0.573621331648271,0.859375,2
Food-price.csv,547,0.287841796875,0.296875,0.06895967933593507,0.07763287401574803,0.0771204363305272,0.06451612903225806,0.42857142857142855,0.07942708333333333,0.5777938483246338,0.875,2
Food-price.csv,548,0.2503662109375,0.265625,0.09267500624820019,0.06471456692913385,0.08640262927070677,0.08,0.2698412698412698,0.08455882352941177,0.5749589018818811,0.59375,2
Food-price.csv,549,0.3052978515625,0.328125,0.07629453124775001,0.0687746062992126,0.09532106830516075,0.07272727272727272,0.3492063492063492,0.083984375,0.5201742912020647,0.7578125,1
Food-price.csv,550,0.3077392578125,0.328125,0.07167086845840484,0.04502952755905512,0.067799843391781,0.0761904761904762,0.29365079365079366,0.060177364864864864,0.5357996361930305,0.671875,1
Food-price.csv,551,0.295166015625,0.28125,0.03868146064714505,0.023499015748031496,0.03142629992199453,0.09090909090909091,0.15079365079365079,0.05057565789473684,0.5231293764075586,0.40625,5
Food-price.csv,552,0.2261962890625,0.234375,0.0693280927491645,0.03407972440944882,0.049852811577363855,0.0851063829787234,0.1984126984126984,0.054375,0.6482496854555911,0.5234375,4
Food-price.csv,553,0.3072509765625,0.3125,0.05863531545726422,0.045275590551181105,0.06347161375452813,0.0851063829787234,0.1984126984126984,0.0571875,0.5529112407571651,0.4609375,2
Food-price.csv,554,0.314453125,0.328125,0.058658818037817216,0.03863188976377953,0.052277528979405345,0.07920792079207921,0.24603174603174602,0.05216733870967742,0.5492980013082106,0.5859375,2
Food-price.csv,555,0.3193359375,0.328125,0.06932218173406758,0.03986220472440945,0.062213561803714026,0.08247422680412371,0.20634920634920634,0.05739182692307692,0.5313275830707507,0.46875,4
Food-price.csv,556,0.3172607421875,0.3203125,0.05365083973557143,0.03986220472440945,0.047047282702682436,0.07476635514018691,0.24603174603174602,0.05065524193548387,0.5536696182650369,0.5546875,2
Food-price.csv,557,0.3104248046875,0.3125,0.06149618362587869,0.03481791338582677,0.05229084639879844,0.08080808080808081,0.23015873015873015,0.04525862068965517,0.5171712866557655,0.5546875,1
Food-price.csv,558,0.3380126953125,0.34375,0.032616081904330234,0.02386811023622047,0.022852086147892112,0.08247422680412371,0.18253968253968253,0.036684782608695655,0.5011882208026929,0.5703125,1
Food-price.csv,559,0.3216552734375,0.328125,0.058643447145348596,0.03727854330708662,0.05539205334756195,0.08163265306122448,0.23809523809523808,0.04401041666666667,0.5362575567647713,0.5546875,1
Food-price.csv,560,0.317626953125,0.328125,0.05175263001029202,0.04133858267716536,0.05428715097863418,0.07339449541284404,0.29365079365079366,0.04666385135135135,0.5436790256329879,0.65625,2
Food-price.csv,561,0.329833984375,0.328125,0.04257787301925151,0.02792814960629921,0.040736989854948585,0.08602150537634409,0.18253968253968253,0.042798913043478264,0.5150678688260537,0.453125,1
Food-price.csv,562,0.3348388671875,0.328125,0.031108296504502593,0.022268700787401573,0.025378508052086957,0.08602150537634409,0.23015873015873015,0.035829741379310345,0.48534913201494656,0.546875,1
Food-price.csv,563,0.3143310546875,0.328125,0.0885957197612867,0.05770177165354331,0.09126698289708518,0.07766990291262135,0.23809523809523808,0.05859375,0.5438071212724211,0.5703125,1
Food-price.csv,564,0.3223876953125,0.328125,0.045841100063588984,0.03407972440944882,0.03799183912216782,0.08333333333333333,0.23015873015873015,0.05091594827586207,0.5466624547810058,0.53125,2
Food-price.csv,565,0.316650390625,0.3125,0.05896640529125387,0.03986220472440945,0.05171861289654184,0.0784313725490196,0.23809523809523808,0.05364583333333333,0.5489172174062301,0.5,2
Food-price.csv,566,0.3126220703125,0.3203125,0.06345390502330013,0.043061023622047244,0.06346803644460179,0.0784313725490196,0.23015873015873015,0.04256465517241379,0.5390089792249168,0.59375,1
Food-price.csv,567,0.3336181640625,0.34375,0.05091590634271029,0.02878937007874016,0.05481215394127419,0.09523809523809523,0.18253968253968253,0.04857336956521739,0.5072751209802541,0.4765625,1
Food-price.csv,568,0.326416015625,0.328125,0.03310154354265078,0.028174212598425195,0.027383837324671884,0.07920792079207921,0.2619047619047619,0.04142992424242424,0.5126592801747404,0.578125,3
Food-price.csv,569,0.3182373046875,0.328125,0.06433082305461145,0.04072342519685039,0.06154403877021654,0.0761904761904762,0.1984126984126984,0.0603125,0.5434069863221754,0.5078125,2
Food-price.csv,570,0.313720703125,0.3125,0.04477768021681522,0.030388779527559057,0.043726577611930446,0.0851063829787234,0.20634920634920634,0.045072115384615384,0.5294093273681771,0.5703125,2
Food-price.csv,571,0.3419189453125,0.34375,0.03147023794677595,0.02312992125984252,0.023021688259308015,0.08163265306122448,0.19047619047619047,0.034505208333333336,0.49387998167054764,0.4921875,1
Food-price.csv,572,0.3323974609375,0.328125,0.03219487337267921,0.019808070866141732,0.024050690783924557,0.09090909090909091,0.1746031746031746,0.036576704545454544,0.4893472164776525,0.4921875,1
Food-price.csv,573,0.2608642578125,0.265625,0.0501599079354976,0.031496062992125984,0.04640033010772938,0.0784313725490196,0.25396825396825395,0.042724609375,0.5711006109194134,0.59375,3
Food-price.csv,574,0.2657470703125,0.265625,0.03604010984700406,0.031003937007874016,0.041916381119480144,0.08247422680412371,0.25396825396825395,0.045654296875,0.4745452622425737,0.5703125,2
Food-price.csv,575,0.27587890625,0.265625,0.04213671983637711,0.020915354330708662,0.022885181148792177,0.09090909090909091,0.23809523809523808,0.03515625,0.5363042158195053,0.53125,3
Food-price.csv,576,0.31005859375,0.328125,0.05487681726040456,0.021161417322834646,0.03236967780044438,0.09195402298850575,0.21428571428571427,0.03819444444444445,0.5395736938716015,0.4921875,6
Food-price.csv,577,0.279296875,0.28125,0.05920900934071921,0.042445866141732284,0.05507360319906931,0.07339449541284404,0.2777777777777778,0.055357142857142855,0.6023440945056763,0.6640625,2
Food-price.csv,578,0.264404296875,0.265625,0.04209921747961879,0.03518700787401575,0.04909712091347169,0.07272727272727272,0.2857142857142857,0.041449652777777776,0.48518355075804315,0.6640625,3
Food-price.csv,579,0.2657470703125,0.265625,0.042544787593521594,0.0344488188976378,0.05291756131804537,0.07476635514018691,0.30158730158730157,0.04564144736842105,0.4910972658774649,0.6640625,2
Food-price.csv,580,0.270751953125,0.265625,0.04539111979177125,0.039000984251968504,0.053872905845772555,0.07547169811320754,0.2698412698412698,0.04940257352941176,0.4899276714265624,0.609375,2
Food-price.csv,581,0.2532958984375,0.25,0.04857953688617896,0.03678641732283464,0.05160023669259044,0.08421052631578947,0.23015873015873015,0.06115301724137931,0.5128613520668216,0.5546875,3
Food-price.csv,582,0.244873046875,0.265625,0.0939351478835481,0.05548720472440945,0.0872216083617926,0.0784313725490196,0.23809523809523808,0.05651041666666667,0.5129244292319659,0.5625,2
Food-price.csv,583,0.2305908203125,0.25,0.09354115111471609,0.06016240157480315,0.08358340068941462,0.08333333333333333,0.20634920634920634,0.09134615384615384,0.5514188811599209,0.5390625,2
Food-price.csv,584,0.23876953125,0.25,0.07297313864863837,0.042445866141732284,0.07246732665632398,0.09523809523809523,0.14285714285714285,0.0763888888888889,0.4795927495690613,0.4609375,2
Food-price.csv,585,0.24462890625,0.265625,0.0880518811485803,0.06286909448818898,0.08969375781793788,0.08080808080808081,0.23015873015873015,0.08566810344827586,0.5001406816566849,0.5625,2
Food-price.csv,586,0.2255859375,0.25,0.08533055376453219,0.042568897637795276,0.06867494240074343,0.08888888888888889,0.2222222222222222,0.05161830357142857,0.4646956374820892,0.515625,2
Food-price.csv,587,0.2607421875,0.265625,0.06699958960564026,0.0359251968503937,0.05203752351243964,0.08163265306122448,0.21428571428571427,0.05092592592592592,0.5179950336560869,0.5546875,2
Food-price.csv,588,0.2840576171875,0.296875,0.06786747106310867,0.04207677165354331,0.05456914960301908,0.07476635514018691,0.23809523809523808,0.048177083333333336,0.5198586605732051,0.609375,2
Food-price.csv,589,0.2904052734375,0.296875,0.04689645276309467,0.03580216535433071,0.04694099014028796,0.07692307692307693,0.25396825396825395,0.044921875,0.5022734472767403,0.625,1
Food-price.csv,590,0.243896484375,0.265625,0.08392154206171012,0.05696358267716536,0.08635373783998045,0.08421052631578947,0.2222222222222222,0.07505580357142858,0.5481787496546633,0.609375,2
Food-price.csv,591,0.2484130859375,0.265625,0.07356931746531925,0.03789370078740158,0.06665332783811116,0.09090909090909091,0.19047619047619047,0.0517578125,0.5063846106093614,0.53125,2
Food-price.csv,592,0.22119140625,0.265625,0.10136394164781594,0.05204232283464567,0.08573997786476331,0.09195402298850575,0.23015873015873015,0.08270474137931035,0.46646636672647857,0.5078125,2
Food-price.csv,593,0.259033203125,0.265625,0.06956551382659902,0.056840551181102365,0.0858433694242348,0.0784313725490196,0.2222222222222222,0.06668526785714286,0.518689871823451,0.59375,2
Food-price.csv,594,0.2586669921875,0.28125,0.08868582527563383,0.06348425196850394,0.08914088257854197,0.07920792079207921,0.2222222222222222,0.064453125,0.5825730242376282,0.5390625,2
Food-price.csv,595,0.25,0.25,0.06070418073406271,0.03334153543307087,0.05955029438403411,0.0898876404494382,0.15873015873015872,0.04921875,0.49962905314698575,0.4609375,2
Food-price.csv,596,0.26513671875,0.25,0.04711597807553875,0.021284448818897638,0.03319890424994458,0.09411764705882353,0.1746031746031746,0.030539772727272728,0.5197263831335458,0.5078125,2
Food-price.csv,597,0.259033203125,0.265625,0.0639065775594734,0.036909448818897635,0.0632238256919753,0.08080808080808081,0.20634920634920634,0.04717548076923077,0.47240566587157157,0.4765625,2
Food-price.csv,598,0.2774658203125,0.296875,0.07170246396453123,0.043799212598425195,0.06206911541147235,0.08,0.1984126984126984,0.0684375,0.535826676693053,0.53125,2
Food-price.csv,599,0.3250732421875,0.328125,0.021311323094244588,0.023499015748031496,0.019199221656625142,0.08,0.24603174603174602,0.03351814516129032,0.38084381876747697,0.5234375,1
Food-price.csv,600,0.2376708984375,0.25,0.09059747409436285,0.049950787401574805,0.08051318721991531,0.0898876404494382,0.15873015873015872,0.080078125,0.5359742322685181,0.484375,2
Food-price.csv,601,0.2779541015625,0.265625,0.06209132574040131,0.025836614173228346,0.04541179017569528,0.08888888888888889,0.15079365079365079,0.04481907894736842,0.5790414418957239,0.453125,2
Food-price.csv,602,0.26806640625,0.265625,0.03424589012714644,0.023622047244094488,0.031911438815961514,0.08080808080808081,0.20634920634920634,0.036057692307692304,0.4577834230228915,0.5078125,3
Food-price.csv,603,0.248291015625,0.265625,0.06293289943575126,0.039124015748031496,0.062033012261631486,0.0851063829787234,0.18253968253968253,0.06827445652173914,0.5060526066190864,0.484375,2
Food-price.csv,604,0.248291015625,0.265625,0.07917349099978796,0.04798228346456693,0.08068352606968635,0.08791208791208792,0.2222222222222222,0.068359375,0.49257269130799247,0.53125,2
Food-price.csv,605,0.2191162109375,0.25,0.09467046590745813,0.0654527559055118,0.09038269185247509,0.08421052631578947,0.19047619047619047,0.087890625,0.5212621117659729,0.5078125,2
Food-price.csv,606,0.22412109375,0.25,0.07670679313885741,0.055241141732283464,0.07918317027002268,0.08421052631578947,0.23809523809523808,0.07578125,0.4799640181172618,0.578125,2
Food-price.csv,607,0.25537109375,0.265625,0.07105289165456664,0.040354330708661415,0.0686403290679179,0.08333333333333333,0.18253968253968253,0.060122282608695655,0.49574936170651457,0.5,2
Food-price.csv,608,0.2305908203125,0.25,0.08204859595599748,0.05548720472440945,0.08138400946570522,0.0851063829787234,0.1984126984126984,0.0559375,0.4774352482167945,0.4609375,2
Food-price.csv,609,0.2613525390625,0.265625,0.061008661241522495,0.03949311023622047,0.06884686859778107,0.08421052631578947,0.20634920634920634,0.06610576923076923,0.4897077454186989,0.4921875,2
Food-price.csv,610,0.2454833984375,0.265625,0.09196610779617231,0.06766732283464567,0.08449783086205136,0.0761904761904762,0.2619047619047619,0.07623106060606061,0.5575347111690557,0.609375,2
Food-price.csv,611,0.2587890625,0.28125,0.07210047641125868,0.0515501968503937,0.07735384564444661,0.08080808080808081,0.21428571428571427,0.05931712962962963,0.49662318329416405,0.53125,2
Food-price.csv,612,0.23486328125,0.265625,0.08454882765125811,0.07049704724409449,0.09205041902062029,0.0784313725490196,0.23809523809523808,0.08125,0.5161277256484244,0.6015625,2
Food-price.csv,613,0.2672119140625,0.28125,0.04362250552109458,0.03186515748031496,0.04768418911246977,0.08247422680412371,0.19047619047619047,0.043294270833333336,0.4864496038148603,0.5703125,2
Food-price.csv,614,0.2357177734375,0.265625,0.09098350056210526,0.07381889763779527,0.0899978547270862,0.0784313725490196,0.24603174603174602,0.08996975806451613,0.513971996921361,0.59375,2
Food-price.csv,615,0.2435302734375,0.28125,0.09398423179812157,0.06705216535433071,0.09265913561877386,0.07476635514018691,0.24603174603174602,0.08669354838709678,0.5327017732318475,0.6015625,2
Food-price.csv,616,0.22998046875,0.2734375,0.10406578264987139,0.07886318897637795,0.10101178041079942,0.07920792079207921,0.25396825396825395,0.091552734375,0.5104586300505947,0.5625,2
Food-price.csv,617,0.24365234375,0.265625,0.07547855289836866,0.05708661417322835,0.0830365078846996,0.0784313725490196,0.24603174603174602,0.06980846774193548,0.5102917484106897,0.578125,2
Food-price.csv,618,0.2696533203125,0.28125,0.06207884512002831,0.04330708661417323,0.07064836603211884,0.08163265306122448,0.2222222222222222,0.052455357142857144,0.48295544607606367,0.546875,2
Food-price.csv,619,0.208740234375,0.234375,0.09118676855827998,0.05979330708661417,0.08553883658007413,0.08421052631578947,0.23015873015873015,0.06788793103448276,0.485225704189326,0.53125,2
Food-price.csv,620,0.247802734375,0.28125,0.08788486037952978,0.04896653543307087,0.07799847541794862,0.08080808080808081,0.23809523809523808,0.0546875,0.4804790491103091,0.5859375,2
Food-price.csv,621,0.2525634765625,0.28125,0.10530183087194556,0.04613681102362205,0.06837142624977828,0.08247422680412371,0.20634920634920634,0.06430288461538461,0.5542019745329384,0.546875,2
Food-price.csv,622,0.2147216796875,0.25,0.0916772428104548,0.06803641732283465,0.09455704870709489,0.0851063829787234,0.21428571428571427,0.0920138888888889,0.47092466090075663,0.53125,2
Food-price.csv,623,0.23974609375,0.265625,0.09288002717286335,0.04884350393700788,0.07981662973349447,0.08,0.1984126984126984,0.056875,0.5295830522011037,0.515625,2
Food-price.csv,624,0.232666015625,0.265625,0.08682589398645217,0.04773622047244094,0.0708417875638577,0.08695652173913043,0.19047619047619047,0.048828125,0.5179506726483142,0.5078125,2
Food-price.csv,625,0.2777099609375,0.28125,0.04394378659460188,0.030880905511811024,0.05152332258543732,0.07920792079207921,0.1984126984126984,0.0440625,0.4949351607941653,0.515625,2
Food-price.csv,626,0.292236328125,0.3125,0.05692142729539957,0.03604822834645669,0.046628774696910714,0.07692307692307693,0.21428571428571427,0.03935185185185185,0.5409450905615589,0.5703125,2
Food-price.csv,627,0.2877197265625,0.28125,0.04515595195104317,0.03248031496062992,0.03613441532344119,0.0784313725490196,0.21428571428571427,0.04398148148148148,0.5286966938119955,0.578125,2
Food-price.csv,628,0.2564697265625,0.2734375,0.07220033325134254,0.05093503937007874,0.0792175718111826,0.0851063829787234,0.19047619047619047,0.049479166666666664,0.5069656643244853,0.4921875,2
Food-price.csv,629,0.2398681640625,0.265625,0.08143828290795749,0.05794783464566929,0.0768500854911449,0.07766990291262135,0.23809523809523808,0.06041666666666667,0.527153326843025,0.6015625,2
Food-price.csv,630,0.2548828125,0.28125,0.07631571954907435,0.05327263779527559,0.08149367067792275,0.07766990291262135,0.24603174603174602,0.06854838709677419,0.5254765861353456,0.59375,2
Food-price.csv,631,0.2603759765625,0.265625,0.04717018643490969,0.03211122047244094,0.05629601842089616,0.0898876404494382,0.18253968253968253,0.052309782608695655,0.48980171543433476,0.515625,2
Food-price.csv,632,0.2779541015625,0.28125,0.04348291205064062,0.029158464566929134,0.036386551960680844,0.08163265306122448,0.18253968253968253,0.041440217391304345,0.4862888127368176,0.5234375,2
Food-price.csv,633,0.2598876953125,0.28125,0.08057371164203839,0.047859251968503935,0.06959451419144193,0.0851063829787234,0.1746031746031746,0.07315340909090909,0.5592691804919835,0.53125,2
Food-price.csv,634,0.2293701171875,0.25,0.07362357974666017,0.05105807086614173,0.07645731915507373,0.08163265306122448,0.19047619047619047,0.062174479166666664,0.5030541318169358,0.5390625,2
Food-price.csv,635,0.250732421875,0.28125,0.08952174324305323,0.05967027559055118,0.09056722726707112,0.08333333333333333,0.21428571428571427,0.07060185185185185,0.5037087950225784,0.4921875,2
Food-price.csv,636,0.20458984375,0.25,0.10293242072687465,0.07886318897637795,0.09872110415597725,0.08695652173913043,0.21428571428571427,0.1009837962962963,0.4875288684071141,0.5078125,2
Food-price.csv,637,0.25048828125,0.28125,0.08584728707774288,0.047244094488188976,0.07673378836046454,0.08247422680412371,0.1984126984126984,0.0565625,0.4874067036152098,0.484375,2
Food-price.csv,638,0.2454833984375,0.265625,0.0789785488255098,0.05179625984251968,0.07696483021067274,0.07692307692307693,0.23015873015873015,0.06627155172413793,0.5052448994893947,0.546875,2
Food-price.csv,639,0.25537109375,0.265625,0.06087478932181684,0.03924704724409449,0.055455141800449914,0.08,0.23809523809523808,0.05390625,0.5184785868160487,0.5859375,2
Food-price.csv,640,0.240966796875,0.265625,0.09030134349934593,0.08181594488188976,0.09906320040211876,0.07476635514018691,0.23015873015873015,0.07112068965517242,0.527677289999707,0.59375,2
Food-price.csv,641,0.29833984375,0.3125,0.058117777057728526,0.041830708661417325,0.055490341802480116,0.0761904761904762,0.19047619047619047,0.053385416666666664,0.4909509515386241,0.5859375,2
Food-price.csv,642,0.2708740234375,0.265625,0.06988469419296878,0.0359251968503937,0.06354669074380513,0.0851063829787234,0.16666666666666666,0.04241071428571429,0.5897200443568483,0.4765625,2
Food-price.csv,643,0.2528076171875,0.25,0.0815516484375202,0.04478346456692913,0.0694178982584945,0.08247422680412371,0.23015873015873015,0.06115301724137931,0.5183376855785407,0.5703125,2
Food-price.csv,644,0.270263671875,0.265625,0.06612876812126538,0.028420275590551183,0.042573164412263935,0.08888888888888889,0.18253968253968253,0.0390625,0.5592111487956781,0.5234375,2
Food-price.csv,645,0.272705078125,0.265625,0.0334240909678206,0.022883858267716536,0.03750180829335093,0.09090909090909091,0.16666666666666666,0.04241071428571429,0.43466947580936305,0.4453125,3
Food-price.csv,646,0.22998046875,0.25,0.07421714379429728,0.04133858267716536,0.06589941801595513,0.08888888888888889,0.19047619047619047,0.051106770833333336,0.49631046837443876,0.484375,2
Food-price.csv,647,0.234375,0.265625,0.09841502099487595,0.05425688976377953,0.08034079158247126,0.08247422680412371,0.23809523809523808,0.07578125,0.5233005502662756,0.5234375,3
Food-price.csv,648,0.2332763671875,0.25,0.08001101403116237,0.04884350393700788,0.07463906254505281,0.08163265306122448,0.23015873015873015,0.06276939655172414,0.4751030540873648,0.546875,2
Food-price.csv,649,0.2581787109375,0.28125,0.0816575575795759,0.03703248031496063,0.06159542084637247,0.08421052631578947,0.20634920634920634,0.040865384615384616,0.4783946867700597,0.5,2
Food-price.csv,650,0.254150390625,0.28125,0.08471890757457076,0.047121062992125984,0.06826241547432761,0.08333333333333333,0.1984126984126984,0.0609375,0.5604020751566775,0.5234375,2
Food-price.csv,651,0.2332763671875,0.25,0.08266089255089426,0.03949311023622047,0.0754035539063271,0.0975609756097561,0.18253968253968253,0.06827445652173914,0.4683290601397188,0.4921875,2
Food-price.csv,652,0.2357177734375,0.2734375,0.1035345528050158,0.06631397637795275,0.09645292656956596,0.08163265306122448,0.21428571428571427,0.07841435185185185,0.5037630740175245,0.546875,2
Food-price.csv,653,0.2501220703125,0.28125,0.09539363409571544,0.06053149606299212,0.0830507253100986,0.08333333333333333,0.19047619047619047,0.072265625,0.5543506107424168,0.5546875,2
Food-price.csv,654,0.2158203125,0.265625,0.12096373438605926,0.08132381889763779,0.10567123557587733,0.08421052631578947,0.21428571428571427,0.09577546296296297,0.4979732008153462,0.5234375,2
Food-price.csv,655,0.2559814453125,0.28125,0.07455518662046681,0.04404527559055118,0.07539311453843742,0.08333333333333333,0.1984126984126984,0.0521875,0.4955657622868517,0.5234375,2
Food-price.csv,656,0.22802734375,0.265625,0.10917317980102169,0.08759842519685039,0.11310188471577366,0.08247422680412371,0.19047619047619047,0.10546875,0.5168644495187984,0.5859375,2
Food-price.csv,657,0.2449951171875,0.25,0.04233974958716046,0.02485236220472441,0.04645705783588157,0.1,0.16666666666666666,0.04724702380952381,0.42090794316285796,0.4453125,2
Food-price.csv,658,0.26171875,0.28125,0.07112164631262939,0.029404527559055118,0.058974580088604164,0.09302325581395349,0.16666666666666666,0.057291666666666664,0.44956797083041194,0.4765625,4
Food-price.csv,659,0.2364501953125,0.25,0.07384184452525235,0.03924704724409449,0.06371439963314367,0.09302325581395349,0.19047619047619047,0.06477864583333333,0.5043642799896005,0.484375,3
Food-price.csv,660,0.2421875,0.265625,0.08963120238737317,0.05019685039370079,0.08161802254559468,0.08791208791208792,0.24603174603174602,0.08064516129032258,0.5028532448870827,0.5703125,2
Food-price.csv,661,0.2581787109375,0.265625,0.051079534250389906,0.03026574803149606,0.05032604812728438,0.08333333333333333,0.2222222222222222,0.03989955357142857,0.4857116778490978,0.546875,2
Food-price.csv,662,0.22705078125,0.265625,0.09502183964308034,0.051304133858267716,0.08295589644834783,0.08888888888888889,0.18253968253968253,0.07336956521739131,0.49154105787563607,0.484375,2
Food-price.csv,663,0.2647705078125,0.28125,0.06005052962089459,0.03764763779527559,0.06609826334820253,0.08080808080808081,0.23809523809523808,0.04973958333333333,0.4597295200564664,0.5703125,2
Food-price.csv,664,0.2835693359375,0.296875,0.07519124998537867,0.0421998031496063,0.055470698044072626,0.07547169811320754,0.2619047619047619,0.05232007575757576,0.5076208248787442,0.6484375,2
Food-price.csv,665,0.25830078125,0.265625,0.05619902950548522,0.03641732283464567,0.06002272826672257,0.08421052631578947,0.19047619047619047,0.048828125,0.4890869893156014,0.5,2
Food-price.csv,666,0.2310791015625,0.25,0.0896450831631363,0.06496062992125984,0.0857034257784039,0.07547169811320754,0.25396825396825395,0.0732421875,0.5333098368038299,0.59375,2
Food-price.csv,667,0.2548828125,0.265625,0.06810079442035602,0.039616141732283464,0.06452177991913022,0.08333333333333333,0.1984126984126984,0.0425,0.5081108819647252,0.53125,3
Food-price.csv,668,0.24560546875,0.265625,0.0790940269365892,0.05708661417322835,0.08750039441954276,0.08,0.20634920634920634,0.0703125,0.5094595610997766,0.5234375,2
Food-price.csv,669,0.271484375,0.28125,0.04732047437338171,0.027312992125984252,0.045054395912576393,0.08,0.23809523809523808,0.026822916666666665,0.46194515685404114,0.546875,3
Food-price.csv,670,0.24951171875,0.25,0.05933571569967597,0.035063976377952756,0.05534585217420727,0.08421052631578947,0.21428571428571427,0.04456018518518518,0.500428302679318,0.5,2
Food-price.csv,671,0.2513427734375,0.25,0.03256670305652856,0.01636318897637795,0.029792426709482362,0.10810810810810811,0.1349206349206349,0.02619485294117647,0.44111669882468485,0.4140625,2
Food-price.csv,672,0.2725830078125,0.28125,0.040208226567787116,0.02891240157480315,0.047791995989388845,0.07920792079207921,0.24603174603174602,0.043850806451612906,0.43468447990992215,0.5859375,2
Food-price.csv,673,0.2396240234375,0.2578125,0.07637885899635702,0.04404527559055118,0.06955774711973405,0.08695652173913043,0.19047619047619047,0.06477864583333333,0.4914199647406204,0.5546875,2
Food-price.csv,674,0.2593994140625,0.28125,0.07527364638754383,0.051304133858267716,0.08304853817230556,0.08695652173913043,0.24603174603174602,0.07308467741935484,0.48539706159297746,0.5859375,2
Food-price.csv,675,0.2689208984375,0.28125,0.05202988425172112,0.03063484251968504,0.06117573355151328,0.09090909090909091,0.20634920634920634,0.04837740384615385,0.47349221192240926,0.53125,2
Food-price.csv,676,0.2713623046875,0.28125,0.06385467593398096,0.04293799212598425,0.06514956270137998,0.07920792079207921,0.20634920634920634,0.06460336538461539,0.5134689922574069,0.5,1
Food-price.csv,677,0.2830810546875,0.3125,0.07755212553666613,0.04146161417322835,0.07141127884316659,0.0851063829787234,0.21428571428571427,0.04832175925925926,0.5583897764649275,0.59375,1
Food-price.csv,678,0.2572021484375,0.265625,0.08537865040851565,0.028543307086614175,0.056493297930908806,0.10526315789473684,0.18253968253968253,0.06657608695652174,0.562262929896197,0.4609375,2
Food-price.csv,679,0.2484130859375,0.25,0.06264752619792083,0.02312992125984252,0.03635950200723701,0.08080808080808081,0.23015873015873015,0.025592672413793104,0.49256446736577125,0.5546875,2
Food-price.csv,680,0.26025390625,0.265625,0.057224812659893966,0.03125,0.0529052599977835,0.08421052631578947,0.20634920634920634,0.05318509615384615,0.4993886038794373,0.4765625,3
Food-price.csv,681,0.2469482421875,0.265625,0.071684173526761,0.03469488188976378,0.05930934860603911,0.08602150537634409,0.21428571428571427,0.046875,0.4784557346772173,0.53125,3
Food-price.csv,682,0.230712890625,0.265625,0.09881122429523082,0.050565944881889764,0.07795149761869215,0.09090909090909091,0.23015873015873015,0.07677801724137931,0.5077627407362405,0.546875,2
Food-price.csv,683,0.2606201171875,0.2734375,0.06885793622692725,0.03026574803149606,0.05267759844548495,0.08333333333333333,0.21428571428571427,0.043402777777777776,0.49662659695104705,0.5234375,4
Food-price.csv,684,0.2674560546875,0.28125,0.08066243315522069,0.04502952755905512,0.06496179498179767,0.0851063829787234,0.23015873015873015,0.07192887931034483,0.5344745457115068,0.5703125,3
Food-price.csv,685,0.2703857421875,0.28125,0.0606588742898615,0.04023129921259842,0.050924934331797345,0.07476635514018691,0.2222222222222222,0.04743303571428571,0.5435787675345446,0.59375,2
Food-price.csv,686,0.2584228515625,0.265625,0.06418333520350243,0.032234251968503935,0.054542236469419886,0.08247422680412371,0.23015873015873015,0.04741379310344827,0.4817776092671456,0.53125,2
Food-price.csv,687,0.216796875,0.25,0.10346033311053927,0.06520669291338582,0.08607651355346517,0.08333333333333333,0.23809523809523808,0.0921875,0.5219314382125562,0.5234375,2
Food-price.csv,688,0.2608642578125,0.265625,0.061439941908776614,0.03481791338582677,0.06296544749092677,0.08333333333333333,0.21428571428571427,0.055266203703703706,0.503232662693997,0.484375,2
Food-price.csv,689,0.234375,0.265625,0.08455023758559907,0.05450295275590551,0.07781350652286265,0.08,0.2619047619047619,0.07410037878787878,0.5109518620978677,0.5625,2
Food-price.csv,690,0.255126953125,0.265625,0.07429861489875032,0.03137303149606299,0.060196734925835396,0.09411764705882353,0.1984126984126984,0.055,0.4913908651509639,0.4921875,2
Food-price.csv,691,0.2127685546875,0.25,0.0969922955343787,0.05179625984251968,0.0766895886844233,0.09523809523809523,0.16666666666666666,0.058779761904761904,0.5345734534907323,0.4609375,2
Food-price.csv,692,0.2562255859375,0.25,0.047414692770036904,0.023375984251968504,0.0445785063937652,0.09195402298850575,0.1746031746031746,0.03409090909090909,0.49355954333590085,0.515625,2
Food-price.csv,693,0.250732421875,0.265625,0.08045498628402498,0.04576771653543307,0.07697682620593384,0.08421052631578947,0.23809523809523808,0.07057291666666667,0.49381413698515825,0.546875,2
Food-price.csv,694,0.2576904296875,0.265625,0.05558677796018632,0.03617125984251968,0.059818869896186525,0.08,0.1984126984126984,0.0540625,0.4859105150466747,0.53125,2
Food-price.csv,695,0.2374267578125,0.265625,0.09701072967313865,0.05585629921259842,0.07678525678239813,0.0784313725490196,0.24603174603174602,0.06149193548387097,0.5120192866473631,0.5546875,2
Food-price.csv,696,0.3111572265625,0.328125,0.03185614196327934,0.031126968503937008,0.02421377369755017,0.07142857142857142,0.30952380952380953,0.03665865384615385,0.46445703280592476,0.734375,2
Food-price.csv,697,0.234619140625,0.25,0.06754493559877546,0.03211122047244094,0.05814380512061578,0.09523809523809523,0.14285714285714285,0.04991319444444445,0.44938827191732195,0.421875,2
Food-price.csv,698,0.2637939453125,0.28125,0.06815317936014025,0.027559055118110236,0.05230068752928909,0.08695652173913043,0.2222222222222222,0.034877232142857144,0.4574186781072634,0.5234375,4
Food-price.csv,699,0.23046875,0.25,0.08421117631761757,0.04515255905511811,0.07692804394512369,0.09411764705882353,0.2222222222222222,0.06584821428571429,0.4693351514367691,0.46875,2
Food-price.csv,700,0.268798828125,0.28125,0.06046363276630494,0.03998523622047244,0.06490374955457823,0.07920792079207921,0.1984126984126984,0.0425,0.45109593536694814,0.5078125,2
Food-price.csv,701,0.2811279296875,0.296875,0.07630937344006547,0.042568897637795276,0.05658111361991591,0.0761904761904762,0.24603174603174602,0.05216733870967742,0.5262812823877289,0.5859375,1
Food-price.csv,702,0.2584228515625,0.28125,0.07773099729014259,0.04699803149606299,0.07361479329184187,0.07692307692307693,0.24603174603174602,0.06426411290322581,0.5396249913480774,0.5859375,2
Food-price.csv,703,0.259765625,0.265625,0.05820181416309117,0.04023129921259842,0.06080121435475471,0.08080808080808081,0.24603174603174602,0.04586693548387097,0.5203948400802982,0.578125,2
Food-price.csv,704,0.26220703125,0.28125,0.06424378586935198,0.02436023622047244,0.04773463498868776,0.10126582278481013,0.19047619047619047,0.036458333333333336,0.47659288599395166,0.4609375,2
Food-price.csv,705,0.2154541015625,0.25,0.09676650031784306,0.06434547244094488,0.08405437617229577,0.08333333333333333,0.19047619047619047,0.068359375,0.49968853301886695,0.484375,2
Food-price.csv,706,0.2359619140625,0.28125,0.1006160802027181,0.0734498031496063,0.09570458676631362,0.08247422680412371,0.23015873015873015,0.11260775862068965,0.48848383622588093,0.515625,2
Food-price.csv,707,0.279296875,0.296875,0.07880562891340631,0.04404527559055118,0.061583378178185676,0.07692307692307693,0.24603174603174602,0.05342741935483871,0.5178932778898837,0.609375,2
Food-price.csv,708,0.26513671875,0.265625,0.0347160757770575,0.021653543307086614,0.03210249866468091,0.08695652173913043,0.20634920634920634,0.03365384615384615,0.4621241112015462,0.53125,2
Food-price.csv,709,0.2523193359375,0.28125,0.09035372087050404,0.05142716535433071,0.086633394766771,0.08695652173913043,0.21428571428571427,0.0787037037037037,0.4953922989974325,0.5234375,2
Food-price.csv,710,0.2705078125,0.28125,0.06992487554665253,0.035063976377952756,0.05851981179544446,0.0898876404494382,0.15873015873015872,0.040625,0.5285365821277003,0.484375,2
Food-price.csv,711,0.254638671875,0.28125,0.0808923773749833,0.03531003937007874,0.05886359609700121,0.08333333333333333,0.21428571428571427,0.04079861111111111,0.48431866000121077,0.515625,2
Food-price.csv,712,0.21826171875,0.25,0.09110731491719476,0.05167322834645669,0.08014158707038714,0.09090909090909091,0.1984126984126984,0.0946875,0.5047502563574101,0.5,2
Food-price.csv,713,0.2449951171875,0.265625,0.08797594803247549,0.060900590551181105,0.08276883890419677,0.07476635514018691,0.24603174603174602,0.0637600806451613,0.5142801990864032,0.53125,2
Food-price.csv,714,0.2509765625,0.28125,0.08200218048918254,0.04970472440944882,0.06260502134934862,0.07476635514018691,0.2777777777777778,0.059375,0.6428246598638425,0.6640625,1
Food-price.csv,715,0.3021240234375,0.3125,0.06111993623599127,0.026820866141732284,0.04195824986730214,0.08602150537634409,0.23809523809523808,0.04088541666666667,0.5199582074716746,0.5390625,2
Food-price.csv,716,0.3299560546875,0.34375,0.06473721404482952,0.045890748031496065,0.081219426398125,0.0784313725490196,0.24603174603174602,0.06854838709677419,0.47097704074702623,0.6484375,2
Food-price.csv,717,0.32080078125,0.34375,0.09362657687765344,0.06311515748031496,0.09896505488385365,0.0761904761904762,0.2857142857142857,0.07899305555555555,0.5145737936580107,0.6640625,1
Food-price.csv,718,0.306396484375,0.328125,0.09416076951142727,0.04958169291338583,0.08286771781575931,0.08163265306122448,0.25396825396825395,0.071533203125,0.5026724347983915,0.6171875,2
Food-price.csv,719,0.31103515625,0.328125,0.09591091719650889,0.0593011811023622,0.10337223150651488,0.0851063829787234,0.20634920634920634,0.08173076923076923,0.4864930195555485,0.5234375,2
Food-price.csv,720,0.3182373046875,0.34375,0.08767053810668085,0.05647145669291338,0.0911307172430913,0.08163265306122448,0.2222222222222222,0.064453125,0.5057250756187031,0.5390625,1
Food-price.csv,721,0.3284912109375,0.34375,0.07922720643904588,0.047121062992125984,0.07742015339575863,0.07766990291262135,0.25396825396825395,0.057373046875,0.4706536504509993,0.5859375,1
Food-price.csv,722,0.322265625,0.34375,0.09024621134490564,0.06139271653543307,0.10722150765513846,0.07692307692307693,0.2619047619047619,0.07788825757575757,0.4640680954569303,0.6328125,1
Food-price.csv,723,0.33642578125,0.34375,0.07189350719183739,0.05167322834645669,0.08626429478603584,0.07766990291262135,0.2222222222222222,0.07087053571428571,0.5109324919471875,0.6015625,1
Food-price.csv,724,0.3499755859375,0.34375,0.02666139704573102,0.025098425196850394,0.020579753100498453,0.07339449541284404,0.2619047619047619,0.03196022727272727,0.45470800857961374,0.640625,2
Food-price.csv,725,0.3470458984375,0.34375,0.04465154495172169,0.032849409448818895,0.049753121658934404,0.0761904761904762,0.23015873015873015,0.03825431034482758,0.4400101227714144,0.625,2
Food-price.csv,726,0.3421630859375,0.34375,0.06376406776192452,0.03789370078740158,0.06771204678059557,0.07547169811320754,0.25396825396825395,0.0517578125,0.47194643982635337,0.6171875,1
Food-price.csv,727,0.3394775390625,0.34375,0.06056938983318306,0.03666338582677165,0.06513213498594617,0.08247422680412371,0.23809523809523808,0.04401041666666667,0.47995919316388164,0.546875,1
Food-price.csv,728,0.31787109375,0.328125,0.069697765740333,0.05376476377952756,0.08971923701028663,0.07920792079207921,0.2619047619047619,0.07552083333333333,0.4903794388040983,0.5859375,2
Food-price.csv,729,0.3197021484375,0.328125,0.07802489543028977,0.04675196850393701,0.0757512424605299,0.07692307692307693,0.2857142857142857,0.06532118055555555,0.4949935851088622,0.65625,1
Food-price.csv,730,0.3399658203125,0.34375,0.05203332089263715,0.04010826771653543,0.0640371550348073,0.0784313725490196,0.24603174603174602,0.047379032258064516,0.46031193906314577,0.65625,1
Food-price.csv,731,0.3409423828125,0.34375,0.041128638654402264,0.03321850393700788,0.04445405641798918,0.0784313725490196,0.30158730158730157,0.04296875,0.45112762123228495,0.640625,1
Food-price.csv,732,0.3359375,0.3359375,0.024472586105745445,0.022637795275590553,0.019774801497690158,0.08080808080808081,0.2698412698412698,0.03331801470588235,0.4405920424847176,0.59375,5
Food-price.csv,733,0.30126953125,0.328125,0.11057063949235811,0.08230807086614174,0.11647294977948121,0.07547169811320754,0.2857142857142857,0.115234375,0.5445279818689469,0.625,1
Food-price.csv,734,0.3465576171875,0.34375,0.021611272412765684,0.021161417322834646,0.01865621631109357,0.08333333333333333,0.25396825396825395,0.0302734375,0.41246142855391543,0.5546875,1
Food-price.csv,735,0.3294677734375,0.34375,0.07921667318236408,0.04859744094488189,0.08536187286443335,0.08080808080808081,0.23809523809523808,0.065625,0.47940071258943656,0.59375,2
Food-price.csv,736,0.3369140625,0.34375,0.06113468447613101,0.04576771653543307,0.06713214456400278,0.07407407407407407,0.2857142857142857,0.05251736111111111,0.4881050947459398,0.625,2
Food-price.csv,737,0.3358154296875,0.34375,0.06403736924160518,0.04638287401574803,0.0759145207171619,0.0761904761904762,0.2619047619047619,0.03858901515151515,0.48807932106386365,0.5703125,2
Food-price.csv,738,0.3297119140625,0.34375,0.06748435068626875,0.04810531496062992,0.0868217149865625,0.07547169811320754,0.2619047619047619,0.061553030303030304,0.4535085079277921,0.6015625,2
Food-price.csv,739,0.3125,0.328125,0.07790496357491848,0.03826279527559055,0.0670899671309159,0.08080808080808081,0.24603174603174602,0.04485887096774194,0.4748521460165041,0.5546875,1
Food-price.csv,740,0.3125,0.34375,0.09874394265441046,0.06446850393700787,0.10122344840993122,0.08333333333333333,0.23809523809523808,0.08307291666666666,0.5215139791373306,0.578125,2
Food-price.csv,741,0.32275390625,0.34375,0.08298914082280184,0.05364173228346457,0.0857295612252001,0.0784313725490196,0.2777777777777778,0.08080357142857143,0.5223152825046959,0.6328125,1
Food-price.csv,742,0.322021484375,0.328125,0.07951004615023347,0.05979330708661417,0.08819444808891795,0.07692307692307693,0.2698412698412698,0.06962316176470588,0.5065462939709201,0.6015625,2
Food-price.csv,743,0.3380126953125,0.34375,0.04500125009071946,0.0375246062992126,0.04755736289569714,0.07207207207207207,0.30158730158730157,0.04584703947368421,0.47922357786601855,0.6484375,1
Food-price.csv,744,0.3509521484375,0.34375,0.029870832447831175,0.02436023622047244,0.03342881441823456,0.08421052631578947,0.2222222222222222,0.037109375,0.4050582226602557,0.53125,2
Food-price.csv,745,0.351318359375,0.359375,0.03526374489399806,0.027066929133858268,0.035427516925836185,0.08247422680412371,0.2698412698412698,0.03768382352941176,0.4819095674420993,0.578125,2
Food-price.csv,746,0.33154296875,0.34375,0.05987968780069247,0.03813976377952756,0.06208813429964162,0.08163265306122448,0.23809523809523808,0.048177083333333336,0.4935772408153731,0.5703125,2
Food-price.csv,747,0.3421630859375,0.34375,0.03471070999459032,0.02645177165354331,0.03859896284726917,0.07766990291262135,0.24603174603174602,0.0390625,0.42626278879610785,0.578125,1
Food-price.csv,748,0.34814453125,0.34375,0.04129081325374052,0.032849409448818895,0.04672444019631613,0.0784313725490196,0.25396825396825395,0.04296875,0.4690104230381707,0.6015625,2
Food-price.csv,749,0.337646484375,0.34375,0.04848450871460523,0.03469488188976378,0.05679259660310544,0.07766990291262135,0.2619047619047619,0.03480113636363636,0.4611666352817096,0.625,1
Food-price.csv,750,0.332763671875,0.3359375,0.059669786790786834,0.04281496062992126,0.05999573855108199,0.07547169811320754,0.29365079365079366,0.05405405405405406,0.49821725758937885,0.6328125,1
Food-price.csv,751,0.336181640625,0.34375,0.06927358483225388,0.05179625984251968,0.08494360363216934,0.07692307692307693,0.23809523809523808,0.05416666666666667,0.4866351256846074,0.5859375,2
Food-price.csv,752,0.333740234375,0.34375,0.07361841845280258,0.05893208661417323,0.09642247655610682,0.07476635514018691,0.25396825396825395,0.080810546875,0.49118924775021283,0.6484375,1
Food-price.csv,753,0.3260498046875,0.328125,0.05303628470282435,0.03580216535433071,0.052909265392799845,0.07547169811320754,0.2698412698412698,0.04802389705882353,0.5480747490063579,0.640625,2
Food-price.csv,754,0.1993408203125,0.21875,0.07416080421323416,0.0375246062992126,0.06057124319190999,0.09302325581395349,0.20634920634920634,0.05618990384615385,0.5305231107868331,0.484375,3
Food-price.csv,755,0.2257080078125,0.21875,0.08031141213596843,0.03986220472440945,0.0661085677129708,0.08888888888888889,0.1984126984126984,0.079375,0.6021178764249157,0.5,3
Food-price.csv,756,0.220703125,0.265625,0.11470349109395331,0.05720964566929134,0.08745298213960843,0.08421052631578947,0.2222222222222222,0.07728794642857142,0.5840253530723664,0.515625,2
Food-price.csv,757,0.20263671875,0.2109375,0.07036503842251597,0.02891240157480315,0.041505947523967725,0.08888888888888889,0.18253968253968253,0.057744565217391304,0.5831695434774192,0.4765625,4
Food-price.csv,758,0.1964111328125,0.203125,0.0760386353154158,0.036909448818897635,0.04688194220814677,0.08421052631578947,0.24603174603174602,0.054183467741935484,0.5737504834063245,0.59375,4
Food-price.csv,759,0.2664794921875,0.28125,0.04915160791749278,0.02140748031496063,0.027367249435825358,0.09302325581395349,0.18253968253968253,0.03974184782608696,0.5866765922254653,0.4921875,4
Food-price.csv,760,0.241455078125,0.265625,0.08945780246282753,0.04466043307086614,0.05881497474572278,0.07547169811320754,0.2222222222222222,0.05915178571428571,0.6272895809884002,0.5546875,2
Food-price.csv,761,0.235107421875,0.234375,0.0658541900657251,0.025098425196850394,0.032109099169682416,0.08888888888888889,0.20634920634920634,0.044771634615384616,0.6106571572861418,0.5,4
Food-price.csv,762,0.27392578125,0.28125,0.045885449458906886,0.026328740157480313,0.03820796543683326,0.08,0.2222222222222222,0.038783482142857144,0.4972085455877437,0.53125,5
Food-price.csv,763,0.1795654296875,0.1875,0.09568311521025434,0.05967027559055118,0.07418503359818218,0.08602150537634409,0.2222222222222222,0.07868303571428571,0.5929207201089981,0.5546875,3
Food-price.csv,764,0.24853515625,0.25,0.06744470380006655,0.02780511811023622,0.04107925666483817,0.08333333333333333,0.18253968253968253,0.04619565217391304,0.6099679818214256,0.4765625,3
Food-price.csv,765,0.213623046875,0.234375,0.10205165734896067,0.03407972440944882,0.06201885799791058,0.0963855421686747,0.15873015873015872,0.051171875,0.5915929034307768,0.46875,2
Food-price.csv,766,0.2030029296875,0.21875,0.08089560098063735,0.03481791338582677,0.05409777564467099,0.09411764705882353,0.15079365079365079,0.0703125,0.566870672800913,0.4609375,3
Food-price.csv,767,0.2005615234375,0.1953125,0.08172322525403244,0.03604822834645669,0.048883000601901455,0.0898876404494382,0.21428571428571427,0.059895833333333336,0.6104651922287018,0.515625,4
Food-price.csv,768,0.252197265625,0.25,0.050052400787119526,0.02374507874015748,0.028268879142027466,0.09302325581395349,0.19047619047619047,0.042317708333333336,0.5953829328237631,0.453125,3
Food-price.csv,769,0.2125244140625,0.21875,0.09277528459818307,0.029158464566929134,0.04498580662215132,0.08888888888888889,0.23015873015873015,0.05091594827586207,0.5940738029977517,0.53125,4
Food-price.csv,770,0.195556640625,0.2109375,0.06686378384946312,0.035679133858267716,0.05168845857291067,0.0851063829787234,0.19047619047619047,0.047526041666666664,0.5196826464751795,0.515625,3
Food-price.csv,771,0.278564453125,0.296875,0.08593992750033844,0.03789370078740158,0.06867053402868278,0.08791208791208792,0.1746031746031746,0.08806818181818182,0.4529713436172395,0.5703125,3
Food-price.csv,772,0.3216552734375,0.328125,0.11520999715246305,0.054625984251968504,0.11608319937519318,0.09523809523809523,0.1746031746031746,0.07173295454545454,0.5479750881089791,0.5078125,1
Food-price.csv,773,0.3287353515625,0.328125,0.09257075606365499,0.03580216535433071,0.07667478399208233,0.08695652173913043,0.25396825396825395,0.05078125,0.5785333036628312,0.5546875,1
Food-price.csv,774,0.31396484375,0.3125,0.022730003539662855,0.020546259842519687,0.01987101494707733,0.08791208791208792,0.1984126984126984,0.0340625,0.41757433923268966,0.5078125,2
Food-price.csv,775,0.28515625,0.296875,0.0855370642205398,0.027312992125984252,0.05301301391353624,0.1,0.15873015873015872,0.048046875,0.4424410752200228,0.4140625,3
Food-price.csv,776,0.3038330078125,0.296875,0.020836154428846784,0.016486220472440943,0.014972483195449108,0.09090909090909091,0.20634920634920634,0.02734375,0.3972871473797451,0.4921875,4
Food-price.csv,777,0.31494140625,0.3125,0.06381183990824575,0.02645177165354331,0.065665172457169,0.0898876404494382,0.1984126984126984,0.0528125,0.4718258043523029,0.5,2
Food-price.csv,778,0.3145751953125,0.296875,0.07837779154817814,0.02780511811023622,0.058821151113295486,0.08791208791208792,0.15079365079365079,0.04358552631578947,0.5137064799760663,0.5234375,2
Food-price.csv,779,0.307861328125,0.3125,0.10196284105328744,0.0421998031496063,0.09100971661675496,0.09195402298850575,0.1984126984126984,0.078125,0.5442045372715537,0.484375,1
Food-price.csv,780,0.3358154296875,0.3125,0.05309469256089239,0.02042322834645669,0.028245845137480588,0.09090909090909091,0.20634920634920634,0.038161057692307696,0.5161069464178888,0.515625,1
Food-price.csv,781,0.307373046875,0.3125,0.019832575497720984,0.01968503937007874,0.015465798009456749,0.08080808080808081,0.2777777777777778,0.027901785714285716,0.3916163561727887,0.625,4
Food-price.csv,782,0.319580078125,0.3125,0.07733633603098236,0.04010826771653543,0.08031120627225512,0.08333333333333333,0.21428571428571427,0.06076388888888889,0.5475091851529469,0.53125,2
Food-price.csv,783,0.3271484375,0.3125,0.04612642843210759,0.017593503937007874,0.026012361577688572,0.1038961038961039,0.18253968253968253,0.035665760869565216,0.47529044686992866,0.421875,1
Food-price.csv,784,0.3096923828125,0.3125,0.0231454454716261,0.01968503937007874,0.018100270601971447,0.08888888888888889,0.21428571428571427,0.03153935185185185,0.4247270295033914,0.53125,2
Food-price.csv,785,0.3046875,0.296875,0.020853668460998655,0.019315944881889764,0.018441596380464303,0.08695652173913043,0.20634920634920634,0.03064903846153846,0.394251113537679,0.5234375,1
Food-price.csv,786,0.305908203125,0.3046875,0.021000351584988173,0.017593503937007874,0.015313344372540968,0.08421052631578947,0.19047619047619047,0.027669270833333332,0.4063805625286205,0.546875,5
Food-price.csv,787,0.3170166015625,0.3125,0.02211023281846123,0.018331692913385825,0.015697970381630493,0.0851063829787234,0.2222222222222222,0.029575892857142856,0.4192247926965708,0.5234375,6
Food-price.csv,788,0.3089599609375,0.3125,0.06501925971724194,0.023991141732283464,0.059886141519865786,0.0963855421686747,0.1349206349206349,0.030330882352941176,0.43049752610745234,0.4609375,5
Food-price.csv,789,0.3026123046875,0.296875,0.0921881433238196,0.027559055118110236,0.06041861193378116,0.0975609756097561,0.16666666666666666,0.05580357142857143,0.5220467088408626,0.5,1
Food-price.csv,790,0.3316650390625,0.3125,0.03979847897973032,0.019562007874015748,0.022525182069578393,0.08695652173913043,0.2222222222222222,0.030412946428571428,0.49003805689331176,0.546875,1
Food-price.csv,791,0.3045654296875,0.328125,0.07659627597585966,0.02472933070866142,0.05554432631663985,0.09411764705882353,0.18253968253968253,0.051630434782608696,0.4028108286419377,0.4765625,2
Food-price.csv,792,0.316650390625,0.3125,0.02248083145816758,0.018208661417322834,0.016610618928875668,0.0851063829787234,0.18253968253968253,0.028192934782608696,0.42028441848421033,0.5546875,2
Food-price.csv,793,0.30615234375,0.3125,0.117275967583439,0.03137303149606299,0.0729063095115743,0.0975609756097561,0.16666666666666666,0.05505952380952381,0.5784623510645422,0.4765625,2
Food-price.csv,794,0.3070068359375,0.3125,0.04085673482326257,0.025590551181102362,0.050475611161601035,0.0851063829787234,0.1984126984126984,0.0325,0.38666680837503975,0.46875,2
Food-price.csv,795,0.3031005859375,0.3125,0.05628050400887162,0.024483267716535435,0.041344074789835795,0.08695652173913043,0.2222222222222222,0.03989955357142857,0.4334855939416434,0.5390625,2
Food-price.csv,796,0.2957763671875,0.296875,0.05455423193267055,0.03309547244094488,0.06648278715847791,0.09876543209876543,0.15079365079365079,0.047286184210526314,0.42869518111251753,0.421875,3
Food-price.csv,797,0.303955078125,0.3125,0.04096254820042353,0.027559055118110236,0.05691240728561926,0.08333333333333333,0.24603174603174602,0.046118951612903226,0.38256780457688594,0.59375,5
Food-price.csv,798,0.310791015625,0.3125,0.019651424719336657,0.016117125984251968,0.014924891913504665,0.08695652173913043,0.1984126984126984,0.0259375,0.3776577473536406,0.546875,5
Food-price.csv,799,0.303955078125,0.3125,0.08076258962177829,0.06016240157480315,0.11948138353961058,0.08421052631578947,0.21428571428571427,0.08709490740740741,0.4920498473314446,0.5703125,3
Food-price.csv,800,0.323486328125,0.3125,0.04463902865751095,0.01636318897637795,0.022171627393746333,0.1,0.14285714285714285,0.03342013888888889,0.4505903328817948,0.4609375,2
Food-price.csv,801,0.3255615234375,0.3125,0.05214431689266411,0.022760826771653545,0.040648459379255666,0.09302325581395349,0.1984126984126984,0.0390625,0.4917149260226385,0.5,1
Food-price.csv,802,0.306884765625,0.3203125,0.07312449854491358,0.027559055118110236,0.05310316440269491,0.0898876404494382,0.21428571428571427,0.05324074074074074,0.43486713576404595,0.484375,1
Food-price.csv,803,0.306884765625,0.296875,0.0185016073611205,0.014517716535433071,0.013890032507287587,0.09090909090909091,0.1984126984126984,0.0240625,0.35952537163053583,0.5390625,6
Food-price.csv,804,0.30078125,0.296875,0.04925593833171286,0.022760826771653545,0.03935085037332543,0.09195402298850575,0.18253968253968253,0.034646739130434784,0.41187711854668807,0.4921875,4
Food-price.csv,805,0.30322265625,0.3203125,0.08787841712092175,0.03407972440944882,0.07073615594027924,0.0975609756097561,0.15873015873015872,0.0640625,0.48248498937634254,0.4765625,5
Food-price.csv,806,0.3712158203125,0.359375,0.030241672709564196,0.01906988188976378,0.01930301048962123,0.08791208791208792,0.18253968253968253,0.034307065217391304,0.46046948466959653,0.4453125,4
Food-price.csv,807,0.3699951171875,0.359375,0.028231514461242238,0.018823818897637797,0.018636733702373554,0.09090909090909091,0.1984126984126984,0.0334375,0.44502218854199355,0.4921875,4
Food-price.csv,808,0.36279296875,0.359375,0.04224973256404588,0.020054133858267716,0.030747537633274646,0.08602150537634409,0.18253968253968253,0.029891304347826088,0.45922343704332996,0.515625,6
Food-price.csv,809,0.3372802734375,0.359375,0.0856156825822629,0.0515501968503937,0.09654453255722735,0.08,0.23809523809523808,0.08046875,0.43336096998712453,0.609375,4
Food-price.csv,810,0.368896484375,0.359375,0.05497394204572409,0.029773622047244094,0.0605449980140273,0.0898876404494382,0.20634920634920634,0.051382211538461536,0.4959245620798269,0.5078125,3
Food-price.csv,811,0.3602294921875,0.359375,0.052273324305249745,0.02718996062992126,0.05714015019553699,0.09876543209876543,0.18253968253968253,0.042459239130434784,0.4702263287070589,0.4921875,3
Food-price.csv,812,0.366455078125,0.359375,0.025974313739012364,0.01796259842519685,0.017764316582460676,0.09411764705882353,0.15873015873015872,0.03359375,0.4124598092717244,0.4375,5
Food-price.csv,813,0.380615234375,0.375,0.032841224812888654,0.018700787401574805,0.02056871739333231,0.0963855421686747,0.16666666666666666,0.02976190476190476,0.47156704323688453,0.46875,2
Food-price.csv,814,0.3690185546875,0.359375,0.029108842796747508,0.02214566929133858,0.02115855593179691,0.08695652173913043,0.23809523809523808,0.03463541666666667,0.4557164744413347,0.5234375,5
Food-price.csv,815,0.36474609375,0.359375,0.029325344240423434,0.02079232283464567,0.02130470737228308,0.08602150537634409,0.20634920634920634,0.034555288461538464,0.46724793791228275,0.5078125,2
Food-price.csv,816,0.365966796875,0.359375,0.0324247795550427,0.02140748031496063,0.02715570177562675,0.09523809523809523,0.15873015873015872,0.0328125,0.46369338717790115,0.4609375,5
Food-price.csv,817,0.37158203125,0.359375,0.03354246971796015,0.024114173228346455,0.0230971769397077,0.08163265306122448,0.1984126984126984,0.0371875,0.48587888448933775,0.5078125,4
Food-price.csv,818,0.368896484375,0.359375,0.025030070340175452,0.019315944881889764,0.01994400889589357,0.09523809523809523,0.19047619047619047,0.032877604166666664,0.42247097248245175,0.46875,5
Food-price.csv,819,0.3687744140625,0.359375,0.025936135405527645,0.021161417322834646,0.021347294116618898,0.08791208791208792,0.23809523809523808,0.034895833333333334,0.4409809758488812,0.5703125,6
Food-price.csv,820,0.36279296875,0.359375,0.026775448966514053,0.02386811023622047,0.02343354392904457,0.08163265306122448,0.23809523809523808,0.033854166666666664,0.4484874448553105,0.5234375,5
Food-price.csv,821,0.3651123046875,0.359375,0.0246953401308952,0.020546259842519687,0.022071041141600346,0.0898876404494382,0.18253968253968253,0.036005434782608696,0.4191086702816135,0.46875,5
Food-price.csv,822,0.3751220703125,0.375,0.028404111859350465,0.01660925196850394,0.019972070755613188,0.1,0.15079365079365079,0.029605263157894735,0.43301383694796775,0.4609375,6
Food-price.csv,823,0.3707275390625,0.359375,0.0286860039846586,0.019315944881889764,0.017032643123847918,0.08333333333333333,0.2222222222222222,0.030412946428571428,0.4377668689459307,0.578125,8
Food-price.csv,824,0.354736328125,0.3515625,0.031514951941774144,0.018208661417322834,0.019087732945418077,0.08602150537634409,0.20634920634920634,0.029146634615384616,0.46370693245189026,0.5390625,5
Food-price.csv,825,0.371337890625,0.359375,0.03072585179612458,0.022268700787401573,0.02340833857091591,0.08791208791208792,0.20634920634920634,0.037259615384615384,0.4825695662879399,0.5,6
Food-price.csv,826,0.371826171875,0.359375,0.027920765552135816,0.017839566929133858,0.019184236126500626,0.09302325581395349,0.19047619047619047,0.029947916666666668,0.4421765409000707,0.5,4
Food-price.csv,827,0.3704833984375,0.359375,0.024794100206544805,0.01636318897637795,0.016964968197223124,0.09090909090909091,0.20634920634920634,0.02734375,0.4182138664597685,0.4921875,5
Food-price.csv,828,0.3695068359375,0.359375,0.028942508124074975,0.02214566929133858,0.020699295105368574,0.08333333333333333,0.24603174603174602,0.03377016129032258,0.4596328652794299,0.5703125,6
Food-price.csv,829,0.3704833984375,0.359375,0.02770081759943531,0.02079232283464567,0.019416381516112705,0.08080808080808081,0.23015873015873015,0.03286637931034483,0.44901814406717655,0.515625,6
Food-price.csv,830,0.36328125,0.359375,0.02462796916585643,0.021899606299212598,0.021232826776382503,0.08421052631578947,0.24603174603174602,0.032006048387096774,0.44414124036357344,0.5703125,4
Food-price.csv,831,0.3731689453125,0.359375,0.028878595681509026,0.019315944881889764,0.02042026351689234,0.09411764705882353,0.20634920634920634,0.03485576923076923,0.4514903574804439,0.53125,6
Food-price.csv,832,0.365234375,0.359375,0.0266370736269255,0.018208661417322834,0.020165158709200687,0.09302325581395349,0.15873015873015872,0.034375,0.42291899306062325,0.46875,5
Food-price.csv,833,0.365478515625,0.359375,0.02700928076432258,0.020915354330708662,0.020771564557485512,0.08791208791208792,0.18253968253968253,0.033967391304347824,0.4432076679948722,0.46875,6
Food-price.csv,834,0.3636474609375,0.359375,0.034093912671450226,0.022637795275590553,0.022331487485793843,0.08247422680412371,0.23809523809523808,0.03307291666666667,0.5026675457267894,0.546875,3
Food-price.csv,835,0.3602294921875,0.359375,0.0291865496756415,0.01906988188976378,0.019203163273545813,0.0851063829787234,0.20634920634920634,0.03125,0.46980419885559255,0.5,4
Food-price.csv,836,0.3717041015625,0.359375,0.0255144474577762,0.01968503937007874,0.019332785802574182,0.09090909090909091,0.23015873015873015,0.034482758620689655,0.42380675262185524,0.4765625,7
Food-price.csv,837,0.3690185546875,0.359375,0.025173432068169792,0.019808070866141732,0.019651946839576197,0.08602150537634409,0.2222222222222222,0.028738839285714284,0.42568126302669046,0.5625,3
Food-price.csv,838,0.366943359375,0.359375,0.024934635542796683,0.019808070866141732,0.017696018303509052,0.0851063829787234,0.21428571428571427,0.03125,0.43805951614573124,0.5,5
Food-price.csv,839,0.3653564453125,0.359375,0.040974732859068275,0.026328740157480313,0.0462225253655477,0.09090909090909091,0.16666666666666666,0.03794642857142857,0.45318767283619205,0.4765625,5
Food-price.csv,840,0.37255859375,0.375,0.042765744706342784,0.024483267716535435,0.0479330456029942,0.08888888888888889,0.1984126984126984,0.0425,0.4587992456793116,0.5703125,5
Food-price.csv,841,0.365478515625,0.359375,0.025928378052273746,0.016978346456692914,0.016983694809780906,0.09523809523809523,0.1984126984126984,0.030625,0.4243634477673413,0.5,6
Food-price.csv,842,0.3699951171875,0.359375,0.0300637644384869,0.019438976377952756,0.019872538389019777,0.09302325581395349,0.21428571428571427,0.034722222222222224,0.45052054819012727,0.5,4
Food-price.csv,843,0.3638916015625,0.359375,0.062474126228551086,0.02620570866141732,0.050407491884445904,0.0851063829787234,0.1746031746031746,0.041548295454545456,0.48512299591379765,0.5078125,4
Food-price.csv,844,0.376953125,0.375,0.032798546140130204,0.020177165354330708,0.019021799301267402,0.0851063829787234,0.19047619047619047,0.032877604166666664,0.470819648997385,0.5234375,4
Food-price.csv,845,0.362548828125,0.359375,0.027577085826628038,0.01906988188976378,0.020927653863868547,0.09090909090909091,0.20634920634920634,0.034254807692307696,0.45159856671788573,0.4765625,5
Food-price.csv,846,0.3564453125,0.359375,0.024217962436791494,0.016117125984251968,0.018282496873700926,0.0975609756097561,0.1349206349206349,0.03354779411764706,0.44294892508444894,0.4375,5
Food-price.csv,847,0.3682861328125,0.359375,0.03207430852975709,0.022760826771653545,0.02819435247914065,0.08695652173913043,0.21428571428571427,0.03761574074074074,0.4705268588271114,0.4921875,4
Food-price.csv,848,0.365966796875,0.359375,0.02459769804504052,0.01906988188976378,0.01989157156873832,0.09411764705882353,0.19047619047619047,0.032877604166666664,0.4208590286303631,0.5078125,5
Food-price.csv,849,0.3609619140625,0.359375,0.0400671511492791,0.026820866141732284,0.04814541721142726,0.08791208791208792,0.1984126984126984,0.0440625,0.4531290793217615,0.5234375,3
Food-price.csv,850,0.36279296875,0.359375,0.039785185014717145,0.02780511811023622,0.04850406533195138,0.08602150537634409,0.20634920634920634,0.04146634615384615,0.4511937394119338,0.5390625,4
Food-price.csv,851,0.3695068359375,0.359375,0.032009200904236444,0.022760826771653545,0.02342772971484943,0.08421052631578947,0.19047619047619047,0.033854166666666664,0.48669246307907543,0.5234375,3
Food-price.csv,852,0.365478515625,0.359375,0.024877198932011634,0.018700787401574805,0.018605844516371747,0.09090909090909091,0.18253968253968253,0.03294836956521739,0.41847367211418357,0.4609375,6
Food-price.csv,853,0.35546875,0.359375,0.049909891949924366,0.02608267716535433,0.046897760144939904,0.08,0.2698412698412698,0.04090073529411765,0.44112234111355947,0.5546875,5
Food-price.csv,854,0.35693359375,0.359375,0.028130255314129056,0.02140748031496063,0.022596300981811958,0.08602150537634409,0.16666666666666666,0.033482142857142856,0.452860900955175,0.5078125,5
Food-price.csv,855,0.3648681640625,0.359375,0.03283282967163386,0.02140748031496063,0.02242550667335521,0.0898876404494382,0.1984126984126984,0.0340625,0.4879507318607939,0.515625,5
Food-price.csv,856,0.3656005859375,0.359375,0.025340985411953985,0.021038385826771654,0.018117823802089993,0.08,0.16666666666666666,0.03757440476190476,0.43856297402042754,0.4921875,7
Food-price.csv,857,0.359130859375,0.359375,0.04193466149628908,0.025221456692913386,0.04136530409793052,0.08888888888888889,0.21428571428571427,0.03443287037037037,0.4720061784800209,0.515625,5
Food-price.csv,858,0.3660888671875,0.359375,0.028349499625040533,0.021653543307086614,0.02385796115093703,0.08888888888888889,0.16666666666666666,0.04241071428571429,0.4608744573908499,0.546875,5
Food-price.csv,859,0.37548828125,0.375,0.026560884314373333,0.02214566929133858,0.018439954719680303,0.07766990291262135,0.2222222222222222,0.033482142857142856,0.4463786562364726,0.5625,4
Food-price.csv,860,0.3641357421875,0.359375,0.04443342607068293,0.027066929133858268,0.046253625084777594,0.08695652173913043,0.1984126984126984,0.040625,0.48894449487135994,0.5078125,5
Food-price.csv,861,0.352783203125,0.359375,0.039092243314962624,0.02214566929133858,0.04275446275625118,0.08695652173913043,0.21428571428571427,0.03877314814814815,0.45453927670941047,0.5390625,3
Food-price.csv,862,0.37109375,0.359375,0.03000447557761175,0.022760826771653545,0.02091318307395964,0.07920792079207921,0.23015873015873015,0.034482758620689655,0.4683568818106039,0.5625,3
Food-price.csv,863,0.3677978515625,0.359375,0.022852592771079146,0.02140748031496063,0.018889241593613437,0.08080808080808081,0.23809523809523808,0.0328125,0.4100070842252091,0.5546875,6
Food-price.csv,864,0.36767578125,0.359375,0.024389636218246438,0.021530511811023622,0.021562476272584428,0.08421052631578947,0.2222222222222222,0.03627232142857143,0.43693269517463484,0.46875,5
Food-price.csv,865,0.37548828125,0.375,0.05972021035445432,0.03641732283464567,0.06571033769086077,0.07920792079207921,0.24603174603174602,0.04914314516129032,0.5378342725004165,0.5390625,1
Food-price.csv,866,0.387451171875,0.40625,0.05824634560185264,0.03813976377952756,0.06859025215360698,0.0784313725490196,0.2619047619047619,0.05705492424242424,0.516045976280987,0.609375,1
Food-price.csv,867,0.3800048828125,0.390625,0.05783801675552879,0.02878937007874016,0.05687755510568341,0.0851063829787234,0.1984126984126984,0.0384375,0.5260008315441783,0.484375,1
Food-price.csv,868,0.40234375,0.40625,0.033203125,0.025836614173228346,0.028031748345542624,0.09090909090909091,0.18253968253968253,0.04585597826086957,0.4875464030971985,0.5390625,1
Food-price.csv,869,0.396240234375,0.390625,0.030803349496109078,0.025098425196850394,0.024969029191777525,0.08421052631578947,0.25396825396825395,0.037841796875,0.47887954778547664,0.6171875,5
Food-price.csv,870,0.3868408203125,0.390625,0.047310239055032,0.02952755905511811,0.047958617725290274,0.08163265306122448,0.23809523809523808,0.039322916666666666,0.5102378937936302,0.59375,1
Food-price.csv,871,0.393310546875,0.40625,0.05006668888621508,0.034325787401574805,0.05437602419498887,0.08247422680412371,0.2698412698412698,0.04802389705882353,0.5238596123216309,0.6015625,1
Food-price.csv,872,0.3941650390625,0.40625,0.04446158732500912,0.02645177165354331,0.04650492906111517,0.08888888888888889,0.24603174603174602,0.04007056451612903,0.4841882247116933,0.5546875,1
Food-price.csv,873,0.4027099609375,0.40625,0.034177725599385804,0.025221456692913386,0.024336612660586742,0.08163265306122448,0.24603174603174602,0.03780241935483871,0.5119932924581142,0.5859375,4
Food-price.csv,874,0.4034423828125,0.40625,0.02853391922730984,0.02485236220472441,0.025965184411180335,0.08695652173913043,0.1984126984126984,0.0396875,0.45914485197792804,0.53125,3
Food-price.csv,875,0.3970947265625,0.40625,0.0752530557449242,0.045275590551181105,0.08812336492393702,0.08421052631578947,0.24603174603174602,0.06653225806451613,0.48655235683742254,0.5546875,1
Food-price.csv,876,0.3970947265625,0.40625,0.03507626229079175,0.029281496062992126,0.028683494494625487,0.08333333333333333,0.2777777777777778,0.044642857142857144,0.5088234977834044,0.5859375,1
Food-price.csv,877,0.3848876953125,0.3984375,0.06697456417219602,0.03358759842519685,0.06609024773154273,0.09195402298850575,0.23809523809523808,0.05,0.52688580767802,0.5546875,1
Food-price.csv,878,0.3897705078125,0.40625,0.0579492086700441,0.034940944881889764,0.06170934104603252,0.09195402298850575,0.20634920634920634,0.047475961538461536,0.521893098578757,0.546875,2
Food-price.csv,879,0.3978271484375,0.390625,0.02677294449453877,0.022637795275590553,0.02546841120201531,0.0898876404494382,0.23809523809523808,0.03671875,0.4410467055230185,0.5625,2
Food-price.csv,880,0.389404296875,0.390625,0.03724325024172991,0.022760826771653545,0.023345530307535757,0.0898876404494382,0.1984126984126984,0.04,0.5258896299842797,0.5234375,1
Food-price.csv,881,0.39892578125,0.40625,0.032911025581989974,0.024483267716535435,0.027770800542066203,0.08602150537634409,0.21428571428571427,0.04398148148148148,0.4948163840004529,0.4921875,1
Food-price.csv,882,0.3929443359375,0.3984375,0.052809908425212534,0.029035433070866142,0.05256714139777537,0.0851063829787234,0.20634920634920634,0.04657451923076923,0.5383066266069841,0.5859375,1
Food-price.csv,883,0.3935546875,0.390625,0.045585703191342995,0.029281496062992126,0.04948803335156787,0.08791208791208792,0.2222222222222222,0.046595982142857144,0.4885803300032981,0.5390625,3
Food-price.csv,884,0.395263671875,0.40625,0.046151619484570465,0.03395669291338583,0.051844310431353506,0.07920792079207921,0.24603174603174602,0.04662298387096774,0.4865070055911449,0.59375,1
Food-price.csv,885,0.400146484375,0.40625,0.03500588367599446,0.02485236220472441,0.023882691990298188,0.0851063829787234,0.24603174603174602,0.04007056451612903,0.49986939907851724,0.5390625,1
Food-price.csv,886,0.4193115234375,0.421875,0.03626597841576283,0.029281496062992126,0.02548979825507901,0.07692307692307693,0.2698412698412698,0.03860294117647059,0.5218868286621637,0.625,1
Food-price.csv,887,0.3245849609375,0.3125,0.07501665168922522,0.033710629921259845,0.05814770998392675,0.0963855421686747,0.15079365079365079,0.0546875,0.5557257073952963,0.4921875,1
Food-price.csv,888,0.3194580078125,0.328125,0.05355298485473523,0.033710629921259845,0.06288101128256575,0.09090909090909091,0.1984126984126984,0.0575,0.5440766265617887,0.5078125,1
Food-price.csv,889,0.3143310546875,0.328125,0.09339575597343046,0.036294291338582675,0.07641791168482331,0.1,0.14285714285714285,0.08159722222222222,0.5193107406389023,0.4375,1
Food-price.csv,890,0.36962890625,0.359375,0.07089164428112693,0.03407972440944882,0.057113388457224114,0.08695652173913043,0.1984126984126984,0.04375,0.5909988742339625,0.5390625,1
Food-price.csv,891,0.43505859375,0.4453125,0.031093204052603456,0.034325787401574805,0.03149750473447236,0.08080808080808081,0.23015873015873015,0.04849137931034483,0.4712934308465389,0.65625,1
Food-price.csv,892,0.42724609375,0.421875,0.04312106791828196,0.02792814960629921,0.049512802368152184,0.0851063829787234,0.21428571428571427,0.03587962962962963,0.41847007977476935,0.5234375,1
Food-price.csv,893,0.4326171875,0.4375,0.030493154289054678,0.02374507874015748,0.028404559430670467,0.08080808080808081,0.21428571428571427,0.030381944444444444,0.440891866029641,0.5390625,1
Food-price.csv,894,0.4342041015625,0.4375,0.023571584533819478,0.0203001968503937,0.018634296944050367,0.08163265306122448,0.19047619047619047,0.02734375,0.4340540711523892,0.5234375,1
Food-price.csv,895,0.4390869140625,0.4375,0.021201965232845805,0.015994094488188976,0.01307495481718339,0.08602150537634409,0.1746031746031746,0.022017045454545456,0.41018743382176237,0.46875,1
Food-price.csv,896,0.4384765625,0.4375,0.02216172991779339,0.01673228346456693,0.015585716163497156,0.08695652173913043,0.15873015873015872,0.026171875,0.41175041249075867,0.4609375,1
Food-price.csv,897,0.39111328125,0.421875,0.07926265184754591,0.026328740157480313,0.04045622817827677,0.08247422680412371,0.24603174603174602,0.03125,0.5673410694198505,0.5546875,1
Food-price.csv,898,0.29150390625,0.3125,0.0944884148010549,0.03358759842519685,0.07497535736065834,0.1038961038961039,0.19047619047619047,0.047526041666666664,0.4905608312505223,0.46875,2
Food-price.csv,899,0.30224609375,0.328125,0.12102186468893993,0.0625,0.10789742960312182,0.10126582278481013,0.18253968253968253,0.08729619565217392,0.5178241872851875,0.4921875,1
Food-price.csv,900,0.3101806640625,0.34375,0.12512338032850798,0.06803641732283465,0.11581218154941772,0.1,0.15873015873015872,0.099609375,0.5480242076667307,0.453125,1
Food-price.csv,901,0.433349609375,0.4375,0.02005968486488913,0.014763779527559055,0.015477538242429895,0.1,0.1349206349206349,0.025735294117647058,0.39616957588195717,0.484375,1
Food-price.csv,902,0.4345703125,0.4375,0.02055426287094647,0.015255905511811024,0.014202546162119491,0.09195402298850575,0.1746031746031746,0.02521306818181818,0.3940291899964424,0.5546875,1
Food-price.csv,903,0.433349609375,0.4375,0.021259868798555345,0.015871062992125984,0.013723389936541293,0.08888888888888889,0.1984126984126984,0.023125,0.40051787387677,0.546875,1
Food-price.csv,904,0.342041015625,0.40625,0.1351222971346805,0.04478346456692913,0.0866389856863103,0.09090909090909091,0.21428571428571427,0.06076388888888889,0.5729547870711525,0.5234375,1
Food-price.csv,905,0.3330078125,0.328125,0.094776887405266,0.028174212598425195,0.061101459280050376,0.1,0.16666666666666666,0.03422619047619048,0.548756442329454,0.4765625,2
Food-price.csv,906,0.39892578125,0.40625,0.04397514178593144,0.03543307086614173,0.029959116644142577,0.07272727272727272,0.31746031746031744,0.0478515625,0.5345805526586486,0.7109375,1
Food-price.csv,907,0.3204345703125,0.328125,0.07836866527187417,0.025344488188976378,0.05002648834916423,0.09523809523809523,0.1746031746031746,0.028409090909090908,0.5030567883731477,0.46875,6
Food-price.csv,908,0.3419189453125,0.3671875,0.08388486777984645,0.03518700787401575,0.03901786347030474,0.07692307692307693,0.2698412698412698,0.04779411764705882,0.6149590255157426,0.6015625,1
Food-price.csv,909,0.262939453125,0.265625,0.04744563856912643,0.029158464566929134,0.05291841944298063,0.09090909090909091,0.18253968253968253,0.03328804347826087,0.48603404469704925,0.46875,2
Food-price.csv,910,0.27978515625,0.296875,0.10569343652187543,0.04232283464566929,0.08709813148458766,0.09411764705882353,0.15873015873015872,0.062890625,0.5674226685119244,0.4375,1
Food-price.csv,911,0.352294921875,0.359375,0.048705289829912436,0.03051181102362205,0.06313829659031439,0.08421052631578947,0.21428571428571427,0.041666666666666664,0.43794630863396017,0.5390625,1
Food-price.csv,912,0.3551025390625,0.359375,0.025218379380765613,0.01968503937007874,0.020678077435191417,0.09302325581395349,0.1746031746031746,0.033735795454545456,0.44664250879438283,0.4921875,1
Food-price.csv,913,0.353759765625,0.359375,0.025445731590879213,0.020546259842519687,0.01728406430003539,0.07920792079207921,0.24603174603174602,0.02721774193548387,0.4521666545146567,0.578125,1
Food-price.csv,914,0.35107421875,0.34375,0.03876534927067146,0.024483267716535435,0.04404561925260726,0.0851063829787234,0.1984126984126984,0.03,0.4431930661770202,0.4921875,1
Food-price.csv,915,0.352294921875,0.3515625,0.03939600671776768,0.02891240157480315,0.04738805269400795,0.08080808080808081,0.2222222222222222,0.033203125,0.45424010630438655,0.5546875,1
Food-price.csv,916,0.357666015625,0.359375,0.04013348123157747,0.02485236220472441,0.04784327734732828,0.0851063829787234,0.19047619047619047,0.025390625,0.4470289772862623,0.53125,1
Food-price.csv,917,0.3499755859375,0.359375,0.04805401384616055,0.025221456692913386,0.04569324173012003,0.08695652173913043,0.16666666666666666,0.03236607142857143,0.4396434425337042,0.5078125,1
Food-price.csv,918,0.3525390625,0.359375,0.03811096933806222,0.022391732283464565,0.04499556343562057,0.0898876404494382,0.1746031746031746,0.03515625,0.4450561056175792,0.4609375,1
Food-price.csv,919,0.3502197265625,0.359375,0.049392339583133174,0.028297244094488187,0.0584545930707451,0.09195402298850575,0.18253968253968253,0.03838315217391304,0.45759245801657394,0.46875,1
Food-price.csv,920,0.33642578125,0.34375,0.055824450265421544,0.03580216535433071,0.07148479313699378,0.08333333333333333,0.23809523809523808,0.04583333333333333,0.4602554146922309,0.59375,1
Food-price.csv,921,0.3447265625,0.34375,0.05181306013625902,0.027559055118110236,0.056266972126255456,0.08602150537634409,0.23809523809523808,0.0265625,0.5121678493931744,0.5625,3
Food-price.csv,922,0.3712158203125,0.375,0.03043029510322361,0.014886811023622047,0.017955855707832712,0.1038961038961039,0.15873015873015872,0.0296875,0.4615339944236168,0.40625,5
Food-price.csv,923,0.36279296875,0.34375,0.061202894508876365,0.029773622047244094,0.035750759628938346,0.09090909090909091,0.21428571428571427,0.05179398148148148,0.5938119808013301,0.5078125,1
Food-price.csv,924,0.3441162109375,0.328125,0.05525876446937687,0.029158464566929134,0.03230039571264765,0.07766990291262135,0.24603174603174602,0.04284274193548387,0.5306065068120461,0.5859375,5
Food-price.csv,925,0.345947265625,0.328125,0.04783100542967729,0.021284448818897638,0.03085810440662573,0.09523809523809523,0.16666666666666666,0.034970238095238096,0.4759302186438006,0.484375,2
Food-price.csv,926,0.355224609375,0.328125,0.05584313216505376,0.029035433070866142,0.03320209568511173,0.07766990291262135,0.2222222222222222,0.03962053571428571,0.5740469041305725,0.53125,3
Food-price.csv,927,0.3587646484375,0.34375,0.05768839428540169,0.027559055118110236,0.03696804731569608,0.08163265306122448,0.23015873015873015,0.04337284482758621,0.5787396719513052,0.5390625,5
Food-price.csv,928,0.35791015625,0.34375,0.05343278473691233,0.025344488188976378,0.03062421747568242,0.08695652173913043,0.1984126984126984,0.04,0.5352591114343886,0.5,3
Food-price.csv,929,0.3143310546875,0.3125,0.04718408408021922,0.028297244094488187,0.05186795424387156,0.08333333333333333,0.21428571428571427,0.03877314814814815,0.4317069227305344,0.5390625,2
Food-price.csv,930,0.3470458984375,0.328125,0.051105199575061565,0.023375984251968504,0.024714942243392757,0.07476635514018691,0.24603174603174602,0.03351814516129032,0.5267079699522015,0.546875,4
Food-price.csv,931,0.3338623046875,0.328125,0.04723458650259604,0.025221456692913386,0.04397821016967879,0.09090909090909091,0.1984126984126984,0.0440625,0.44604448678989606,0.515625,2
Food-price.csv,932,0.3448486328125,0.328125,0.046882469853625576,0.01968503937007874,0.022115574476989478,0.0851063829787234,0.18253968253968253,0.03091032608695652,0.4660768839062952,0.5390625,6
Food-price.csv,933,0.3536376953125,0.328125,0.05229384477291499,0.02140748031496063,0.025475542214671354,0.08888888888888889,0.19047619047619047,0.036783854166666664,0.524190840089667,0.4921875,2
Food-price.csv,934,0.353515625,0.328125,0.049948093174001645,0.025098425196850394,0.03391431867662276,0.08602150537634409,0.23015873015873015,0.037176724137931036,0.5233176006908113,0.5234375,3
Food-price.csv,935,0.3609619140625,0.34375,0.05301717586930369,0.032849409448818895,0.03974355336529522,0.08,0.20634920634920634,0.052584134615384616,0.5562714418648783,0.5234375,2
Food-price.csv,936,0.3585205078125,0.34375,0.05504586106730064,0.030019685039370077,0.037747618899448006,0.08080808080808081,0.19047619047619047,0.035481770833333336,0.518246861339793,0.515625,2
Food-price.csv,937,0.33935546875,0.328125,0.04795856578957271,0.020177165354330708,0.02821850136222932,0.0975609756097561,0.15873015873015872,0.030078125,0.46211864782567175,0.4609375,9
Food-price.csv,938,0.3560791015625,0.328125,0.05906878866796426,0.027682086614173228,0.03497645002110865,0.08247422680412371,0.19047619047619047,0.0400390625,0.5447963848505273,0.453125,4
Food-price.csv,939,0.328125,0.3125,0.040359332655804346,0.018823818897637797,0.020966675109335545,0.0898876404494382,0.1746031746031746,0.03231534090909091,0.46619012808060717,0.5546875,6
Food-price.csv,940,0.373046875,0.359375,0.062224735633101526,0.023991141732283464,0.02952909690877166,0.08163265306122448,0.23809523809523808,0.03697916666666667,0.5710038533628622,0.5078125,4
Food-price.csv,941,0.266845703125,0.2265625,0.10323165233607794,0.029896653543307086,0.03802250516778579,0.07476635514018691,0.24603174603174602,0.04259072580645161,0.6455771905892927,0.6171875,4
Food-price.csv,942,0.205322265625,0.1875,0.09505790100409563,0.035063976377952756,0.05267644904501028,0.0898876404494382,0.23015873015873015,0.05441810344827586,0.5678168773121735,0.5546875,4
Food-price.csv,943,0.3712158203125,0.375,0.07244345976016331,0.03801673228346457,0.07618382045141861,0.08791208791208792,0.21428571428571427,0.05063657407407408,0.49274348602247503,0.515625,2
Food-price.csv,944,0.3585205078125,0.359375,0.09071647696911206,0.05216535433070866,0.08992398895642406,0.07692307692307693,0.2619047619047619,0.06131628787878788,0.5863355524548511,0.625,2
Food-price.csv,945,0.3626708984375,0.34375,0.06378836711404065,0.03383366141732284,0.05436628031070703,0.0784313725490196,0.24603174603174602,0.048639112903225805,0.566947456521532,0.609375,2
Food-price.csv,946,0.3785400390625,0.375,0.05431004097028271,0.0327263779527559,0.07054609248172304,0.08888888888888889,0.18253968253968253,0.058084239130434784,0.49507835028359254,0.515625,1
Food-price.csv,947,0.35791015625,0.359375,0.07555432508750715,0.0375246062992126,0.054841418749654196,0.0851063829787234,0.2619047619047619,0.059185606060606064,0.5991639301244918,0.5859375,3
Food-price.csv,948,0.3597412109375,0.34375,0.04705632425343662,0.028543307086614175,0.03736310767911484,0.08247422680412371,0.2222222222222222,0.048828125,0.5265653442873538,0.609375,5
Food-price.csv,949,0.3717041015625,0.359375,0.03889869677902941,0.035679133858267716,0.029923728464782768,0.07547169811320754,0.31746031746031744,0.0498046875,0.5395973100372456,0.6875,3
Food-price.csv,950,0.3861083984375,0.390625,0.031983120743199214,0.036909448818897635,0.028594700710993955,0.07407407407407407,0.30952380952380953,0.04787660256410257,0.4896151331535779,0.703125,3
Food-price.csv,951,0.3895263671875,0.390625,0.037015897570307356,0.04638287401574803,0.030687419307395467,0.06779661016949153,0.3888888888888889,0.052614795918367346,0.5233623460774494,0.8046875,2
Food-price.csv,952,0.3875732421875,0.390625,0.05149211703772998,0.05142716535433071,0.05553287944138499,0.07079646017699115,0.3412698412698413,0.0625,0.5419166520832567,0.7421875,2
Food-price.csv,953,0.326171875,0.359375,0.11177268693612888,0.0610236220472441,0.10865081313978232,0.08163265306122448,0.21428571428571427,0.08159722222222222,0.5014011534419739,0.5859375,2
Food-price.csv,954,0.365966796875,0.375,0.08881049391368745,0.045890748031496065,0.09356009373549584,0.08602150537634409,0.21428571428571427,0.05555555555555555,0.5684652753774582,0.5234375,2
Food-price.csv,955,0.3580322265625,0.34375,0.06993244027387867,0.04010826771653543,0.06475361647814884,0.0784313725490196,0.25396825396825395,0.0498046875,0.5935846703183997,0.5859375,4
Food-price.csv,956,0.3419189453125,0.359375,0.08404388093907668,0.04699803149606299,0.0881814032994333,0.08247422680412371,0.2222222222222222,0.07282366071428571,0.5130156193554748,0.546875,2
Food-price.csv,957,0.3719482421875,0.375,0.031977529369940506,0.02374507874015748,0.023435481679893056,0.08,0.21428571428571427,0.036458333333333336,0.5067668403480103,0.5703125,1
Food-price.csv,958,0.3818359375,0.390625,0.07581421439928313,0.06139271653543307,0.1036107828459526,0.07339449541284404,0.3333333333333333,0.06863839285714286,0.5351645924760878,0.703125,2
Food-price.csv,959,0.385986328125,0.390625,0.07048479798278195,0.06631397637795275,0.08036207872732878,0.06956521739130435,0.3333333333333333,0.07310267857142858,0.5994353221685822,0.75,2
Food-price.csv,960,0.385986328125,0.375,0.03773927644918433,0.042445866141732284,0.029535760015991442,0.07079646017699115,0.3253968253968254,0.05316310975609756,0.539961753342218,0.7265625,3
Food-price.csv,961,0.3887939453125,0.390625,0.03242546888908003,0.03887795275590551,0.03203169361443118,0.07407407407407407,0.3492063492063492,0.049005681818181816,0.4984957110724078,0.734375,3
Food-price.csv,962,0.385009765625,0.390625,0.050921320305583384,0.05241141732283464,0.05691480092670652,0.06956521739130435,0.35714285714285715,0.06059027777777778,0.5279451976884119,0.765625,2
Food-price.csv,963,0.4105224609375,0.390625,0.05756634554200027,0.029404527559055118,0.03510949007715133,0.08080808080808081,0.2619047619047619,0.045928030303030304,0.5606386651887694,0.6171875,3
Food-price.csv,964,0.380126953125,0.375,0.0313176376787754,0.02485236220472441,0.02581668710355117,0.08602150537634409,0.23015873015873015,0.03879310344827586,0.49246142007765853,0.5625,1
Food-price.csv,965,0.386962890625,0.390625,0.03345973763818482,0.035556102362204724,0.028257096648267352,0.07476635514018691,0.29365079365079366,0.04666385135135135,0.5154139956080884,0.6484375,3
Food-price.csv,966,0.38671875,0.375,0.05387935243802235,0.04810531496062992,0.03875277303132428,0.06837606837606838,0.3253968253968254,0.057926829268292686,0.597766576083301,0.734375,2
Food-price.csv,967,0.390869140625,0.390625,0.04115417331562772,0.052780511811023625,0.03704453625665104,0.07017543859649122,0.3333333333333333,0.06287202380952381,0.5471148924623255,0.7890625,2
Food-price.csv,968,0.3804931640625,0.3828125,0.039334494631536786,0.03887795275590551,0.034067507901631,0.08080808080808081,0.2857142857142857,0.055338541666666664,0.52384310047791,0.6796875,1
Food-price.csv,969,0.347412109375,0.359375,0.07222561115073664,0.02952755905511811,0.06399624918532197,0.0851063829787234,0.20634920634920634,0.048677884615384616,0.4844224990026456,0.53125,1
Food-price.csv,970,0.3616943359375,0.3671875,0.050142080379201794,0.03211122047244094,0.060920843884285106,0.0784313725490196,0.2619047619047619,0.03977272727272727,0.44762968394605335,0.5859375,1
Food-price.csv,971,0.3538818359375,0.34375,0.05224709197900057,0.029896653543307086,0.049333635604830575,0.08163265306122448,0.21428571428571427,0.04195601851851852,0.4807509755274771,0.5625,1
Food-price.csv,972,0.3406982421875,0.34375,0.05904961319262945,0.04638287401574803,0.07217598439531614,0.07920792079207921,0.2619047619047619,0.058712121212121215,0.49692106056403035,0.59375,1
Food-price.csv,973,0.3521728515625,0.34375,0.04133535830218669,0.02374507874015748,0.04576903943562656,0.09302325581395349,0.20634920634920634,0.030949519230769232,0.4786116147804118,0.5390625,2
Food-price.csv,974,0.3232421875,0.328125,0.06227835454493173,0.0436761811023622,0.0725585484375267,0.0784313725490196,0.2619047619047619,0.04995265151515151,0.49494828651803807,0.6171875,1
Food-price.csv,975,0.3184814453125,0.328125,0.07393864427779046,0.05327263779527559,0.08688253935070203,0.07920792079207921,0.23015873015873015,0.06869612068965517,0.49763821699393423,0.546875,1
Food-price.csv,976,0.2855224609375,0.3125,0.10863510277565258,0.07787893700787402,0.11661374062354958,0.08,0.2222222222222222,0.07589285714285714,0.46844395518934295,0.515625,1
Food-price.csv,977,0.3109130859375,0.328125,0.08118611905609882,0.0578248031496063,0.1037986334878144,0.08888888888888889,0.21428571428571427,0.10734953703703703,0.5071020191868258,0.546875,2
Food-price.csv,978,0.29736328125,0.328125,0.10656507561666967,0.07197342519685039,0.11104354198252114,0.08602150537634409,0.21428571428571427,0.10271990740740741,0.5143065464015918,0.5703125,2
Food-price.csv,979,0.299072265625,0.3125,0.07887178178076867,0.05265748031496063,0.08593589273743718,0.07766990291262135,0.23809523809523808,0.05911458333333333,0.5149522540852858,0.5390625,1
Food-price.csv,980,0.2877197265625,0.328125,0.1207076655154222,0.0889517716535433,0.1276104123277551,0.07766990291262135,0.23015873015873015,0.10829741379310345,0.527182770866158,0.546875,1
Food-price.csv,981,0.2901611328125,0.328125,0.11266812107221501,0.06926673228346457,0.10098765146578068,0.0851063829787234,0.2222222222222222,0.080078125,0.5405101313934243,0.4921875,1
Food-price.csv,982,0.3486328125,0.359375,0.06651387189006962,0.04404527559055118,0.05155885824479365,0.06837606837606838,0.30158730158730157,0.05304276315789474,0.566707922618499,0.65625,2
Food-price.csv,983,0.357421875,0.359375,0.07149611413173096,0.04478346456692913,0.06592376116116684,0.08163265306122448,0.23809523809523808,0.06276041666666667,0.5924717794931496,0.546875,2
Food-price.csv,984,0.346435546875,0.359375,0.07868717109302381,0.04773622047244094,0.07321707597048616,0.08421052631578947,0.24603174603174602,0.07106854838709678,0.5843956112102806,0.5390625,2
Food-price.csv,985,0.3375244140625,0.34375,0.06920073315639973,0.031496062992125984,0.060625946573111635,0.0851063829787234,0.21428571428571427,0.04918981481481482,0.45752015153660625,0.515625,5
Food-price.csv,986,0.35986328125,0.359375,0.045551694742576795,0.027436023622047244,0.04361253958203671,0.08421052631578947,0.21428571428571427,0.04513888888888889,0.5254185158332397,0.5234375,2
Food-price.csv,987,0.372314453125,0.375,0.0465118327108576,0.030880905511811024,0.0454577653398389,0.08163265306122448,0.23809523809523808,0.04635416666666667,0.5050620411000531,0.578125,1
Food-price.csv,988,0.377685546875,0.375,0.03757466195183501,0.03358759842519685,0.031499907491742654,0.08247422680412371,0.1984126984126984,0.05,0.5280226729460772,0.5703125,1
Food-price.csv,989,0.3671875,0.359375,0.034332804357904194,0.025959645669291338,0.026757582641401993,0.07920792079207921,0.1746031746031746,0.03870738636363636,0.5138895565145518,0.453125,3
Food-price.csv,990,0.385986328125,0.390625,0.04208788944672605,0.028297244094488187,0.02945981401861328,0.08333333333333333,0.21428571428571427,0.044270833333333336,0.5519632931533625,0.5234375,1
Food-price.csv,991,0.3779296875,0.390625,0.06385105874327159,0.04429133858267716,0.08320732048836732,0.07692307692307693,0.25396825396825395,0.066162109375,0.4785113891618607,0.59375,1
Food-price.csv,992,0.389892578125,0.390625,0.05619637794497544,0.043799212598425195,0.06927033790842174,0.07547169811320754,0.2698412698412698,0.05284926470588235,0.5019316165893443,0.6171875,1
Food-price.csv,993,0.389404296875,0.390625,0.03583382288280501,0.024114173228346455,0.024234394197332934,0.08695652173913043,0.19047619047619047,0.0380859375,0.4998499990418263,0.546875,1
Food-price.csv,994,0.337890625,0.34375,0.06913621101729632,0.054010826771653545,0.07280762360512193,0.07272727272727272,0.2857142857142857,0.08138020833333333,0.5406371385531915,0.6015625,4
Food-price.csv,995,0.338623046875,0.34375,0.06720877022393304,0.04281496062992126,0.07412788025102472,0.08080808080808081,0.24603174603174602,0.057711693548387094,0.5097316475877894,0.5625,1
Food-price.csv,996,0.345703125,0.375,0.0866888321139537,0.05351870078740158,0.09698565889442655,0.08695652173913043,0.18253968253968253,0.06419836956521739,0.5291520193556892,0.4296875,1
Food-price.csv,997,0.340576171875,0.359375,0.07102394449751495,0.034325787401574805,0.06393046126325658,0.08695652173913043,0.18253968253968253,0.03770380434782609,0.49311214786833574,0.4375,2
Food-price.csv,998,0.3607177734375,0.375,0.0454716419991307,0.03334153543307087,0.05259046023829337,0.08080808080808081,0.21428571428571427,0.03732638888888889,0.5009541527731517,0.5390625,2
Food-price.csv,999,0.3310546875,0.359375,0.10308633715345038,0.053395669291338585,0.08824557879082019,0.07766990291262135,0.1984126984126984,0.0621875,0.5546673416108193,0.4453125,1
Food-price.csv,1000,0.3497314453125,0.359375,0.08015243060138294,0.05437992125984252,0.10030500655968616,0.0851063829787234,0.19047619047619047,0.0654296875,0.5129950827030715,0.5,1
Food-price.csv,1001,0.362548828125,0.375,0.06449334017060276,0.03026574803149606,0.04725274434841006,0.08247422680412371,0.21428571428571427,0.04600694444444445,0.5391397450484797,0.5,4
Food-price.csv,1002,0.342529296875,0.359375,0.07636217652097955,0.04884350393700788,0.07796470085150173,0.08,0.24603174603174602,0.0733366935483871,0.5539460601542693,0.546875,2
Food-price.csv,1003,0.3878173828125,0.390625,0.028800057908503277,0.030388779527559057,0.02647493721016352,0.07476635514018691,0.2777777777777778,0.03995535714285714,0.48335759788314836,0.609375,1
Food-price.csv,1004,0.3800048828125,0.375,0.03526099812616561,0.025959645669291338,0.02313581031580562,0.07920792079207921,0.23809523809523808,0.03697916666666667,0.5152314619400692,0.5625,1
Food-price.csv,1005,0.3468017578125,0.34375,0.04332498784887778,0.03407972440944882,0.04442919273018961,0.08163265306122448,0.2698412698412698,0.04457720588235294,0.48526271091874085,0.625,3
Food-price.csv,1006,0.345947265625,0.359375,0.06576361775524191,0.036909448818897635,0.07613532534277719,0.08602150537634409,0.15079365079365079,0.05016447368421053,0.48286299282207407,0.484375,3
Food-price.csv,1007,0.34375,0.34375,0.042387762527755286,0.026697834645669292,0.043761872519957036,0.08333333333333333,0.23015873015873015,0.040948275862068964,0.48729671132478036,0.5234375,3
Food-price.csv,1008,0.3502197265625,0.34375,0.028204054460505664,0.023991141732283464,0.020639243954643352,0.07547169811320754,0.24603174603174602,0.03351814516129032,0.4620356097982609,0.59375,5
Food-price.csv,1009,0.33447265625,0.34375,0.0916396072214102,0.04761318897637795,0.08159984559694097,0.07920792079207921,0.1984126984126984,0.06125,0.5775496527837939,0.515625,3
Food-price.csv,1010,0.3526611328125,0.34375,0.02992067618495901,0.02386811023622047,0.02367836953488072,0.07920792079207921,0.24603174603174602,0.03251008064516129,0.4641729499183079,0.5859375,5
Food-price.csv,1011,0.3494873046875,0.359375,0.072945259936664,0.03309547244094488,0.05537702169371845,0.08888888888888889,0.19047619047619047,0.037434895833333336,0.5702247988433423,0.4453125,4
Food-price.csv,1012,0.3421630859375,0.34375,0.03278923117880781,0.02140748031496063,0.022166847922083857,0.08602150537634409,0.1984126984126984,0.0340625,0.47186041001857987,0.4609375,5
Food-price.csv,1013,0.3311767578125,0.34375,0.10360879124324662,0.03469488188976378,0.05390998132080625,0.07766990291262135,0.23809523809523808,0.04010416666666667,0.5586194815771911,0.5546875,2
Food-price.csv,1014,0.38720703125,0.390625,0.055824450265421544,0.03617125984251968,0.06463803631735708,0.0784313725490196,0.18253968253968253,0.033627717391304345,0.49472242504644287,0.5546875,1
Food-price.csv,1015,0.3719482421875,0.375,0.046795937301080504,0.03358759842519685,0.04623824152230444,0.07920792079207921,0.24603174603174602,0.03805443548387097,0.52141835328336,0.5703125,1
Food-price.csv,1016,0.357666015625,0.359375,0.045312263225068344,0.026697834645669292,0.04428587017860882,0.08791208791208792,0.16666666666666666,0.03273809523809524,0.512557839610845,0.5,4
Food-price.csv,1017,0.337646484375,0.34375,0.09584719654375203,0.04146161417322835,0.07046279193445006,0.08421052631578947,0.23015873015873015,0.06627155172413793,0.5560802699236261,0.5859375,4
Food-price.csv,1018,0.3548583984375,0.359375,0.06265703976102514,0.03604822834645669,0.0665087375247556,0.08247422680412371,0.21428571428571427,0.05555555555555555,0.5250846352640072,0.484375,3
Food-price.csv,1019,0.3702392578125,0.375,0.06543868273492347,0.041215551181102365,0.07820294564761558,0.08247422680412371,0.23015873015873015,0.05818965517241379,0.544870010089382,0.5625,2
Food-price.csv,1020,0.38720703125,0.390625,0.05387713986990701,0.036294291338582675,0.06643267884700375,0.08333333333333333,0.25396825396825395,0.050537109375,0.4554143583575265,0.625,1
Food-price.csv,1021,0.3955078125,0.390625,0.028083601258883605,0.02620570866141732,0.02137917850417894,0.08,0.24603174603174602,0.03503024193548387,0.4475804574621253,0.625,1
Food-price.csv,1022,0.3641357421875,0.359375,0.049624697504154575,0.031619094488188976,0.05495363977190264,0.08333333333333333,0.2222222222222222,0.04213169642857143,0.5405539162476524,0.578125,1
Food-price.csv,1023,0.3525390625,0.34375,0.04422653075868849,0.027559055118110236,0.04720018002906865,0.0851063829787234,0.16666666666666666,0.047619047619047616,0.4889296826246629,0.515625,4
Food-price.csv,1024,0.32568359375,0.34375,0.09120147459946144,0.0436761811023622,0.07457068786569213,0.07692307692307693,0.19047619047619047,0.057942708333333336,0.5345544306630972,0.515625,3
Food-price.csv,1025,0.3427734375,0.34375,0.021550855947962803,0.018700787401574805,0.016757594334627382,0.08791208791208792,0.25396825396825395,0.0283203125,0.40027300400195265,0.546875,4
Food-price.csv,1026,0.3619384765625,0.359375,0.030744032846829816,0.020915354330708662,0.021853940266904053,0.09090909090909091,0.19047619047619047,0.0322265625,0.4831294865372051,0.4921875,1
Food-price.csv,1027,0.3056640625,0.34375,0.1259689920205905,0.05917814960629921,0.09464041395026972,0.08,0.19047619047619047,0.08072916666666667,0.607386704696295,0.5078125,1
Food-price.csv,1028,0.2181396484375,0.296875,0.1402773799145704,0.10359251968503937,0.131779769990278,0.09195402298850575,0.1984126984126984,0.153125,0.42895045222884925,0.515625,2
Food-price.csv,1029,0.242431640625,0.296875,0.1159107594871437,0.0953494094488189,0.1256570245922434,0.08421052631578947,0.23015873015873015,0.11314655172413793,0.4316854490870106,0.5625,2
Food-price.csv,1030,0.1829833984375,0.28125,0.14377908619722285,0.12733759842519685,0.139355859014515,0.09411764705882353,0.19047619047619047,0.18098958333333334,0.38582435686642813,0.515625,2
Food-price.csv,1031,0.283203125,0.328125,0.13411300312580385,0.061515748031496065,0.10773246472050765,0.0898876404494382,0.1984126984126984,0.089375,0.561592285571012,0.4921875,1
Food-price.csv,1032,0.1844482421875,0.28125,0.1430730199749822,0.10223917322834646,0.13034163640605925,0.10256410256410256,0.1984126984126984,0.1503125,0.4131826065603738,0.484375,2
Food-price.csv,1033,0.20947265625,0.2734375,0.14033223512511286,0.09633366141732283,0.12998730258167585,0.10526315789473684,0.1746031746031746,0.19460227272727273,0.5104175366887548,0.5,2
Food-price.csv,1034,0.3026123046875,0.328125,0.06530191271815361,0.030880905511811024,0.05585575722099929,0.08163265306122448,0.24603174603174602,0.04561491935483871,0.5537074223279719,0.5859375,4
Food-price.csv,1035,0.2623291015625,0.2578125,0.06885014522733865,0.029404527559055118,0.05916983608342179,0.10810810810810811,0.11904761904761904,0.0734375,0.5945882840990012,0.421875,4
Food-price.csv,1036,0.1907958984375,0.1875,0.03631196842034314,0.02214566929133858,0.028780430505186364,0.08791208791208792,0.2222222222222222,0.03571428571428571,0.476350066123785,0.53125,4
Food-price.csv,1037,0.1904296875,0.1875,0.04422653075868849,0.034940944881889764,0.03465996176427346,0.07920792079207921,0.30952380952380953,0.04787660256410257,0.4936376836817309,0.7109375,3
Food-price.csv,1038,0.18603515625,0.1875,0.049811867589059144,0.04170767716535433,0.04995442366811858,0.07920792079207921,0.25396825396825395,0.0615234375,0.5340070002180887,0.6484375,4
Food-price.csv,1039,0.191650390625,0.1875,0.03380003293504182,0.031003937007874016,0.03441100990395666,0.07692307692307693,0.30158730158730157,0.04358552631578947,0.49278431783217275,0.6640625,3
Food-price.csv,1040,0.225341796875,0.234375,0.052864761226962334,0.03813976377952756,0.05835325623587789,0.08602150537634409,0.2222222222222222,0.054408482142857144,0.5137487023587575,0.53125,2
Food-price.csv,1041,0.228271484375,0.234375,0.05741770203666837,0.03334153543307087,0.04868006655832303,0.08421052631578947,0.2222222222222222,0.046875,0.46591336422526647,0.578125,3
Food-price.csv,1042,0.2569580078125,0.25,0.03709953579213797,0.02780511811023622,0.03496129979917029,0.07920792079207921,0.1984126984126984,0.04,0.5012391322835624,0.5,3
Food-price.csv,1043,0.270263671875,0.265625,0.024265907890208518,0.01673228346456693,0.01722616695195586,0.09195402298850575,0.14285714285714285,0.031684027777777776,0.432247902641433,0.4140625,5
Food-price.csv,1044,0.273193359375,0.28125,0.026420257284224157,0.019192913385826772,0.01913050751784008,0.09195402298850575,0.10317460317460317,0.031850961538461536,0.4448439990869976,0.453125,4
Food-price.csv,1045,0.269287109375,0.265625,0.026239154936859858,0.021530511811023622,0.020464690859676924,0.0851063829787234,0.14285714285714285,0.035590277777777776,0.441699362510279,0.4375,5
Food-price.csv,1046,0.2061767578125,0.234375,0.06672312362593857,0.03321850393700788,0.049526863208342396,0.08602150537634409,0.15079365079365079,0.05797697368421053,0.579392652890641,0.5078125,3
Food-price.csv,1047,0.21484375,0.203125,0.06841515581303513,0.031003937007874016,0.04200800488784781,0.08163265306122448,0.14285714285714285,0.051215277777777776,0.6261713675325993,0.46875,4
Food-price.csv,1048,0.26904296875,0.265625,0.02605336244522285,0.0203001968503937,0.020594458177830628,0.08695652173913043,0.1349206349206349,0.03676470588235294,0.4518999164344868,0.421875,6
Food-price.csv,1049,0.2969970703125,0.296875,0.04417242069669709,0.021284448818897638,0.019770973845079406,0.08421052631578947,0.15873015873015872,0.0359375,0.5447441011690869,0.515625,6
Food-price.csv,1050,0.321533203125,0.328125,0.04549604926930458,0.025344488188976378,0.038269717643556994,0.08695652173913043,0.19047619047619047,0.041666666666666664,0.5034242675915263,0.53125,4
Food-price.csv,1051,0.3165283203125,0.3125,0.08300772274236876,0.03875492125984252,0.049598938746680345,0.08,0.20634920634920634,0.05739182692307692,0.6827407360833052,0.5234375,2
Food-price.csv,1052,0.3150634765625,0.296875,0.0754113005912166,0.04109251968503937,0.04572503248352801,0.07547169811320754,0.2698412698412698,0.04940257352941176,0.6422807656612276,0.625,1
Food-price.csv,1053,0.339111328125,0.34375,0.0356604135741996,0.023252952755905512,0.024791991264280524,0.08602150537634409,0.1746031746031746,0.03515625,0.5115403727669244,0.5078125,7
Food-price.csv,1054,0.3389892578125,0.34375,0.0628213963447723,0.03666338582677165,0.03991457262982052,0.0761904761904762,0.25396825396825395,0.05078125,0.5914650259334533,0.6015625,1
Food-price.csv,1055,0.3177490234375,0.328125,0.06383693806983746,0.042568897637795276,0.05478591276384352,0.07766990291262135,0.29365079365079366,0.06376689189189189,0.6068405349466367,0.65625,1
Food-price.csv,1056,0.3265380859375,0.3125,0.05047382317428067,0.031003937007874016,0.03636657855340625,0.07920792079207921,0.23809523809523808,0.045572916666666664,0.5823826155646307,0.65625,1
Food-price.csv,1057,0.32958984375,0.3125,0.05611411742328606,0.027559055118110236,0.031400761637111,0.08080808080808081,0.2222222222222222,0.04185267857142857,0.6186091630746524,0.53125,1
Food-price.csv,1058,0.33740234375,0.34375,0.06641881487286724,0.03740157480314961,0.04160211392882298,0.08163265306122448,0.23809523809523808,0.05260416666666667,0.6086731573769181,0.578125,1
Food-price.csv,1059,0.3485107421875,0.359375,0.06939941509313656,0.05265748031496063,0.06407354636393388,0.06837606837606838,0.31746031746031744,0.0703125,0.6487544826318715,0.671875,1
Food-price.csv,1060,0.2933349609375,0.25,0.07580074963941262,0.0375246062992126,0.04751692363086085,0.07766990291262135,0.2222222222222222,0.05552455357142857,0.537329263206329,0.59375,2
Food-price.csv,1061,0.32470703125,0.359375,0.08196001138473887,0.03764763779527559,0.04985038248783824,0.08421052631578947,0.20634920634920634,0.056490384615384616,0.5870490334363415,0.53125,1
Food-price.csv,1062,0.3101806640625,0.328125,0.06332131989211322,0.025959645669291338,0.04155879373946235,0.0963855421686747,0.15079365079365079,0.03495065789473684,0.6053234414087759,0.4375,3
Food-price.csv,1063,0.331787109375,0.34375,0.08390449451052168,0.03617125984251968,0.050056131885690885,0.07766990291262135,0.24603174603174602,0.04788306451612903,0.6137897855787666,0.5390625,1
Food-price.csv,1064,0.3282470703125,0.3515625,0.08510104498552218,0.052780511811023625,0.06380674816469042,0.07339449541284404,0.30952380952380953,0.0641025641025641,0.6475108540935296,0.6875,1
Food-price.csv,1065,0.3167724609375,0.3125,0.08223363343052509,0.05204232283464567,0.06479708108885722,0.07407407407407407,0.31746031746031744,0.070703125,0.6320554181971976,0.7265625,1
Food-price.csv,1066,0.303955078125,0.296875,0.06503816437888715,0.02878937007874016,0.03553459727561585,0.08080808080808081,0.23809523809523808,0.04505208333333333,0.5959727161563575,0.578125,4
Food-price.csv,1067,0.34765625,0.34375,0.026131031563007133,0.018577755905511813,0.021094072017862002,0.09195402298850575,0.20634920634920634,0.03125,0.449098400866603,0.5234375,7
Food-price.csv,1068,0.337158203125,0.34375,0.05195493766662718,0.02792814960629921,0.030416411693626858,0.07920792079207921,0.2698412698412698,0.03998161764705882,0.5590795055140999,0.6484375,5
Food-price.csv,1069,0.34423828125,0.34375,0.05787111352514006,0.03641732283464567,0.0369991528036402,0.06956521739130435,0.24603174603174602,0.04838709677419355,0.6088236292764271,0.5859375,1
Food-price.csv,1070,0.371826171875,0.375,0.05382124238104514,0.05081200787401575,0.06084700477963959,0.07207207207207207,0.30158730158730157,0.06702302631578948,0.5653778255310649,0.6953125,1
Food-price.csv,1071,0.32080078125,0.3125,0.08281658810295585,0.05327263779527559,0.05754718497335032,0.07207207207207207,0.3253968253968254,0.059260670731707314,0.6171878989121867,0.71875,1
Food-price.csv,1072,0.2984619140625,0.265625,0.06683112710734368,0.03580216535433071,0.04219639543413724,0.08247422680412371,0.23809523809523808,0.054947916666666666,0.6054481248256381,0.5859375,1
Food-price.csv,1073,0.3736572265625,0.390625,0.05640533509925818,0.03137303149606299,0.031525365459972594,0.07766990291262135,0.1984126984126984,0.0409375,0.6146307519455223,0.4921875,1
Food-price.csv,1074,0.296142578125,0.296875,0.05287378040106595,0.0296505905511811,0.0490918794967688,0.08888888888888889,0.21428571428571427,0.04311342592592592,0.5482166977972825,0.5390625,1
Food-price.csv,1075,0.2740478515625,0.28125,0.06957354598587223,0.05031988188976378,0.0820943733469126,0.08333333333333333,0.23015873015873015,0.06627155172413793,0.5040607240158196,0.59375,1
Food-price.csv,1076,0.2591552734375,0.265625,0.08124923338895217,0.06274606299212598,0.09424051981526385,0.08247422680412371,0.2222222222222222,0.09068080357142858,0.5227089478024062,0.515625,1
Food-price.csv,1077,0.2813720703125,0.296875,0.07537888746848977,0.056594488188976375,0.08566986182739789,0.07692307692307693,0.2777777777777778,0.06651785714285714,0.5235314884223762,0.640625,1
Food-price.csv,1078,0.2760009765625,0.28125,0.0581453330869169,0.03887795275590551,0.06517604390386396,0.08,0.16666666666666666,0.05319940476190476,0.5351305529679816,0.5,1
Food-price.csv,1079,0.2718505859375,0.296875,0.07722479023730489,0.051304133858267716,0.08542196470909348,0.08602150537634409,0.20634920634920634,0.08864182692307693,0.5060903274069937,0.5859375,1
Food-price.csv,1080,0.2576904296875,0.28125,0.08175166486508888,0.06446850393700787,0.09537615512621288,0.07920792079207921,0.24603174603174602,0.07459677419354839,0.4836596057443691,0.5703125,1
Food-price.csv,1081,0.2696533203125,0.28125,0.0841261089132832,0.07000492125984252,0.10568054601252584,0.07920792079207921,0.2619047619047619,0.09327651515151515,0.5314180786891226,0.640625,1
Food-price.csv,1082,0.280029296875,0.296875,0.07016611756255643,0.05548720472440945,0.0875954875978289,0.08,0.2698412698412698,0.06847426470588236,0.5092493027178026,0.6015625,1
Food-price.csv,1083,0.27197265625,0.28125,0.0742299924667665,0.051919291338582675,0.0883422686431889,0.08791208791208792,0.2222222222222222,0.08314732142857142,0.5213290448156754,0.515625,1
Food-price.csv,1084,0.2647705078125,0.28125,0.0801092878043212,0.06459153543307086,0.09634615231114388,0.07920792079207921,0.2222222222222222,0.08454241071428571,0.5376876984060773,0.625,1
Food-price.csv,1085,0.27734375,0.296875,0.0753157011119486,0.060900590551181105,0.09333558845103851,0.07692307692307693,0.25396825396825395,0.0947265625,0.5395642150918322,0.578125,1
Food-price.csv,1086,0.2801513671875,0.296875,0.07004570677900153,0.054010826771653545,0.08704615288564142,0.08080808080808081,0.30158730158730157,0.07092927631578948,0.4985100254619042,0.65625,1
Food-price.csv,1087,0.2857666015625,0.296875,0.07526889520073804,0.06077755905511811,0.09241229736926469,0.07766990291262135,0.2619047619047619,0.07978219696969698,0.5006015419296453,0.6328125,1
Food-price.csv,1088,0.271728515625,0.28125,0.07800856496785148,0.05511811023622047,0.08620443893499964,0.0761904761904762,0.2857142857142857,0.07291666666666667,0.5360796798489756,0.6171875,1
Food-price.csv,1089,0.2757568359375,0.28125,0.05672776983332013,0.03420275590551181,0.06071302042152241,0.09302325581395349,0.14285714285714285,0.049479166666666664,0.5154052352792404,0.515625,1
Food-price.csv,1090,0.2723388671875,0.296875,0.07987979426196541,0.053395669291338585,0.0825736589030109,0.07920792079207921,0.23809523809523808,0.05130208333333333,0.5021060105777191,0.5859375,1
Food-price.csv,1091,0.249267578125,0.28125,0.09599881328405586,0.06188484251968504,0.09245749396628909,0.08163265306122448,0.20634920634920634,0.07151442307692307,0.5233035381089454,0.5546875,1
Food-price.csv,1092,0.2841796875,0.296875,0.06784825661203808,0.051181102362204724,0.08124141491388488,0.08,0.25396825396825395,0.066650390625,0.5265028635115548,0.6015625,1
Food-price.csv,1093,0.265380859375,0.28125,0.0830476553046817,0.07443405511811024,0.1016113543331755,0.07339449541284404,0.30952380952380953,0.09975961538461539,0.5347460638147176,0.703125,1
Food-price.csv,1094,0.2659912109375,0.28125,0.07920312836542233,0.05204232283464567,0.08854165716909809,0.08695652173913043,0.1984126984126984,0.0809375,0.5279364357184976,0.5234375,1
Food-price.csv,1095,0.2672119140625,0.28125,0.07743444423480776,0.055979330708661415,0.09202065061020422,0.09090909090909091,0.15873015873015872,0.0828125,0.4820407610732851,0.515625,1
Food-price.csv,1096,0.2664794921875,0.28125,0.06919987182136748,0.049335629921259845,0.0827593286080213,0.08080808080808081,0.20634920634920634,0.06911057692307693,0.504934157607374,0.59375,1
Food-price.csv,1097,0.2764892578125,0.296875,0.07835801660609683,0.06668307086614174,0.08581603394417829,0.07142857142857142,0.3253968253968254,0.06974085365853659,0.5303452975438042,0.7109375,1
Food-price.csv,1098,0.2620849609375,0.28125,0.09200887346494106,0.07997047244094488,0.10806858588912881,0.07142857142857142,0.35714285714285715,0.0921875,0.5295486990333008,0.7421875,1
Food-price.csv,1099,0.2559814453125,0.28125,0.0887140484646112,0.07394192913385826,0.10710073698630986,0.08080808080808081,0.23015873015873015,0.10533405172413793,0.5000496610670057,0.59375,1
Food-price.csv,1100,0.2784423828125,0.28125,0.06664804307764795,0.05499507874015748,0.08204605096367505,0.0761904761904762,0.25396825396825395,0.069580078125,0.5260369192217734,0.6171875,1
Food-price.csv,1101,0.27294921875,0.28125,0.07844022100220029,0.054010826771653545,0.08626973416773442,0.08,0.24603174603174602,0.06829637096774194,0.5379715513472474,0.6015625,1
Food-price.csv,1102,0.26611328125,0.28125,0.08221560153710729,0.07098917322834646,0.10137078561929148,0.07766990291262135,0.2857142857142857,0.0881076388888889,0.5215701615683328,0.6796875,1
Food-price.csv,1103,0.278076171875,0.296875,0.08547816195088491,0.07726377952755906,0.10353888043103429,0.07272727272727272,0.3412698412698413,0.09156976744186046,0.5177980898666824,0.75,1
Food-price.csv,1104,0.2716064453125,0.28125,0.06827900112472911,0.04084645669291338,0.07201894297262218,0.08080808080808081,0.20634920634920634,0.052884615384615384,0.5144209463590104,0.5390625,1
Food-price.csv,1105,0.2774658203125,0.296875,0.07033273617625029,0.05364173228346457,0.08128667761223489,0.0784313725490196,0.2222222222222222,0.06501116071428571,0.5269407593634104,0.5859375,1
Food-price.csv,1106,0.265625,0.28125,0.0804108939462457,0.06139271653543307,0.09810232475906083,0.0898876404494382,0.16666666666666666,0.09486607142857142,0.5258612876847575,0.4921875,1
Food-price.csv,1107,0.2769775390625,0.296875,0.0784834269079608,0.06434547244094488,0.09394693417624324,0.07272727272727272,0.30158730158730157,0.07298519736842106,0.5290038863570833,0.6484375,1
Food-price.csv,1108,0.2598876953125,0.28125,0.08751811453096783,0.0797244094488189,0.10807250766971828,0.07476635514018691,0.30158730158730157,0.10834703947368421,0.5274788582450644,0.6953125,1
Food-price.csv,1109,0.2591552734375,0.28125,0.0919323996212464,0.07246555118110236,0.10313635725717127,0.08080808080808081,0.23015873015873015,0.10856681034482758,0.5381959739967505,0.5703125,1
Food-price.csv,1110,0.2681884765625,0.296875,0.09384714497596651,0.08489173228346457,0.11437681774533849,0.0784313725490196,0.2619047619047619,0.11600378787878787,0.5308464600576167,0.6328125,1
Food-price.csv,1111,0.2689208984375,0.28125,0.07925578965058719,0.06619094488188976,0.10033578690846189,0.07547169811320754,0.30158730158730157,0.09703947368421052,0.5114315119417718,0.6484375,1
Food-price.csv,1112,0.2855224609375,0.28125,0.048816984813161844,0.03260334645669291,0.05165594245931716,0.08695652173913043,0.19047619047619047,0.051432291666666664,0.520260033358526,0.515625,1
Food-price.csv,1113,0.280029296875,0.296875,0.06826470495412959,0.04921259842519685,0.07813923935582207,0.0851063829787234,0.1984126984126984,0.0575,0.5152577274901348,0.484375,1
Food-price.csv,1114,0.253662109375,0.265625,0.07285665131250826,0.04699803149606299,0.07549704227182867,0.08333333333333333,0.1984126984126984,0.066875,0.5005835238108355,0.5234375,1
Food-price.csv,1115,0.28466796875,0.296875,0.07986197724540696,0.06459153543307086,0.0924566753838583,0.07407407407407407,0.23015873015873015,0.07408405172413793,0.5223713026598504,0.5859375,1
Food-price.csv,1116,0.2884521484375,0.296875,0.0654487012878562,0.04429133858267716,0.06771897634826606,0.07407407407407407,0.29365079365079366,0.05152027027027027,0.5392772343533875,0.6640625,1
Food-price.csv,1117,0.2967529296875,0.3125,0.06755938407918709,0.05388779527559055,0.08021823370261612,0.08,0.25396825396825395,0.061279296875,0.48276602981465616,0.6328125,1
Food-price.csv,1118,0.2845458984375,0.296875,0.06770479975551953,0.0483513779527559,0.07780280685804986,0.08163265306122448,0.25396825396825395,0.072021484375,0.5179655217036697,0.6015625,1
Food-price.csv,1119,0.284423828125,0.28125,0.040611822485328505,0.02878937007874016,0.0388923556745816,0.08791208791208792,0.2222222222222222,0.042689732142857144,0.5016366673386787,0.53125,1
Food-price.csv,1120,0.2855224609375,0.28125,0.0468633955260697,0.03334153543307087,0.059711483254772386,0.08602150537634409,0.21428571428571427,0.05844907407407408,0.5118385558644666,0.5,1
Food-price.csv,1121,0.2890625,0.296875,0.049023048429730987,0.035063976377952756,0.05527634109078919,0.0851063829787234,0.1746031746031746,0.040482954545454544,0.5125107288390307,0.5546875,1
Food-price.csv,1122,0.2757568359375,0.28125,0.06857081818521835,0.050688976377952756,0.07798256049069227,0.08080808080808081,0.21428571428571427,0.05613425925925926,0.5485813888442562,0.578125,1
Food-price.csv,1123,0.26708984375,0.28125,0.07469107264189918,0.046628937007874016,0.0799367736387675,0.08421052631578947,0.1984126984126984,0.0584375,0.5069250491283286,0.5625,1
Food-price.csv,1124,0.2886962890625,0.28125,0.0489827568602195,0.037770669291338585,0.058015840822684635,0.07766990291262135,0.25396825396825395,0.054443359375,0.5285796518387739,0.6171875,1
Food-price.csv,1125,0.2786865234375,0.296875,0.07317776707955395,0.05573326771653543,0.08781208736586538,0.08247422680412371,0.20634920634920634,0.07301682692307693,0.5509387665899607,0.515625,1
Food-price.csv,1126,0.2747802734375,0.28125,0.0640531905318388,0.0327263779527559,0.057416045634731704,0.08421052631578947,0.2222222222222222,0.04827008928571429,0.5085444818792394,0.5390625,1
Food-price.csv,1127,0.2884521484375,0.2890625,0.044233100368793715,0.03395669291338583,0.05247087769788125,0.08247422680412371,0.18253968253968253,0.051630434782608696,0.4935048832823781,0.5078125,1
Food-price.csv,1128,0.2691650390625,0.28125,0.05735057634265249,0.039124015748031496,0.06526470083599824,0.08888888888888889,0.15873015873015872,0.05,0.5250878631410866,0.5,1
Food-price.csv,1129,0.274658203125,0.296875,0.08287810120454764,0.0640994094488189,0.09321192877518324,0.07692307692307693,0.23809523809523808,0.08046875,0.5424694556828445,0.6015625,1
Food-price.csv,1130,0.2889404296875,0.28125,0.044666226265050436,0.035063976377952756,0.05194144394365827,0.07692307692307693,0.2777777777777778,0.04642857142857143,0.530437961269628,0.6171875,2
Food-price.csv,1131,0.3099365234375,0.3125,0.04300324182710038,0.031003937007874016,0.032984833580162166,0.08163265306122448,0.19047619047619047,0.037434895833333336,0.553065320716637,0.53125,2
Food-price.csv,1132,0.29345703125,0.296875,0.054685320129545724,0.03125,0.040088638257277265,0.08247422680412371,0.18253968253968253,0.044157608695652176,0.5745347787355225,0.453125,1
Food-price.csv,1133,0.29736328125,0.296875,0.03881452049610781,0.027682086614173228,0.033286784592688703,0.08333333333333333,0.20634920634920634,0.03365384615384615,0.5420360715186813,0.546875,2
Food-price.csv,1134,0.3104248046875,0.328125,0.056043835164296084,0.04552165354330709,0.060309281398938465,0.07766990291262135,0.1984126984126984,0.056875,0.5568423338516734,0.6015625,2
Food-price.csv,1135,0.3128662109375,0.3125,0.042856068682832926,0.03309547244094488,0.03278783599365592,0.08080808080808081,0.1746031746031746,0.04261363636363636,0.5512273073227921,0.5546875,2
Food-price.csv,1136,0.2872314453125,0.28125,0.04740589230728744,0.03186515748031496,0.05144629348898446,0.08,0.1984126984126984,0.0428125,0.5203069464637167,0.5546875,3
Food-price.csv,1137,0.3128662109375,0.3125,0.04527985942803591,0.03481791338582677,0.03679773118883881,0.07766990291262135,0.20634920634920634,0.045973557692307696,0.5664125524540876,0.5078125,3
Food-price.csv,1138,0.31396484375,0.3203125,0.04648427241979228,0.0436761811023622,0.043859649866366576,0.07547169811320754,0.23809523809523808,0.05651041666666667,0.5496824657731421,0.578125,1
Food-price.csv,1139,0.301025390625,0.296875,0.044042183811949395,0.03863188976377953,0.03760579992191862,0.07407407407407407,0.2857142857142857,0.052734375,0.5689508286422087,0.640625,1
Food-price.csv,1140,0.29443359375,0.296875,0.050797679884185765,0.03469488188976378,0.04838501990255151,0.08080808080808081,0.19047619047619047,0.041666666666666664,0.5743175007999857,0.546875,3
Food-price.csv,1141,0.2908935546875,0.2890625,0.04111414385182895,0.024483267716535435,0.033540019587476794,0.0898876404494382,0.15079365079365079,0.041529605263157895,0.5514844858677354,0.4296875,1
Food-price.csv,1142,0.311279296875,0.3125,0.045201632915809746,0.03654035433070866,0.040433398509548156,0.08333333333333333,0.1984126984126984,0.054375,0.566188996062879,0.546875,1
Food-price.csv,1143,0.2838134765625,0.28125,0.05418918276135193,0.0344488188976378,0.054914236896813295,0.08163265306122448,0.20634920634920634,0.049879807692307696,0.5310642603352517,0.5078125,2
Food-price.csv,1144,0.3211669921875,0.328125,0.04016076177640156,0.03309547244094488,0.03538219841583379,0.08080808080808081,0.18253968253968253,0.044497282608695655,0.5280364053928007,0.4921875,1
Food-price.csv,1145,0.3192138671875,0.3203125,0.04196645258610797,0.029773622047244094,0.035099572690027225,0.0851063829787234,0.21428571428571427,0.04282407407407408,0.5498538906646755,0.4921875,1
Food-price.csv,1146,0.2960205078125,0.296875,0.03565769736238501,0.027682086614173228,0.03217079541653663,0.08163265306122448,0.18253968253968253,0.04585597826086957,0.5191602631473033,0.5546875,1
Food-price.csv,1147,0.3062744140625,0.3125,0.04051686346748246,0.031126968503937008,0.033246743610343556,0.08421052631578947,0.19047619047619047,0.0439453125,0.5499468750013919,0.4921875,1
Food-price.csv,1148,0.306884765625,0.296875,0.04374888282439414,0.034940944881889764,0.04058696986385216,0.08421052631578947,0.1746031746031746,0.05149147727272727,0.5392662244540889,0.515625,1
Food-price.csv,1149,0.30419921875,0.296875,0.03405039721017801,0.02780511811023622,0.03395713867675005,0.0851063829787234,0.18253968253968253,0.04891304347826087,0.5051721544083901,0.4765625,1
Food-price.csv,1150,0.3035888671875,0.3125,0.06348958982155203,0.045890748031496065,0.0556586655890088,0.08421052631578947,0.18253968253968253,0.06351902173913043,0.5380642286716324,0.5625,2
Food-price.csv,1151,0.292236328125,0.2890625,0.04565299129149243,0.039124015748031496,0.04822426615794372,0.07339449541284404,0.1984126984126984,0.0496875,0.5503260223285352,0.5234375,2
Food-price.csv,1152,0.2867431640625,0.28125,0.0471019021555223,0.029896653543307086,0.046027593825104414,0.08080808080808081,0.19047619047619047,0.040690104166666664,0.5526431262203277,0.5703125,2
Food-price.csv,1153,0.3189697265625,0.3125,0.040242307306939666,0.03346456692913386,0.03603415885980565,0.08421052631578947,0.20634920634920634,0.05108173076923077,0.5305762757079745,0.546875,3
Food-price.csv,1154,0.302490234375,0.3125,0.06388045706832074,0.032849409448818895,0.03625277052466807,0.08695652173913043,0.14285714285714285,0.045572916666666664,0.5985758493491161,0.453125,3
Food-price.csv,1155,0.20263671875,0.203125,0.032561440712361736,0.026328740157480313,0.028930981213974548,0.08791208791208792,0.20634920634920634,0.04447115384615385,0.5067161438139813,0.53125,5
Food-price.csv,1156,0.2010498046875,0.203125,0.045064781766096636,0.02312992125984252,0.03544930047167091,0.10526315789473684,0.12698412698412698,0.0625,0.540082628365992,0.4140625,4
Food-price.csv,1157,0.286865234375,0.296875,0.05166502498766761,0.018454724409448817,0.029957095588610608,0.1,0.12698412698412698,0.02978515625,0.4523874734363443,0.4609375,4
Food-price.csv,1158,0.291015625,0.296875,0.11488625913947455,0.054749015748031496,0.10129714380245472,0.08163265306122448,0.2777777777777778,0.07700892857142858,0.5869277270501326,0.59375,2
Food-price.csv,1159,0.3673095703125,0.390625,0.11589449586198833,0.06274606299212598,0.12167995339140546,0.09411764705882353,0.18253968253968253,0.07982336956521739,0.488282578299059,0.5,1
Food-price.csv,1160,0.3782958984375,0.390625,0.09737561911997016,0.04466043307086614,0.09333331796592798,0.08602150537634409,0.20634920634920634,0.07602163461538461,0.48157274669941885,0.5234375,1
Food-price.csv,1161,0.387939453125,0.390625,0.050332655571591174,0.02891240157480315,0.04028375093398303,0.07766990291262135,0.25396825396825395,0.04345703125,0.5453294237750151,0.6015625,2
Food-price.csv,1162,0.3681640625,0.40625,0.11628477171291268,0.04343011811023622,0.08713792021364337,0.08602150537634409,0.20634920634920634,0.052884615384615384,0.49420662600299975,0.4765625,1
Food-price.csv,1163,0.3768310546875,0.390625,0.09670673338851177,0.047121062992125984,0.10109027200841922,0.08888888888888889,0.19047619047619047,0.052408854166666664,0.46759275407236683,0.484375,1
Food-price.csv,1164,0.3868408203125,0.40625,0.07750599730267184,0.024975393700787402,0.062106903643314476,0.1,0.18253968253968253,0.04008152173913043,0.4110067032264455,0.484375,1
Food-price.csv,1165,0.3836669921875,0.40625,0.09904883245293203,0.04872047244094488,0.10701392402491315,0.09876543209876543,0.09523809523809523,0.037109375,0.4997676552941341,0.4140625,1
Food-price.csv,1166,0.38037109375,0.40625,0.09691983077792934,0.057455708661417325,0.10857025888365895,0.08247422680412371,0.23809523809523808,0.0578125,0.46148433068676725,0.5546875,1
Food-price.csv,1167,0.368896484375,0.40625,0.11601355965057115,0.05954724409448819,0.11559959758108561,0.08333333333333333,0.20634920634920634,0.07181490384615384,0.47750085966368744,0.5703125,1
Food-price.csv,1168,0.39404296875,0.40625,0.07120038095008006,0.025344488188976378,0.0478261896709202,0.08888888888888889,0.18253968253968253,0.042119565217391304,0.43269496985268213,0.53125,1
Food-price.csv,1169,0.3717041015625,0.40625,0.11719811709310594,0.06742125984251969,0.12094653130955996,0.08163265306122448,0.21428571428571427,0.07725694444444445,0.4893818958784821,0.5390625,1
Food-price.csv,1170,0.3436279296875,0.359375,0.09672398948959932,0.05142716535433071,0.0992309843157065,0.08333333333333333,0.20634920634920634,0.05739182692307692,0.5453769069644777,0.5625,1
Food-price.csv,1171,0.3277587890625,0.359375,0.09973308884049688,0.07160433070866142,0.11420610272033542,0.08163265306122448,0.1984126984126984,0.0865625,0.5002854908722102,0.6015625,1
Food-price.csv,1172,0.3367919921875,0.359375,0.09259972622112066,0.07271161417322834,0.11135852500147742,0.07692307692307693,0.19047619047619047,0.06868489583333333,0.4904525326952553,0.625,1
Food-price.csv,1173,0.361083984375,0.375,0.060143387645560265,0.039739173228346455,0.06970513335507462,0.08163265306122448,0.1746031746031746,0.05575284090909091,0.48474445915338077,0.5390625,1
Food-price.csv,1174,0.351806640625,0.375,0.07983921045585683,0.05770177165354331,0.09650862207927734,0.07692307692307693,0.25396825396825395,0.0615234375,0.5019832095210728,0.6015625,1
Food-price.csv,1175,0.3582763671875,0.375,0.060647081699275615,0.04047736220472441,0.06693637061385557,0.08163265306122448,0.18253968253968253,0.04857336956521739,0.4786747609620438,0.578125,1
Food-price.csv,1176,0.3555908203125,0.375,0.07307261865019893,0.04859744094488189,0.09166036369115345,0.08,0.20634920634920634,0.05108173076923077,0.47221438714812863,0.4921875,1
Food-price.csv,1177,0.36669921875,0.375,0.04388830938372454,0.03297244094488189,0.05232904278548326,0.07920792079207921,0.15873015873015872,0.0453125,0.4957927640181432,0.5234375,1
Food-price.csv,1178,0.364501953125,0.375,0.043721625799957996,0.035679133858267716,0.0527559858494805,0.0761904761904762,0.23809523809523808,0.04505208333333333,0.49234431720369937,0.5390625,1
Food-price.csv,1179,0.357421875,0.359375,0.05006252194521991,0.035063976377952756,0.06227557317525487,0.08247422680412371,0.2222222222222222,0.049107142857142856,0.45678925085578076,0.578125,1
Food-price.csv,1180,0.3419189453125,0.359375,0.08917509958610824,0.06680610236220473,0.1051485353927552,0.07692307692307693,0.24603174603174602,0.08870967741935484,0.509923284355121,0.59375,1
Food-price.csv,1181,0.3546142578125,0.3671875,0.0680674176571983,0.046875,0.08256339278845169,0.0851063829787234,0.16666666666666666,0.06287202380952381,0.5033706666363672,0.5,1
Food-price.csv,1182,0.3524169921875,0.359375,0.06742691586989948,0.046505905511811024,0.0871941841668728,0.08602150537634409,0.15873015873015872,0.0625,0.4940314770002155,0.546875,1
Food-price.csv,1183,0.3594970703125,0.359375,0.049967033724150255,0.03383366141732284,0.05868537879934296,0.08080808080808081,0.18253968253968253,0.03804347826086957,0.44613447931013,0.5703125,1
Food-price.csv,1184,0.301513671875,0.328125,0.10659052192320424,0.06299212598425197,0.10432737166888865,0.08,0.21428571428571427,0.06655092592592593,0.47344001998513013,0.5234375,1
Food-price.csv,1185,0.30859375,0.34375,0.12195697863866535,0.09202755905511811,0.129356721495291,0.0761904761904762,0.24603174603174602,0.10660282258064516,0.5181803832713405,0.625,1
Food-price.csv,1186,0.345458984375,0.375,0.1002247073832708,0.07775590551181102,0.12361537142971986,0.07547169811320754,0.20634920634920634,0.08323317307692307,0.514648561610365,0.578125,1
Food-price.csv,1187,0.3477783203125,0.359375,0.0793181855829471,0.056840551181102365,0.09080574587301442,0.0784313725490196,0.2222222222222222,0.07282366071428571,0.5075744923131456,0.6015625,1
Food-price.csv,1188,0.35693359375,0.359375,0.04209142978450258,0.03358759842519685,0.0453991221725221,0.07766990291262135,0.23015873015873015,0.03556034482758621,0.484732679778693,0.59375,1
Food-price.csv,1189,0.31005859375,0.328125,0.09703783685561118,0.04884350393700788,0.08903826005746629,0.08247422680412371,0.2222222222222222,0.05357142857142857,0.554553557158579,0.5390625,1
Food-price.csv,1190,0.25732421875,0.28125,0.08477411886807434,0.05351870078740158,0.08939438364048186,0.09195402298850575,0.1746031746031746,0.06427556818181818,0.5458589883298423,0.4453125,2
Food-price.csv,1191,0.2763671875,0.296875,0.07784985729442102,0.04109251968503937,0.06740711422673128,0.08602150537634409,0.19047619047619047,0.055013020833333336,0.5423884822406414,0.4921875,2
Food-price.csv,1192,0.2508544921875,0.265625,0.07825449701494758,0.05585629921259842,0.08493950498775005,0.07920792079207921,0.2222222222222222,0.06612723214285714,0.5260274819873328,0.5390625,2
Food-price.csv,1193,0.2918701171875,0.296875,0.05391239186556236,0.03334153543307087,0.057946920391671077,0.08333333333333333,0.16666666666666666,0.04017857142857143,0.5302057993268293,0.484375,2
Food-price.csv,1194,0.27099609375,0.28125,0.08310397692550556,0.04133858267716536,0.06578262960564676,0.08,0.21428571428571427,0.06336805555555555,0.5665980206354053,0.4921875,2
Food-price.csv,1195,0.2755126953125,0.28125,0.07257826937526637,0.04675196850393701,0.07730862990595569,0.08602150537634409,0.1984126984126984,0.0559375,0.5536657518481406,0.5234375,2
Food-price.csv,1196,0.265380859375,0.296875,0.0946406338474269,0.06594488188976377,0.1010318584927441,0.08247422680412371,0.15873015873015872,0.078515625,0.5433829815673065,0.5,2
Food-price.csv,1197,0.2537841796875,0.28125,0.08985958789050016,0.060900590551181105,0.08976595818386271,0.08421052631578947,0.15873015873015872,0.0609375,0.5503457609146696,0.484375,2
Food-price.csv,1198,0.281005859375,0.296875,0.07077173097445653,0.04490649606299212,0.07689714562992256,0.08791208791208792,0.15873015873015872,0.052734375,0.5219562683223696,0.46875,2
Food-price.csv,1199,0.2711181640625,0.28125,0.07153851486118087,0.037155511811023625,0.06159935263629399,0.08421052631578947,0.21428571428571427,0.048032407407407406,0.5398234834713783,0.4765625,3
Food-price.csv,1200,0.275390625,0.296875,0.0749094098076762,0.03740157480314961,0.06707417196480396,0.08602150537634409,0.16666666666666666,0.050595238095238096,0.5313476677516482,0.4765625,2
Food-price.csv,1201,0.26708984375,0.28125,0.08824662061061793,0.05917814960629921,0.09254536757168139,0.0898876404494382,0.1349206349206349,0.07582720588235294,0.5458176318253004,0.421875,2
Food-price.csv,1202,0.286865234375,0.3046875,0.08885611999678227,0.04749015748031496,0.08326824007206829,0.08,0.21428571428571427,0.05324074074074074,0.5332333282987162,0.515625,2
Food-price.csv,1203,0.332763671875,0.328125,0.023466727788079744,0.017101377952755906,0.013924861040276489,0.0851063829787234,0.15873015873015872,0.023828125,0.43169503712112317,0.484375,5
Food-price.csv,1204,0.3753662109375,0.375,0.048572174630526044,0.018331692913385825,0.024022352502863657,0.0963855421686747,0.1349206349206349,0.03814338235294118,0.585107940975976,0.4375,7
Food-price.csv,1205,0.391357421875,0.390625,0.046991204230088596,0.02718996062992126,0.02856398161784508,0.0784313725490196,0.25396825396825395,0.03857421875,0.5767664935764418,0.6171875,5
Food-price.csv,1206,0.436279296875,0.4375,0.035135050845887715,0.0359251968503937,0.03476287524126838,0.08080808080808081,0.23809523809523808,0.044270833333333336,0.48877025344502023,0.6328125,2
Food-price.csv,1207,0.435302734375,0.4375,0.030803349496109078,0.031003937007874016,0.031371825281737195,0.08333333333333333,0.2619047619047619,0.043560606060606064,0.4702153776262475,0.625,2
Food-price.csv,1208,0.419677734375,0.4375,0.08588720063407335,0.05720964566929134,0.11211281785607899,0.07547169811320754,0.2698412698412698,0.08134191176470588,0.46102439927538247,0.6015625,2
Food-price.csv,1209,0.429931640625,0.4375,0.06126665083657033,0.04478346456692913,0.07675627306563226,0.08247422680412371,0.21428571428571427,0.0720486111111111,0.49583646201098236,0.6171875,2
Food-price.csv,1210,0.4339599609375,0.4375,0.049841624008327985,0.039616141732283464,0.06033387295429455,0.08,0.2698412698412698,0.046645220588235295,0.4976814121515943,0.609375,2
Food-price.csv,1211,0.43310546875,0.453125,0.06301477156140871,0.04576771653543307,0.08360875050216814,0.07920792079207921,0.2619047619047619,0.0634469696969697,0.5057730169626528,0.609375,2
Food-price.csv,1212,0.4359130859375,0.4375,0.033078802391039296,0.03137303149606299,0.03002623928062902,0.07766990291262135,0.30158730158730157,0.039473684210526314,0.4870286596685964,0.6953125,2
Food-price.csv,1213,0.4267578125,0.4375,0.07084622733248463,0.04958169291338583,0.09870623018059582,0.08163265306122448,0.2777777777777778,0.07611607142857142,0.484371399258643,0.6484375,2
Food-price.csv,1214,0.436279296875,0.4453125,0.03698629749299043,0.03764763779527559,0.03606774853768209,0.0761904761904762,0.25396825396825395,0.05078125,0.5194758474895139,0.671875,2
Food-price.csv,1215,0.4373779296875,0.453125,0.03666968618588955,0.03863188976377953,0.03614614265329368,0.07692307692307693,0.2698412698412698,0.05261948529411765,0.5156364585957309,0.6328125,2
Food-price.csv,1216,0.433349609375,0.453125,0.05004287312133504,0.039124015748031496,0.062465357517421514,0.0761904761904762,0.29365079365079366,0.05152027027027027,0.49131708878602254,0.6875,2
Food-price.csv,1217,0.4384765625,0.453125,0.03709652326801285,0.03826279527559055,0.040170489994510054,0.07476635514018691,0.3253968253968254,0.046875,0.5142620659672877,0.6953125,2
Food-price.csv,1218,0.435546875,0.4453125,0.03268203228648733,0.031619094488188976,0.032720364582810156,0.08602150537634409,0.23809523809523808,0.04583333333333333,0.4794277889397564,0.59375,2
Food-price.csv,1219,0.438720703125,0.4453125,0.03323811202387803,0.0359251968503937,0.03277028831458602,0.07476635514018691,0.29365079365079366,0.04666385135135135,0.4937486105423501,0.6640625,2
Food-price.csv,1220,0.440185546875,0.453125,0.03227738505562452,0.031126968503937008,0.030281248031503977,0.08,0.23015873015873015,0.04040948275862069,0.4821125358632283,0.6171875,3
Food-price.csv,1221,0.432373046875,0.453125,0.052593466800464415,0.03986220472440945,0.06625380288195003,0.08333333333333333,0.21428571428571427,0.053530092592592594,0.5064757206111221,0.59375,2
Food-price.csv,1222,0.436279296875,0.4453125,0.033637404355438015,0.03457185039370079,0.03895185714596098,0.08602150537634409,0.20634920634920634,0.0546875,0.4824935906871501,0.546875,2
Food-price.csv,1223,0.4361572265625,0.453125,0.049719494529342885,0.03531003937007874,0.0606331866994401,0.0851063829787234,0.16666666666666666,0.05654761904761905,0.48801056595705167,0.5,2
Food-price.csv,1224,0.435546875,0.4375,0.031310975667737106,0.03198818897637795,0.029402725787383507,0.07272727272727272,0.30952380952380953,0.0390625,0.48746796004597076,0.6796875,3
Food-price.csv,1225,0.4349365234375,0.4375,0.033816561231140144,0.03604822834645669,0.033934397279333506,0.07207207207207207,0.29365079365079366,0.04793074324324324,0.5065086797870509,0.6796875,2
Food-price.csv,1226,0.436279296875,0.4375,0.030421724465051127,0.03297244094488189,0.031140824699089555,0.07766990291262135,0.30952380952380953,0.04326923076923077,0.46651775251251865,0.6875,2
Food-price.csv,1227,0.433349609375,0.453125,0.07100044247663997,0.04343011811023622,0.09236412884144789,0.0898876404494382,0.15873015873015872,0.04765625,0.46222100737994093,0.46875,2
Food-price.csv,1228,0.4307861328125,0.4375,0.05061886573643564,0.039000984251968504,0.06422550487457035,0.08163265306122448,0.2222222222222222,0.06166294642857143,0.4939544908564662,0.6015625,2
Food-price.csv,1229,0.4295654296875,0.4375,0.04890603525522879,0.03617125984251968,0.05997933699964291,0.0784313725490196,0.2222222222222222,0.04966517857142857,0.5026635078852161,0.5703125,3
Food-price.csv,1230,0.432373046875,0.4375,0.04879332255814752,0.038385826771653545,0.06150024410925172,0.07692307692307693,0.2222222222222222,0.04994419642857143,0.4977679526476973,0.5703125,2
Food-price.csv,1231,0.429931640625,0.4375,0.06086059020644722,0.04232283464566929,0.07642365574684856,0.07692307692307693,0.21428571428571427,0.052083333333333336,0.489190724391233,0.5546875,3
Food-price.csv,1232,0.436279296875,0.453125,0.05132704642220795,0.03998523622047244,0.06304064706696282,0.07547169811320754,0.23809523809523808,0.04505208333333333,0.5059734987638714,0.6015625,2
Food-price.csv,1233,0.436767578125,0.4375,0.033195045834621864,0.03309547244094488,0.031226256557514202,0.07272727272727272,0.2777777777777778,0.041294642857142856,0.4950409957302322,0.6328125,3
Food-price.csv,1234,0.439453125,0.4375,0.029556144434417102,0.03026574803149606,0.028599993771534066,0.0784313725490196,0.25396825396825395,0.043212890625,0.4657891428109158,0.625,2
Food-price.csv,1235,0.4212646484375,0.4375,0.07929789349883745,0.04109251968503937,0.08380675772809303,0.08421052631578947,0.2222222222222222,0.06166294642857143,0.49404564095806647,0.546875,2
Food-price.csv,1236,0.4346923828125,0.453125,0.05023115488887989,0.03813976377952756,0.056716051828239626,0.07692307692307693,0.23015873015873015,0.040140086206896554,0.4994184461948293,0.6015625,2
Food-price.csv,1237,0.429443359375,0.4375,0.07028494400893835,0.04884350393700788,0.09673702959980356,0.08,0.2619047619047619,0.06605113636363637,0.49540753041355484,0.6015625,2
Food-price.csv,1238,0.4407958984375,0.453125,0.03341227462298657,0.03248031496062992,0.032962799007437725,0.07692307692307693,0.23809523809523808,0.04401041666666667,0.5006924573167472,0.578125,2
Food-price.csv,1239,0.437744140625,0.4375,0.03460860206309227,0.03604822834645669,0.03432865360708772,0.0784313725490196,0.21428571428571427,0.04716435185185185,0.4957364631022791,0.609375,2
Food-price.csv,1240,0.43798828125,0.4375,0.048433463636005564,0.03666338582677165,0.06385038320161335,0.08163265306122448,0.1984126984126984,0.0521875,0.4772324653587194,0.5625,2
Food-price.csv,1241,0.4405517578125,0.453125,0.034169004678204454,0.029158464566929134,0.036121427052754784,0.09411764705882353,0.1984126984126984,0.0453125,0.4917757478934715,0.546875,2
Food-price.csv,1242,0.4268798828125,0.4375,0.07297303654824983,0.05634842519685039,0.09626222009285386,0.08,0.2777777777777778,0.08058035714285715,0.521217169372917,0.6328125,2
Food-price.csv,1243,0.4276123046875,0.4375,0.05058824099447398,0.041830708661417325,0.06212615460903462,0.07766990291262135,0.2619047619047619,0.054924242424242424,0.5183570876709728,0.6171875,3
Food-price.csv,1244,0.4290771484375,0.4375,0.06138850356058253,0.04675196850393701,0.08035680456210344,0.08080808080808081,0.20634920634920634,0.07091346153846154,0.5060163245228938,0.5703125,2
Food-price.csv,1245,0.42822265625,0.4375,0.072171536616812,0.05610236220472441,0.09067195894057195,0.08080808080808081,0.20634920634920634,0.0703125,0.5135219733492826,0.578125,1
Food-price.csv,1246,0.4415283203125,0.453125,0.03395552013110626,0.032234251968503935,0.02859999377153407,0.07692307692307693,0.2619047619047619,0.040009469696969696,0.4984255867822241,0.6171875,2
Food-price.csv,1247,0.4339599609375,0.4375,0.030459661840088387,0.026328740157480313,0.02546781686083224,0.08080808080808081,0.2222222222222222,0.039341517857142856,0.457402122196902,0.5546875,2
Food-price.csv,1248,0.4305419921875,0.4453125,0.06288967250315926,0.04625984251968504,0.07953698380557678,0.08,0.23809523809523808,0.065625,0.5000950049228531,0.5859375,2
Food-price.csv,1249,0.426025390625,0.453125,0.08006584259369308,0.05437992125984252,0.10306515192695381,0.08080808080808081,0.1984126984126984,0.056875,0.48863895719639155,0.5859375,2
Food-price.csv,1250,0.429443359375,0.4375,0.0488665620198155,0.04195374015748032,0.06395034676347501,0.0761904761904762,0.3253968253968254,0.055640243902439025,0.49959383897134785,0.734375,3
Food-price.csv,1251,0.429443359375,0.4375,0.05070548641307442,0.043061023622047244,0.06496482404141275,0.07766990291262135,0.2698412698412698,0.05307904411764706,0.520599486594351,0.6796875,2
Food-price.csv,1252,0.4271240234375,0.4375,0.06250846328654035,0.04552165354330709,0.07378505621927481,0.0784313725490196,0.24603174603174602,0.0625,0.49635568706350197,0.6171875,3
Food-price.csv,1253,0.4346923828125,0.4375,0.03328537570651362,0.0327263779527559,0.03260079287281049,0.07920792079207921,0.2222222222222222,0.044642857142857144,0.4386370582628712,0.6640625,2
Food-price.csv,1254,0.4266357421875,0.4375,0.06187303308770789,0.04859744094488189,0.08030253590014792,0.07766990291262135,0.2698412698412698,0.07077205882352941,0.47873266992102903,0.671875,2
Food-price.csv,1255,0.4281005859375,0.4375,0.04992287767624168,0.03801673228346457,0.06245663330543511,0.09302325581395349,0.18253968253968253,0.0625,0.48352895237650323,0.53125,3
Food-price.csv,1256,0.4366455078125,0.453125,0.04957662988542902,0.03863188976377953,0.0638638945287675,0.08,0.24603174603174602,0.05065524193548387,0.4896274965215457,0.640625,2
Food-price.csv,1257,0.436279296875,0.4375,0.028478771066510932,0.031126968503937008,0.02983355229572375,0.0784313725490196,0.30952380952380953,0.042067307692307696,0.4679633995899317,0.703125,2
Food-price.csv,1258,0.4322509765625,0.4453125,0.052780555002301874,0.04576771653543307,0.06542083393610956,0.07766990291262135,0.2857142857142857,0.059244791666666664,0.5217936129823822,0.671875,2
Food-price.csv,1259,0.4207763671875,0.4375,0.08036779719066112,0.05905511811023622,0.1003062138101277,0.07547169811320754,0.3333333333333333,0.08128720238095238,0.5199016899005156,0.703125,2
Food-price.csv,1260,0.432861328125,0.4375,0.04977056793146386,0.03949311023622047,0.059726437771473816,0.08791208791208792,0.2619047619047619,0.056818181818181816,0.49384186590281276,0.640625,2
Food-price.csv,1261,0.434814453125,0.4375,0.032040143522876936,0.029896653543307086,0.033277233735108915,0.08163265306122448,0.2777777777777778,0.041741071428571426,0.4707528021081424,0.6328125,2
Food-price.csv,1262,0.42724609375,0.4375,0.06520154663779043,0.04970472440944882,0.08175422084099236,0.07920792079207921,0.2777777777777778,0.0640625,0.4993991506282823,0.6796875,2
Food-price.csv,1263,0.43310546875,0.4375,0.035851283937071536,0.03801673228346457,0.03855305349273085,0.0784313725490196,0.2777777777777778,0.052455357142857144,0.5016504680164408,0.65625,2
Food-price.csv,1264,0.436767578125,0.4375,0.04959781542089477,0.037155511811023625,0.05930985903767401,0.08333333333333333,0.19047619047619047,0.055989583333333336,0.4964215558805322,0.546875,2
Food-price.csv,1265,0.437255859375,0.453125,0.04913902486309481,0.0421998031496063,0.06082635358391608,0.07920792079207921,0.2777777777777778,0.05379464285714286,0.485434394582243,0.671875,2
Food-price.csv,1266,0.4390869140625,0.453125,0.030747910079646914,0.031003937007874016,0.02841361726210327,0.07766990291262135,0.2777777777777778,0.03861607142857143,0.4627290784664573,0.65625,2
Food-price.csv,1267,0.439697265625,0.453125,0.03177863270232757,0.03469488188976378,0.030935510667542576,0.07476635514018691,0.31746031746031744,0.0421875,0.4769407646465345,0.703125,2
Food-price.csv,1268,0.4322509765625,0.453125,0.060650030061882604,0.033710629921259845,0.06245154361895791,0.08333333333333333,0.24603174603174602,0.05015120967741935,0.4796217207563687,0.5703125,2
Food-price.csv,1269,0.4425048828125,0.453125,0.04711581994249336,0.03125,0.055042261858967795,0.08695652173913043,0.1746031746031746,0.05007102272727273,0.4564459134004835,0.515625,1
Food-price.csv,1270,0.430908203125,0.4375,0.0609428012204835,0.04822834645669291,0.07818707234015135,0.0784313725490196,0.2619047619047619,0.054924242424242424,0.48227718610666814,0.6953125,2
Food-price.csv,1271,0.433349609375,0.453125,0.05198705038805854,0.036909448818897635,0.06581598601442153,0.08602150537634409,0.15873015873015872,0.049609375,0.5071131605570136,0.546875,2
Food-price.csv,1272,0.4381103515625,0.453125,0.05357412774234375,0.0453986220472441,0.05945566263991715,0.07547169811320754,0.30158730158730157,0.06044407894736842,0.5314671896689863,0.7265625,2
Food-price.csv,1273,0.439208984375,0.453125,0.04860238345074762,0.03186515748031496,0.05811385911836122,0.0898876404494382,0.1746031746031746,0.05788352272727273,0.4828918444426105,0.5234375,2
Food-price.csv,1274,0.430908203125,0.4375,0.06321639516973121,0.04552165354330709,0.08603025197878657,0.08163265306122448,0.21428571428571427,0.07783564814814815,0.5179259197280112,0.578125,3
Food-price.csv,1275,0.3758544921875,0.390625,0.10365020352963285,0.05265748031496063,0.09442024090661803,0.07920792079207921,0.20634920634920634,0.056790865384615384,0.6076295330387428,0.5234375,2
Food-price.csv,1276,0.2822265625,0.359375,0.15409586887453933,0.13496555118110237,0.15612284800938764,0.07692307692307693,0.29365079365079366,0.16638513513513514,0.52800151403668,0.625,1
Food-price.csv,1277,0.27734375,0.375,0.16702359445154935,0.1590797244094488,0.1710331625281275,0.07692307692307693,0.2777777777777778,0.2095982142857143,0.5238996554392273,0.6640625,2
Food-price.csv,1278,0.3316650390625,0.375,0.12133316245739471,0.08476870078740158,0.13170267370672864,0.0784313725490196,0.21428571428571427,0.109375,0.5622598795291841,0.546875,1
Food-price.csv,1279,0.30810546875,0.359375,0.13919270452696245,0.11429625984251969,0.15242236939412765,0.08247422680412371,0.2222222222222222,0.13699776785714285,0.4961004937949616,0.578125,1
Food-price.csv,1280,0.2861328125,0.34375,0.15124743246626277,0.14443897637795275,0.16312055637455491,0.07142857142857142,0.30952380952380953,0.14763621794871795,0.5714310952820593,0.6875,1
Food-price.csv,1281,0.3099365234375,0.375,0.14821603215086526,0.12180118110236221,0.1558476436462902,0.07692307692307693,0.2698412698412698,0.15211397058823528,0.528368084337112,0.6328125,1
Food-price.csv,1282,0.3177490234375,0.375,0.13425908744857046,0.1156496062992126,0.14794955600437684,0.07407407407407407,0.29365079365079366,0.125,0.5433997243591346,0.6640625,1
Food-price.csv,1283,0.2939453125,0.359375,0.14965003832999166,0.11798720472440945,0.15232153850064073,0.07766990291262135,0.24603174603174602,0.11920362903225806,0.5037750003944995,0.6171875,1
Food-price.csv,1284,0.2979736328125,0.359375,0.14906814524519227,0.11811023622047244,0.15369032243502012,0.08,0.2222222222222222,0.14341517857142858,0.5122994514847931,0.5703125,2
Food-price.csv,1285,0.331787109375,0.375,0.12832022889016967,0.07443405511811024,0.12403442104920998,0.08,0.25396825396825395,0.067626953125,0.5480935646093982,0.6015625,1
Food-price.csv,1286,0.3232421875,0.359375,0.12364607946194087,0.10322342519685039,0.1399900566191914,0.07407407407407407,0.25396825396825395,0.10791015625,0.5213499493409692,0.6171875,1
Food-price.csv,1287,0.2822265625,0.359375,0.15403396806507028,0.09276574803149606,0.1359577637780464,0.07692307692307693,0.2777777777777778,0.11651785714285715,0.5279674509068663,0.59375,1
Food-price.csv,1288,0.32275390625,0.375,0.13671090239754322,0.11946358267716535,0.15549185605923901,0.07547169811320754,0.23809523809523808,0.1359375,0.5462281451174159,0.578125,1
Food-price.csv,1289,0.3526611328125,0.359375,0.0739789401256545,0.04355314960629921,0.07778295994747318,0.0784313725490196,0.2698412698412698,0.04894301470588235,0.5028128255881328,0.6328125,1
Food-price.csv,1290,0.307861328125,0.359375,0.1398273735473779,0.07800196850393701,0.12930124422423792,0.08602150537634409,0.23015873015873015,0.08512931034482758,0.5254837055678739,0.546875,1
Food-price.csv,1291,0.3125,0.359375,0.13579486949819294,0.10371555118110236,0.13822828127906928,0.08,0.23015873015873015,0.12742456896551724,0.5440584196870332,0.609375,1
Food-price.csv,1292,0.34619140625,0.359375,0.08527884801247587,0.05671751968503937,0.10062938528200335,0.08247422680412371,0.23809523809523808,0.07135416666666666,0.5012138059576146,0.5703125,1
Food-price.csv,1293,0.251708984375,0.359375,0.17384166879075016,0.16190944881889763,0.17008925233284145,0.08421052631578947,0.25396825396825395,0.219482421875,0.4996273475147126,0.5859375,2
Food-price.csv,1294,0.26416015625,0.359375,0.17273220963244473,0.1621555118110236,0.17341637424826753,0.07766990291262135,0.2698412698412698,0.19646139705882354,0.49574155972574513,0.6015625,2
Food-price.csv,1295,0.3310546875,0.359375,0.11631757187482668,0.09596456692913385,0.1368031679682566,0.07692307692307693,0.23015873015873015,0.12095905172413793,0.5582621776177065,0.6015625,1
Food-price.csv,1296,0.31103515625,0.359375,0.13437496451443937,0.09768700787401575,0.13980882605549508,0.07692307692307693,0.2777777777777778,0.1140625,0.525524382772925,0.6171875,1
Food-price.csv,1297,0.3226318359375,0.359375,0.11974089693817656,0.0952263779527559,0.13714993621224372,0.0784313725490196,0.23809523809523808,0.11302083333333333,0.523850442051392,0.5859375,1
Food-price.csv,1298,0.332275390625,0.359375,0.11683678598966289,0.05179625984251968,0.08761725805031396,0.08,0.2698412698412698,0.0666360294117647,0.5563648335191871,0.578125,1
Food-price.csv,1299,0.333251953125,0.359375,0.11684698860554903,0.07726377952755906,0.11883976427906671,0.07476635514018691,0.2857142857142857,0.09765625,0.5611365814068128,0.640625,1
Food-price.csv,1300,0.295166015625,0.3203125,0.10760343986529197,0.06606791338582677,0.12368881983645821,0.0898876404494382,0.23809523809523808,0.10546875,0.5824519639109158,0.5546875,2
Food-price.csv,1301,0.2677001953125,0.28125,0.062358576988136044,0.023375984251968504,0.029338304253521408,0.09090909090909091,0.1984126984126984,0.04375,0.6218667640714698,0.5390625,4
Food-price.csv,1302,0.1845703125,0.1953125,0.051554731303966844,0.03641732283464567,0.038675748712883096,0.08,0.24603174603174602,0.05090725806451613,0.557082720999425,0.5390625,3
Food-price.csv,1303,0.1881103515625,0.1875,0.04915524579069452,0.029896653543307086,0.040376455309112845,0.09090909090909091,0.21428571428571427,0.05063657407407408,0.50747368949806,0.5078125,2
Food-price.csv,1304,0.1387939453125,0.171875,0.08465441955074508,0.05105807086614173,0.07106237866989343,0.0975609756097561,0.23809523809523808,0.09453125,0.5434213218609963,0.53125,3
Food-price.csv,1305,0.1734619140625,0.1875,0.06295124709944536,0.04392224409448819,0.05386784812207203,0.08163265306122448,0.19047619047619047,0.0595703125,0.564349367963779,0.484375,2
Food-price.csv,1306,0.1563720703125,0.1875,0.07464147945535457,0.04576771653543307,0.061388401651975094,0.09090909090909091,0.19047619047619047,0.08170572916666667,0.5484466913377031,0.53125,3
Food-price.csv,1307,0.1824951171875,0.1875,0.047075320408764394,0.03198818897637795,0.04344214077081941,0.0851063829787234,0.23809523809523808,0.05,0.5257353970633668,0.578125,2
Food-price.csv,1308,0.1575927734375,0.1875,0.07839375997520615,0.0515501968503937,0.06913910337225045,0.0963855421686747,0.19047619047619047,0.09375,0.5416224957297451,0.4921875,2
Food-price.csv,1309,0.14794921875,0.171875,0.08081165324488107,0.05216535433070866,0.07015773300545707,0.09090909090909091,0.24603174603174602,0.08971774193548387,0.5618318619817572,0.5546875,2
Food-price.csv,1310,0.1827392578125,0.1875,0.05354408008860639,0.0359251968503937,0.04804218449553461,0.09090909090909091,0.23809523809523808,0.05911458333333333,0.5492985787313512,0.5546875,3
Food-price.csv,1311,0.1680908203125,0.171875,0.06088445751347301,0.036294291338582675,0.050216447174413245,0.08888888888888889,0.23809523809523808,0.06328125,0.5823426888279211,0.53125,2
Food-price.csv,1312,0.16943359375,0.1875,0.06950593980614146,0.043061023622047244,0.05634412698938807,0.08791208791208792,0.1746031746031746,0.07421875,0.518439212114499,0.4921875,3
Food-price.csv,1313,0.154296875,0.171875,0.0753157011119486,0.04699803149606299,0.0630053408720916,0.08791208791208792,0.21428571428571427,0.07581018518518519,0.5736989937374435,0.46875,2
Food-price.csv,1314,0.1922607421875,0.1953125,0.03869744428480672,0.029773622047244094,0.036862667203248684,0.08333333333333333,0.23015873015873015,0.04552801724137931,0.5184208020116967,0.53125,3
Food-price.csv,1315,0.1590576171875,0.171875,0.0659865411199181,0.04453740157480315,0.056219874511586866,0.08791208791208792,0.2222222222222222,0.07533482142857142,0.5808612340863318,0.5546875,2
Food-price.csv,1316,0.177001953125,0.1875,0.057280510480886324,0.03457185039370079,0.04538011353717517,0.0898876404494382,0.20634920634920634,0.05078125,0.545828829163555,0.46875,2
Food-price.csv,1317,0.1339111328125,0.15625,0.0856859687596016,0.054133858267716536,0.07227867415410975,0.09302325581395349,0.2222222222222222,0.09347098214285714,0.5273283706179465,0.484375,3
Food-price.csv,1318,0.16796875,0.1875,0.06301666330039718,0.04404527559055118,0.050958808026436715,0.08247422680412371,0.24603174603174602,0.06224798387096774,0.5798089567542452,0.59375,2
Food-price.csv,1319,0.15234375,0.1875,0.07907141593748891,0.05327263779527559,0.07114093465089326,0.0898876404494382,0.20634920634920634,0.08864182692307693,0.5697021595433822,0.5,2
Food-price.csv,1320,0.1583251953125,0.171875,0.0735052851054835,0.05019685039370079,0.06346541295583592,0.08695652173913043,0.23015873015873015,0.0824353448275862,0.5531695187808625,0.53125,2
Food-price.csv,1321,0.175048828125,0.1875,0.06499415958281721,0.04576771653543307,0.061168805102114254,0.08421052631578947,0.1984126984126984,0.066875,0.5411451002417448,0.5625,2
Food-price.csv,1322,0.1595458984375,0.171875,0.0684612060666979,0.04798228346456693,0.06314812514830839,0.08247422680412371,0.2698412698412698,0.06824448529411764,0.5950719188004411,0.5625,2
Food-price.csv,1323,0.184814453125,0.203125,0.054551637002943625,0.027559055118110236,0.0403494541656935,0.09523809523809523,0.18253968253968253,0.051630434782608696,0.5348616703682899,0.453125,4
Food-price.csv,1324,0.162353515625,0.171875,0.0779841106320889,0.05204232283464567,0.06712853683638138,0.08791208791208792,0.2222222222222222,0.08342633928571429,0.5550423205697347,0.5390625,3
Food-price.csv,1325,0.2755126953125,0.296875,0.0762187129071823,0.04502952755905512,0.07999999455077017,0.08333333333333333,0.1984126984126984,0.0628125,0.4870534972666353,0.484375,1
Food-price.csv,1326,0.2767333984375,0.296875,0.07642566754015587,0.05216535433070866,0.08904319000072027,0.0851063829787234,0.18253968253968253,0.07336956521739131,0.4835095039158466,0.4765625,1
Food-price.csv,1327,0.2901611328125,0.28125,0.03948422707340139,0.028174212598425195,0.03999450982708917,0.08695652173913043,0.21428571428571427,0.04513888888888889,0.47802545081607667,0.53125,1
Food-price.csv,1328,0.3153076171875,0.296875,0.05256895328237968,0.02300688976377953,0.02729857922905248,0.08791208791208792,0.18253968253968253,0.04076086956521739,0.5511084277897433,0.5078125,4
Food-price.csv,1329,0.3228759765625,0.328125,0.055596427651432904,0.024606299212598427,0.043249727135876714,0.0851063829787234,0.20634920634920634,0.03245192307692308,0.5570358352611896,0.5703125,2
Food-price.csv,1330,0.3038330078125,0.28125,0.05254627164142097,0.018331692913385825,0.022364676048010835,0.09411764705882353,0.15873015873015872,0.033203125,0.5372676423339259,0.46875,3
Food-price.csv,1331,0.3203125,0.3046875,0.051674830294230284,0.021899606299212598,0.024353400178182518,0.08247422680412371,0.19047619047619047,0.036458333333333336,0.5614910542439119,0.53125,2
Food-price.csv,1332,0.3155517578125,0.3125,0.03787544969096615,0.028051181102362203,0.02363870188803638,0.0784313725490196,0.1746031746031746,0.040838068181818184,0.520470434702378,0.421875,2
Food-price.csv,1333,0.3388671875,0.359375,0.047631829680692184,0.017470472440944882,0.01907265981798828,0.09302325581395349,0.15079365079365079,0.030016447368421052,0.5268707539889409,0.5234375,2
Food-price.csv,1334,0.3443603515625,0.375,0.05850912977363953,0.02312992125984252,0.051163354357661665,0.08695652173913043,0.1746031746031746,0.04794034090909091,0.51863513575725,0.515625,4
Food-price.csv,1335,0.31103515625,0.28125,0.05194862747802473,0.01894685039370079,0.02598558011548421,0.09195402298850575,0.19047619047619047,0.034505208333333336,0.5005766291544252,0.484375,3
Food-price.csv,1336,0.331298828125,0.328125,0.02579008008999941,0.025836614173228346,0.018328802683959346,0.07692307692307693,0.16666666666666666,0.033482142857142856,0.4497321293323869,0.4765625,2
Food-price.csv,1337,0.2740478515625,0.265625,0.04617405377974224,0.04822834645669291,0.04122454802498406,0.07766990291262135,0.24603174603174602,0.07585685483870967,0.574699752558319,0.5546875,3
Food-price.csv,1338,0.2451171875,0.265625,0.08413753294864067,0.036294291338582675,0.06455414647149443,0.0963855421686747,0.1746031746031746,0.05113636363636364,0.4783407041460279,0.4765625,2
Food-price.csv,1339,0.267578125,0.28125,0.0632583388308658,0.03617125984251968,0.06962082661679973,0.09876543209876543,0.1349206349206349,0.05284926470588235,0.488235174498532,0.4296875,2
Food-price.csv,1340,0.251953125,0.265625,0.08064774539868194,0.06385334645669291,0.09707489104845257,0.0784313725490196,0.2619047619047619,0.07599431818181818,0.5017904319299996,0.6015625,2
Food-price.csv,1341,0.260498046875,0.265625,0.08184757559604883,0.04355314960629921,0.07227427615699093,0.08791208791208792,0.1746031746031746,0.06534090909090909,0.5650024488730635,0.4765625,2
Food-price.csv,1342,0.2669677734375,0.28125,0.09024678925168325,0.06348425196850394,0.09799580301972037,0.08333333333333333,0.2222222222222222,0.09430803571428571,0.5278668974923382,0.53125,1
Food-price.csv,1343,0.2711181640625,0.28125,0.07791940339190005,0.05967027559055118,0.0947781816031248,0.08791208791208792,0.1984126984126984,0.0975,0.5211365227696776,0.4765625,2
Food-price.csv,1344,0.2586669921875,0.28125,0.10027368465997946,0.05708661417322835,0.08844005086164407,0.08163265306122448,0.20634920634920634,0.09435096153846154,0.5382055776226276,0.53125,3
Food-price.csv,1345,0.2564697265625,0.265625,0.041318050952284094,0.031619094488188976,0.04695549874895086,0.08333333333333333,0.2222222222222222,0.042689732142857144,0.47814198306265027,0.53125,2
Food-price.csv,1346,0.2628173828125,0.265625,0.05463284077010152,0.03137303149606299,0.05571900727503624,0.0975609756097561,0.14285714285714285,0.055121527777777776,0.49887269590005473,0.4375,2
Food-price.csv,1347,0.2628173828125,0.28125,0.059255172881930884,0.042445866141732284,0.07238770081967284,0.08695652173913043,0.23015873015873015,0.06088362068965517,0.5165321156902164,0.5625,2
Food-price.csv,1348,0.265869140625,0.265625,0.05273380985663609,0.03740157480314961,0.059833544592842035,0.08602150537634409,0.18253968253968253,0.06555706521739131,0.5431714330161596,0.4921875,2
Food-price.csv,1349,0.2838134765625,0.28125,0.04571219460247397,0.04896653543307087,0.0443401824947312,0.07407407407407407,0.30158730158730157,0.06044407894736842,0.5316547974512426,0.6796875,1
Food-price.csv,1350,0.2762451171875,0.265625,0.032148555787843404,0.025221456692913386,0.026456063101802364,0.08163265306122448,0.2619047619047619,0.03740530303030303,0.49467097022184353,0.59375,3
Food-price.csv,1351,0.2779541015625,0.28125,0.043042033731545463,0.03125,0.038273277230987154,0.08421052631578947,0.23809523809523808,0.052083333333333336,0.523169006349164,0.546875,2
Food-price.csv,1352,0.2786865234375,0.265625,0.029282375562402305,0.023375984251968504,0.0236822048132907,0.08888888888888889,0.1746031746031746,0.04190340909090909,0.45844804071372885,0.484375,2
Food-price.csv,1353,0.265869140625,0.265625,0.04687436421281066,0.029281496062992126,0.03822262081869823,0.08602150537634409,0.19047619047619047,0.045572916666666664,0.5251435814880115,0.5078125,2
Food-price.csv,1354,0.2628173828125,0.265625,0.04377935650779106,0.032234251968503935,0.051234604928280476,0.0784313725490196,0.21428571428571427,0.049479166666666664,0.5089807290676017,0.609375,2
Food-price.csv,1355,0.2801513671875,0.28125,0.06392371333128642,0.047859251968503935,0.07214430972175045,0.08,0.21428571428571427,0.06510416666666667,0.5419269498594108,0.4921875,2
Food-price.csv,1356,0.295654296875,0.296875,0.04685910273234663,0.042445866141732284,0.04526422208350212,0.07207207207207207,0.2619047619047619,0.05658143939393939,0.5103875725769512,0.640625,1
Food-price.csv,1357,0.2738037109375,0.265625,0.040920874735990556,0.0344488188976378,0.03574567850901094,0.07692307692307693,0.2777777777777778,0.047098214285714285,0.5081221962229459,0.59375,2
Food-price.csv,1358,0.2657470703125,0.265625,0.05811969999535221,0.03248031496062992,0.055480793621977186,0.08888888888888889,0.14285714285714285,0.03125,0.45800917372822453,0.4921875,2
Food-price.csv,1359,0.2744140625,0.28125,0.03714790351876999,0.027436023622047244,0.03978618687284989,0.08333333333333333,0.21428571428571427,0.042534722222222224,0.4816053283925439,0.53125,2
Food-price.csv,1360,0.2764892578125,0.265625,0.03561755688193984,0.02620570866141732,0.027019352423833416,0.0761904761904762,0.25396825396825395,0.03759765625,0.5185317540719555,0.609375,2
Food-price.csv,1361,0.281982421875,0.28125,0.06462628771681378,0.03740157480314961,0.051287461414144864,0.08163265306122448,0.21428571428571427,0.047453703703703706,0.5456317453068789,0.5078125,1
Food-price.csv,1362,0.2596435546875,0.28125,0.09452239381274026,0.0734498031496063,0.10189206750398601,0.0784313725490196,0.18253968253968253,0.10971467391304347,0.5682946475082112,0.53125,2
Food-price.csv,1363,0.2576904296875,0.28125,0.09785129143530788,0.07935531496062992,0.10119712630476078,0.07692307692307693,0.2619047619047619,0.09303977272727272,0.5468116715201256,0.640625,2
Food-price.csv,1364,0.2686767578125,0.28125,0.08416719277535359,0.07308070866141732,0.09653590898883661,0.07766990291262135,0.2777777777777778,0.10290178571428571,0.5721917280634182,0.6328125,2
Food-price.csv,1365,0.2506103515625,0.265625,0.07578030221877313,0.04478346456692913,0.07518744530374642,0.08695652173913043,0.20634920634920634,0.06430288461538461,0.4689125704509871,0.5078125,2
Food-price.csv,1366,0.2725830078125,0.265625,0.04834955291344095,0.024483267716535435,0.04307473066430413,0.09411764705882353,0.1349206349206349,0.03170955882352941,0.5043322744605275,0.5,2
Food-price.csv,1367,0.267333984375,0.28125,0.05388764875936095,0.027559055118110236,0.04720018002906864,0.08421052631578947,0.25396825396825395,0.042724609375,0.4995190147798711,0.5625,2
Food-price.csv,1368,0.2703857421875,0.2734375,0.06414339029389131,0.03604822834645669,0.05353778847776203,0.0898876404494382,0.19047619047619047,0.046223958333333336,0.5645286106091247,0.4609375,2
Food-price.csv,1369,0.2952880859375,0.296875,0.04625401840280126,0.04207677165354331,0.05152508526175695,0.07339449541284404,0.29365079365079366,0.04708614864864865,0.49978280024319105,0.65625,1
Food-price.csv,1370,0.2713623046875,0.28125,0.07457437143524479,0.042445866141732284,0.06093947597351787,0.08080808080808081,0.20634920634920634,0.055588942307692304,0.5443575439431665,0.5234375,2
Food-price.csv,1371,0.24951171875,0.28125,0.1095829757471862,0.09239665354330709,0.10980517945282624,0.07547169811320754,0.2857142857142857,0.1115451388888889,0.5605903804846835,0.625,2
Food-price.csv,1372,0.2503662109375,0.265625,0.06464415475541035,0.03789370078740158,0.06177357387122641,0.08080808080808081,0.20634920634920634,0.05829326923076923,0.4494475661587862,0.546875,2
Food-price.csv,1373,0.2742919921875,0.265625,0.043004627854797514,0.021899606299212598,0.038386615426988194,0.0963855421686747,0.14285714285714285,0.030381944444444444,0.47070513403966086,0.4609375,2
Food-price.csv,1374,0.272216796875,0.28125,0.04339320607075911,0.030019685039370077,0.05039698071957119,0.08163265306122448,0.19047619047619047,0.041341145833333336,0.485499336340697,0.5390625,2
Food-price.csv,1375,0.2724609375,0.265625,0.05786493346494355,0.031496062992125984,0.045774661334921224,0.07920792079207921,0.21428571428571427,0.04195601851851852,0.5400230572535022,0.5625,2
Food-price.csv,1376,0.2545166015625,0.265625,0.08884362547681564,0.07541830708661418,0.10347921614367221,0.0761904761904762,0.29365079365079366,0.0945945945945946,0.512584417400877,0.6015625,2
Food-price.csv,1377,0.2850341796875,0.28125,0.049823682566067666,0.03813976377952756,0.04478414055905828,0.07476635514018691,0.23809523809523808,0.04895833333333333,0.5456103012287412,0.5234375,2
Food-price.csv,1378,0.27587890625,0.28125,0.060655066516460195,0.05364173228346457,0.07296151531511615,0.07207207207207207,0.30158730158730157,0.07298519736842106,0.5403887529780668,0.640625,1
Food-price.csv,1379,0.2662353515625,0.28125,0.07345418131867454,0.04908956692913386,0.07144751580133862,0.08333333333333333,0.21428571428571427,0.06278935185185185,0.5484955986901955,0.515625,2
Food-price.csv,1380,0.2474365234375,0.265625,0.1035483686374818,0.08144685039370078,0.09587145947594876,0.07547169811320754,0.2857142857142857,0.09765625,0.5841095920400025,0.5859375,2
Food-price.csv,1381,0.2755126953125,0.28125,0.059558179276333265,0.04601377952755906,0.06432817984011316,0.0761904761904762,0.24603174603174602,0.05997983870967742,0.5557758967298747,0.53125,1
Food-price.csv,1382,0.2542724609375,0.28125,0.10036696515162982,0.08882874015748031,0.11058457967811795,0.07920792079207921,0.25396825396825395,0.12255859375,0.5441795685212323,0.5703125,2
Food-price.csv,1383,0.249267578125,0.28125,0.09222927116995326,0.06496062992125984,0.08670692147396865,0.07920792079207921,0.23809523809523808,0.07161458333333333,0.5386019760022163,0.5859375,2
Food-price.csv,1384,0.2568359375,0.28125,0.08406949719658563,0.058070866141732284,0.08497068535514024,0.0851063829787234,0.18253968253968253,0.07914402173913043,0.5358667903924311,0.4921875,2
Food-price.csv,1385,0.2381591796875,0.28125,0.11178541795202941,0.06951279527559055,0.10072305382342789,0.08695652173913043,0.1984126984126984,0.0996875,0.5452111216775654,0.53125,2
Food-price.csv,1386,0.2655029296875,0.265625,0.05336343886621128,0.02792814960629921,0.046633643780064675,0.08791208791208792,0.1984126984126984,0.030625,0.4861579154944969,0.515625,2
Food-price.csv,1387,0.2646484375,0.28125,0.05653107671252462,0.03678641732283464,0.0599096434762866,0.08247422680412371,0.2222222222222222,0.045200892857142856,0.4723431041969495,0.5390625,2
Food-price.csv,1388,0.2664794921875,0.265625,0.04684685816005903,0.03248031496062992,0.0459265220698058,0.08,0.20634920634920634,0.04146634615384615,0.5237202145783635,0.5625,2
Food-price.csv,1389,0.260498046875,0.28125,0.09211028146338186,0.07135826771653543,0.0939464508143934,0.08163265306122448,0.20634920634920634,0.0859375,0.540756793516345,0.4921875,2
Food-price.csv,1390,0.255126953125,0.28125,0.09857206078834053,0.08661417322834646,0.1041765151791306,0.07017543859649122,0.2619047619047619,0.08404356060606061,0.5150752455102512,0.609375,1
Food-price.csv,1391,0.269287109375,0.28125,0.05339875093492274,0.039124015748031496,0.06590952380920126,0.08421052631578947,0.23809523809523808,0.04479166666666667,0.48202777149904236,0.53125,2
Food-price.csv,1392,0.2735595703125,0.2734375,0.039643919739050855,0.023375984251968504,0.0337276883674812,0.08791208791208792,0.19047619047619047,0.034830729166666664,0.510081214382936,0.5078125,2
Food-price.csv,1393,0.259521484375,0.265625,0.05388764875936095,0.028297244094488187,0.03865969897816265,0.08080808080808081,0.23015873015873015,0.04040948275862069,0.5124156657863413,0.6015625,3
Food-price.csv,1394,0.267822265625,0.296875,0.07792294121703709,0.06163877952755906,0.08923914669163195,0.07766990291262135,0.24603174603174602,0.07409274193548387,0.5416868126594405,0.5703125,2
Food-price.csv,1395,0.2696533203125,0.28125,0.0716891622907681,0.043799212598425195,0.06482627480344531,0.08421052631578947,0.18253968253968253,0.07540760869565218,0.5618511019001464,0.4921875,2
Food-price.csv,1396,0.24365234375,0.296875,0.1471266842391616,0.10999015748031496,0.14782140813271066,0.08695652173913043,0.24603174603174602,0.1696068548387097,0.6097291009172137,0.5234375,2
Food-price.csv,1397,0.24609375,0.390625,0.19472568094710183,0.17408956692913385,0.19097143645514522,0.0898876404494382,0.23809523809523808,0.24296875,0.421262912161353,0.5234375,1
Food-price.csv,1398,0.241943359375,0.375,0.1978351190781549,0.13951771653543307,0.17910140746132716,0.10526315789473684,0.14285714285714285,0.23133680555555555,0.441943670134219,0.4609375,2
Food-price.csv,1399,0.279296875,0.375,0.17992087426447703,0.11392716535433071,0.15854745777950127,0.0851063829787234,0.2619047619047619,0.12902462121212122,0.4879327687792912,0.6171875,2
Food-price.csv,1400,0.298583984375,0.375,0.16888867790574286,0.13841043307086615,0.16872817655446623,0.0784313725490196,0.20634920634920634,0.12830528846153846,0.5015239446253933,0.5234375,1
Food-price.csv,1401,0.2791748046875,0.390625,0.1862278938615542,0.11638779527559055,0.1658668085774211,0.10126582278481013,0.15079365079365079,0.14597039473684212,0.4843135042157262,0.421875,2
Food-price.csv,1402,0.260009765625,0.375,0.1848334802788075,0.12118602362204725,0.1662257959011415,0.0963855421686747,0.20634920634920634,0.1736778846153846,0.46588120476871064,0.5078125,1
Food-price.csv,1403,0.26513671875,0.390625,0.20126607226527965,0.14899114173228348,0.19093188069627384,0.09090909090909091,0.24603174603174602,0.20035282258064516,0.4629303174817773,0.5625,2
Food-price.csv,1404,0.2952880859375,0.390625,0.1807230672622405,0.14542322834645668,0.1801003773648998,0.0851063829787234,0.21428571428571427,0.16637731481481483,0.49330168819270415,0.578125,1
Food-price.csv,1405,0.2457275390625,0.375,0.19505564011988116,0.11601870078740158,0.17137117105104505,0.1038961038961039,0.19047619047619047,0.17024739583333334,0.45165267731696795,0.46875,1
Food-price.csv,1406,0.2476806640625,0.375,0.19351802444048483,0.11478838582677166,0.16810785192808447,0.1,0.1984126984126984,0.1721875,0.4513291649478702,0.4453125,2
Food-price.csv,1407,0.311767578125,0.390625,0.16936938033687501,0.12389271653543307,0.1691998449485476,0.0851063829787234,0.23809523809523808,0.1828125,0.48237231095378014,0.5390625,1
Food-price.csv,1408,0.2484130859375,0.375,0.19766975778855989,0.13164370078740156,0.17902989352418378,0.10526315789473684,0.1746031746031746,0.23295454545454544,0.45233589649391887,0.4609375,2
Food-price.csv,1409,0.263427734375,0.375,0.18071139978444759,0.13976377952755906,0.17293213604832064,0.08421052631578947,0.23809523809523808,0.16875,0.4382271387051802,0.546875,2
Food-price.csv,1410,0.25537109375,0.390625,0.19981564130989585,0.14406988188976377,0.18709883044983128,0.09876543209876543,0.16666666666666666,0.22284226190476192,0.44753466021450267,0.4140625,2
Food-price.csv,1411,0.2855224609375,0.375,0.17005332159630396,0.1203248031496063,0.16625584343812827,0.09090909090909091,0.21428571428571427,0.16087962962962962,0.4188775538391687,0.578125,2
Food-price.csv,1412,0.196044921875,0.015625,0.20214475176855823,0.1265994094488189,0.18009314924823586,0.11267605633802817,0.1984126984126984,0.19375,0.3706399240137827,0.421875,2
Food-price.csv,1413,0.228759765625,0.359375,0.1892590659526184,0.11786417322834646,0.16729831701452114,0.09876543209876543,0.2222222222222222,0.17745535714285715,0.4145250201452055,0.484375,2
Food-price.csv,1414,0.236572265625,0.375,0.19311986404058606,0.18184055118110237,0.1889265500356094,0.0851063829787234,0.25396825396825395,0.255615234375,0.436330835764602,0.5859375,2
Food-price.csv,1415,0.23681640625,0.375,0.19666948036293172,0.16043307086614172,0.19013131521765836,0.09302325581395349,0.21428571428571427,0.24421296296296297,0.44354171968544365,0.5234375,2
Food-price.csv,1416,0.2840576171875,0.375,0.1829530208482119,0.15268208661417323,0.18154280093638298,0.08247422680412371,0.24603174603174602,0.18699596774193547,0.4881730939416435,0.6015625,1
Food-price.csv,1417,0.2396240234375,0.3671875,0.1964350295243739,0.1187253937007874,0.1716596700815953,0.09523809523809523,0.2222222222222222,0.17159598214285715,0.47121122203250154,0.5,2
Food-price.csv,1418,0.2125244140625,0.3515625,0.19529628686368466,0.12217027559055119,0.17551528515251347,0.1111111111111111,0.15873015873015872,0.23046875,0.41486913962700744,0.4140625,2
Food-price.csv,1419,0.1761474609375,0.015625,0.19529994924274102,0.14013287401574803,0.18666704138011667,0.11764705882352941,0.1746031746031746,0.23863636363636365,0.3666379866379516,0.421875,2
Food-price.csv,1420,0.2113037109375,0.015625,0.20319977631059108,0.12536909448818898,0.18368268616668368,0.125,0.16666666666666666,0.2340029761904762,0.4060118556391541,0.3984375,2
Food-price.csv,1421,0.25634765625,0.375,0.1851294389459135,0.08772145669291338,0.14842677960788547,0.1038961038961039,0.16666666666666666,0.12016369047619048,0.45972270655991626,0.421875,2
Food-price.csv,1422,0.3167724609375,0.390625,0.16216483948270538,0.08944389763779527,0.14118677658703305,0.08602150537634409,0.19047619047619047,0.12272135416666667,0.5245347610736096,0.4765625,1
Food-price.csv,1423,0.2742919921875,0.375,0.17035693892523573,0.10420767716535433,0.15559724772351208,0.08791208791208792,0.2222222222222222,0.14146205357142858,0.47844070604415784,0.5234375,2
Food-price.csv,1424,0.263427734375,0.390625,0.19959881002457483,0.11306594488188976,0.17110102997169513,0.09876543209876543,0.15873015873015872,0.15390625,0.438208786520974,0.4140625,1
Food-price.csv,1425,0.27490234375,0.375,0.17987250051027626,0.09387303149606299,0.15075852013655075,0.1,0.14285714285714285,0.1388888888888889,0.473876431990708,0.4453125,2
Food-price.csv,1426,0.3804931640625,0.375,0.03588597294007641,0.02436023622047244,0.02770586249297489,0.08333333333333333,0.1746031746031746,0.04367897727272727,0.5196151809790303,0.4453125,8
Food-price.csv,1427,0.367919921875,0.359375,0.0452964754379772,0.028297244094488187,0.046098901748360385,0.0784313725490196,0.16666666666666666,0.03794642857142857,0.5126641027210476,0.390625,4
Food-price.csv,1428,0.3668212890625,0.390625,0.10340436318210237,0.06200787401574803,0.09553615507329594,0.0784313725490196,0.1984126984126984,0.0575,0.5620014039736222,0.4765625,2
Food-price.csv,1429,0.38330078125,0.390625,0.06298449601029525,0.03383366141732284,0.06325709566015345,0.08247422680412371,0.23015873015873015,0.04067887931034483,0.47793832407269043,0.546875,1
Food-price.csv,1430,0.382080078125,0.375,0.03705070274396994,0.027312992125984252,0.031001007548141713,0.08163265306122448,0.18253968253968253,0.04483695652173913,0.5166601343061672,0.484375,3
Food-price.csv,1431,0.3651123046875,0.375,0.06364524143857381,0.03604822834645669,0.05864435351023065,0.0784313725490196,0.1984126984126984,0.046875,0.5277104158668876,0.46875,3
Food-price.csv,1432,0.366943359375,0.375,0.07878104370041755,0.03641732283464567,0.06384066275950573,0.08333333333333333,0.19047619047619047,0.057942708333333336,0.5252799768621806,0.46875,4
Food-price.csv,1433,0.360595703125,0.375,0.08472172175886693,0.0406003937007874,0.07229102899987483,0.0784313725490196,0.19047619047619047,0.040364583333333336,0.5558156240909053,0.4453125,4
Food-price.csv,1434,0.386962890625,0.390625,0.035720535140263326,0.024483267716535435,0.025534889875153205,0.08163265306122448,0.18253968253968253,0.03940217391304348,0.5223467050130802,0.4296875,4
Food-price.csv,1435,0.3614501953125,0.375,0.08340029211907948,0.03826279527559055,0.07047181375639175,0.08333333333333333,0.19047619047619047,0.055013020833333336,0.5301502075181229,0.4453125,3
Food-price.csv,1436,0.3572998046875,0.359375,0.07314110456316383,0.04084645669291338,0.07150998668791929,0.08421052631578947,0.1984126984126984,0.051875,0.5651145375752954,0.4296875,3
Food-price.csv,1437,0.362548828125,0.359375,0.06431564928357121,0.029404527559055118,0.04249166620669155,0.08333333333333333,0.1746031746031746,0.041548295454545456,0.5270968639952265,0.4453125,7
Food-price.csv,1438,0.378173828125,0.390625,0.06014735168436208,0.0327263779527559,0.048445360315445815,0.07920792079207921,0.20634920634920634,0.043870192307692304,0.5621030145392133,0.453125,4
Food-price.csv,1439,0.373291015625,0.390625,0.0797017253071554,0.045890748031496065,0.08199677709980684,0.08,0.18253968253968253,0.06793478260869565,0.5400175111788473,0.4921875,1
Food-price.csv,1440,0.375244140625,0.390625,0.08116601858591808,0.04109251968503937,0.07716693928651075,0.08,0.19047619047619047,0.04296875,0.5335698871309745,0.4765625,2
Food-price.csv,1441,0.3619384765625,0.375,0.08283592828399598,0.035063976377952756,0.06205911596649393,0.08695652173913043,0.15873015873015872,0.061328125,0.5069873841217621,0.4453125,2
Food-price.csv,1442,0.3670654296875,0.375,0.07409004294824764,0.04047736220472441,0.07410561934983836,0.08163265306122448,0.15079365079365079,0.06702302631578948,0.563837672928785,0.3828125,3
Food-price.csv,1443,0.370849609375,0.375,0.0381976713878842,0.028543307086614175,0.025270321877715277,0.07547169811320754,0.21428571428571427,0.04224537037037037,0.5322525998492277,0.5,3
Food-price.csv,1444,0.37646484375,0.375,0.037183186256827976,0.025098425196850394,0.029356872149496543,0.08333333333333333,0.20634920634920634,0.04266826923076923,0.5293966460106833,0.484375,4
Food-price.csv,1445,0.3621826171875,0.359375,0.06520143236769241,0.030019685039370077,0.04391517869240472,0.08791208791208792,0.1349206349206349,0.046875,0.5318713170373935,0.421875,6
Food-price.csv,1446,0.3770751953125,0.390625,0.07425397739610681,0.04146161417322835,0.07665642220267085,0.08695652173913043,0.16666666666666666,0.0625,0.5636137462472559,0.40625,2
Food-price.csv,1447,0.36328125,0.375,0.10165635687244613,0.06422244094488189,0.10539599226431888,0.0784313725490196,0.18253968253968253,0.06351902173913043,0.5424061147097547,0.4453125,1
Food-price.csv,1448,0.3817138671875,0.390625,0.07361710277100304,0.0500738188976378,0.08852609878407514,0.08163265306122448,0.1984126984126984,0.076875,0.5246601039505935,0.4921875,3
Food-price.csv,1449,0.3704833984375,0.375,0.049106718656020586,0.031496062992125984,0.04564849852482366,0.0784313725490196,0.16666666666666666,0.036830357142857144,0.5413780724360676,0.4453125,2
Food-price.csv,1450,0.3905029296875,0.390625,0.031401979905777734,0.024114173228346455,0.026289041194286145,0.0851063829787234,0.21428571428571427,0.03935185185185185,0.49320316138691883,0.4765625,6
Food-price.csv,1451,0.3634033203125,0.375,0.07174235418832683,0.03789370078740158,0.06282272991036597,0.08421052631578947,0.16666666666666666,0.05319940476190476,0.529078610497987,0.4453125,2
Food-price.csv,1452,0.3782958984375,0.375,0.0688224367525591,0.037770669291338585,0.06507493931851155,0.08695652173913043,0.18253968253968253,0.051630434782608696,0.5502733891701767,0.4140625,4
Food-price.csv,1453,0.3707275390625,0.375,0.06426686046404262,0.034940944881889764,0.06433265048173314,0.08080808080808081,0.18253968253968253,0.042119565217391304,0.5211723302756016,0.453125,3
Food-price.csv,1454,0.373779296875,0.375,0.06581797609795226,0.03531003937007874,0.06201251193441351,0.08080808080808081,0.1746031746031746,0.04367897727272727,0.5298009754710283,0.421875,3
Food-price.csv,1455,0.3797607421875,0.375,0.034529935026375594,0.023375984251968504,0.024084652708280675,0.0851063829787234,0.15873015873015872,0.04296875,0.5130297089659611,0.3984375,3
Food-price.csv,1456,0.3775634765625,0.375,0.048623687010545084,0.03137303149606299,0.04662812544740744,0.0851063829787234,0.16666666666666666,0.05431547619047619,0.5258069213071649,0.3984375,4
Food-price.csv,1457,0.3802490234375,0.375,0.05801397220261696,0.030019685039370077,0.04426398980663159,0.08602150537634409,0.16666666666666666,0.046875,0.5349675080735751,0.390625,3
Food-price.csv,1458,0.36572265625,0.375,0.07992166259976052,0.04453740157480315,0.08162859299070324,0.08247422680412371,0.1746031746031746,0.060724431818181816,0.5592675346142575,0.3984375,4
Food-price.csv,1459,0.3890380859375,0.390625,0.0339326925929818,0.027066929133858268,0.029113006111045104,0.08421052631578947,0.18253968253968253,0.04823369565217391,0.5043833883352956,0.421875,6
Food-price.csv,1460,0.385009765625,0.390625,0.04146583157053158,0.027436023622047244,0.02825977491912768,0.08333333333333333,0.19047619047619047,0.045247395833333336,0.5365165997305931,0.4453125,4
Food-price.csv,1461,0.3665771484375,0.375,0.07377804869347676,0.03937007874015748,0.0655578957657878,0.08791208791208792,0.15873015873015872,0.05859375,0.5574907887982489,0.359375,2
Food-price.csv,1462,0.3870849609375,0.390625,0.05853561060070111,0.036909448818897635,0.0616848070640644,0.07766990291262135,0.1984126984126984,0.0371875,0.5181410667887989,0.4296875,3
Food-price.csv,1463,0.3643798828125,0.375,0.09685085057154418,0.03740157480314961,0.062350876487031824,0.08080808080808081,0.16666666666666666,0.052455357142857144,0.5419161211529208,0.40625,3
Food-price.csv,1464,0.3878173828125,0.390625,0.051431889270866206,0.035063976377952756,0.046637214117960346,0.0761904761904762,0.19047619047619047,0.043294270833333336,0.5571789113670526,0.453125,2
Food-price.csv,1465,0.3681640625,0.375,0.07995297957469186,0.0453986220472441,0.07387383126612482,0.0784313725490196,0.1746031746031746,0.08025568181818182,0.5585863560304287,0.3984375,1
Food-price.csv,1466,0.3846435546875,0.375,0.03326746373002095,0.024237204724409447,0.02643144934411522,0.08421052631578947,0.15873015873015872,0.04453125,0.4926559054787272,0.4375,5
Food-price.csv,1467,0.3388671875,0.359375,0.07011555534312068,0.027559055118110236,0.034213375680940204,0.08163265306122448,0.15873015873015872,0.0515625,0.6501200852580661,0.4765625,3
Food-price.csv,1468,0.226806640625,0.21875,0.037720319132177944,0.026697834645669292,0.03316651662498868,0.08163265306122448,0.2222222222222222,0.036830357142857144,0.5078875593416843,0.5234375,3
Food-price.csv,1469,0.2257080078125,0.21875,0.04388270687004309,0.030019685039370077,0.04845223372611844,0.08791208791208792,0.19047619047619047,0.048177083333333336,0.49901224136375855,0.453125,3
Food-price.csv,1470,0.235595703125,0.234375,0.03403201217428401,0.024606299212598427,0.028985343154777993,0.08791208791208792,0.2222222222222222,0.039341517857142856,0.508742132588686,0.546875,3
Food-price.csv,1471,0.2296142578125,0.21875,0.03923587470794547,0.029281496062992126,0.03678744599989059,0.0784313725490196,0.2222222222222222,0.046875,0.5123641792432216,0.59375,5
Food-price.csv,1472,0.2366943359375,0.234375,0.03360793235729414,0.022760826771653545,0.021457624094870405,0.08333333333333333,0.21428571428571427,0.03530092592592592,0.5130875204231518,0.5078125,4
Food-price.csv,1473,0.224853515625,0.2265625,0.05227061614195045,0.028174212598425195,0.0466092932777621,0.09523809523809523,0.1746031746031746,0.05149147727272727,0.5142890557105781,0.453125,2
Food-price.csv,1474,0.2236328125,0.234375,0.06212503487722235,0.027559055118110236,0.044170534620205294,0.08888888888888889,0.1984126984126984,0.045,0.51782268112285,0.4609375,2
Food-price.csv,1475,0.233642578125,0.234375,0.03465679149703412,0.025590551181102362,0.025314010609952097,0.08247422680412371,0.2222222222222222,0.039341517857142856,0.5220397254903947,0.546875,3
Food-price.csv,1476,0.258056640625,0.2421875,0.05218844932560724,0.020054133858267716,0.022604338080050017,0.09090909090909091,0.18253968253968253,0.033627717391304345,0.572973420796084,0.53125,3
Food-price.csv,1477,0.339111328125,0.34375,0.0474556876838655,0.03334153543307087,0.0443401824947312,0.07920792079207921,0.23015873015873015,0.04822198275862069,0.5390980931831456,0.59375,2
Food-price.csv,1478,0.35498046875,0.359375,0.03856803747942911,0.03174212598425197,0.031122834760215653,0.07692307692307693,0.2619047619047619,0.040482954545454544,0.5437275108181867,0.59375,1
Food-price.csv,1479,0.3414306640625,0.34375,0.04800437350018182,0.03457185039370079,0.05178997638023984,0.08,0.21428571428571427,0.05497685185185185,0.5515925385328803,0.5625,1
Food-price.csv,1480,0.3514404296875,0.359375,0.035210250072485016,0.029404527559055118,0.028925225418738442,0.0761904761904762,0.24603174603174602,0.041834677419354836,0.5248871629072144,0.5625,1
Food-price.csv,1481,0.351318359375,0.34375,0.03866913140322943,0.03358759842519685,0.03050784200753716,0.07407407407407407,0.25396825396825395,0.042236328125,0.5401954305238758,0.5546875,1
Food-price.csv,1482,0.3480224609375,0.34375,0.036051684881721884,0.026820866141732284,0.02920851671109638,0.08602150537634409,0.1984126984126984,0.0425,0.5271467918147905,0.4921875,3
Food-price.csv,1483,0.3314208984375,0.34375,0.06770479975551953,0.03887795275590551,0.0655583575467994,0.07692307692307693,0.23015873015873015,0.05387931034482758,0.5513106044969535,0.5859375,2
Food-price.csv,1484,0.3492431640625,0.34375,0.048498490605020594,0.03358759842519685,0.0491796764880439,0.07920792079207921,0.25396825396825395,0.041748046875,0.5381864994343745,0.6015625,3
Food-price.csv,1485,0.35009765625,0.359375,0.036248100494077076,0.029896653543307086,0.027662120971391077,0.0761904761904762,0.2857142857142857,0.03689236111111111,0.5260050408605689,0.6640625,1
Food-price.csv,1486,0.3465576171875,0.34375,0.03774302728942979,0.030757874015748032,0.030812451578085206,0.0761904761904762,0.23809523809523808,0.042708333333333334,0.542976943900606,0.625,1
Food-price.csv,1487,0.3551025390625,0.359375,0.05210543799218897,0.0421998031496063,0.05080381504368297,0.07476635514018691,0.2857142857142857,0.05642361111111111,0.5619535331288229,0.6171875,1
Food-price.csv,1488,0.3323974609375,0.34375,0.07003294152630317,0.036909448818897635,0.04162575717893695,0.0784313725490196,0.2857142857142857,0.047526041666666664,0.629563474574675,0.6328125,1
Food-price.csv,1489,0.23681640625,0.234375,0.03512571916488808,0.025221456692913386,0.03281321732990324,0.08247422680412371,0.20634920634920634,0.03635817307692308,0.46611970046725787,0.5859375,3
Food-price.csv,1490,0.2327880859375,0.234375,0.03398885587770537,0.021284448818897638,0.034337471200371714,0.0898876404494382,0.18253968253968253,0.03158967391304348,0.4093792408521956,0.515625,3
Food-price.csv,1491,0.2374267578125,0.234375,0.0441535255687729,0.023252952755905512,0.03876566061674798,0.09302325581395349,0.14285714285714285,0.03689236111111111,0.45931114955910407,0.4609375,2
Food-price.csv,1492,0.2454833984375,0.25,0.024717052975356105,0.018823818897637797,0.01790013137743428,0.08333333333333333,0.1746031746031746,0.028053977272727272,0.44143086876389726,0.546875,1
Food-price.csv,1493,0.2418212890625,0.234375,0.03558574689024744,0.025344488188976378,0.032214993194925136,0.08333333333333333,0.1984126984126984,0.0396875,0.48457060144729586,0.4921875,2
Food-price.csv,1494,0.237060546875,0.234375,0.03792832848484168,0.025959645669291338,0.03700774313094632,0.08080808080808081,0.18253968253968253,0.03770380434782609,0.4664570409011164,0.4921875,3
Food-price.csv,1495,0.2423095703125,0.234375,0.028903352746881824,0.018823818897637797,0.023145622079340268,0.09876543209876543,0.14285714285714285,0.03211805555555555,0.4677243768748613,0.4453125,3
Food-price.csv,1496,0.2412109375,0.234375,0.036421984763616244,0.023375984251968504,0.03811594379357997,0.08333333333333333,0.21428571428571427,0.034722222222222224,0.4271813766772963,0.5234375,2
Food-price.csv,1497,0.244873046875,0.2421875,0.02524820143837582,0.021038385826771654,0.02097028451477627,0.08695652173913043,0.19047619047619047,0.035481770833333336,0.4415717771366335,0.5,2
Food-price.csv,1498,0.241943359375,0.234375,0.02553925660188839,0.02066929133858268,0.024793212334109825,0.08247422680412371,0.20634920634920634,0.033052884615384616,0.436956973910634,0.5234375,3
Food-price.csv,1499,0.234619140625,0.234375,0.04133914331907743,0.028666338582677166,0.04589124279355849,0.08602150537634409,0.21428571428571427,0.036458333333333336,0.4527838053739483,0.53125,2
Food-price.csv,1500,0.237060546875,0.234375,0.039116631194787886,0.026697834645669292,0.037260876183113134,0.0851063829787234,0.23015873015873015,0.03987068965517242,0.46313731792804286,0.5390625,1
Food-price.csv,1501,0.2371826171875,0.234375,0.0479782917585067,0.031126968503937008,0.05215490721417009,0.08695652173913043,0.23809523809523808,0.044270833333333336,0.47135367378895826,0.5234375,2
Food-price.csv,1502,0.238037109375,0.234375,0.03976345573459111,0.028543307086614175,0.03812706163895479,0.08247422680412371,0.23015873015873015,0.03987068965517242,0.4762924962311413,0.5390625,2
Food-price.csv,1503,0.23876953125,0.234375,0.024232724987651482,0.020054133858267716,0.01662610329172538,0.08,0.19047619047619047,0.02734375,0.42854584710001364,0.5234375,3
Food-price.csv,1504,0.2374267578125,0.25,0.05270031429501069,0.039124015748031496,0.060717507950088394,0.07920792079207921,0.2698412698412698,0.04411764705882353,0.4771201970640057,0.640625,2
Food-price.csv,1505,0.2384033203125,0.234375,0.04194656377593208,0.028174212598425195,0.046815060515952356,0.08602150537634409,0.21428571428571427,0.04369212962962963,0.4448134982103576,0.5546875,3
Food-price.csv,1506,0.245849609375,0.25,0.022395827419073224,0.015994094488188976,0.0148639156599793,0.0898876404494382,0.1746031746031746,0.026988636363636364,0.41268881033596844,0.5078125,2
Food-price.csv,1507,0.2423095703125,0.234375,0.0240000913737465,0.016855314960629923,0.018457184875349964,0.09523809523809523,0.19047619047619047,0.027669270833333332,0.4341116457718693,0.484375,2
Food-price.csv,1508,0.2393798828125,0.234375,0.03179058753232361,0.023252952755905512,0.02985738931972942,0.08602150537634409,0.1746031746031746,0.03480113636363636,0.4390564876416409,0.515625,3
Food-price.csv,1509,0.2357177734375,0.234375,0.0463441352133712,0.030388779527559057,0.04859884254930862,0.08247422680412371,0.23809523809523808,0.034895833333333334,0.45626822267976314,0.5703125,2
Food-price.csv,1510,0.2344970703125,0.234375,0.028804196814218648,0.02214566929133858,0.024603223232936133,0.08333333333333333,0.21428571428571427,0.035590277777777776,0.4579388076867718,0.5546875,2
Food-price.csv,1511,0.2353515625,0.234375,0.04273507126375208,0.024975393700787402,0.04341565165813032,0.08791208791208792,0.23015873015873015,0.040948275862068964,0.46509611428630726,0.5234375,4
Food-price.csv,1512,0.2398681640625,0.234375,0.021800746232130932,0.017470472440944882,0.01749558054918948,0.0898876404494382,0.18253968253968253,0.02751358695652174,0.4115410003733228,0.5234375,3
Food-price.csv,1513,0.24560546875,0.234375,0.027547891703001037,0.021899606299212598,0.021769275101106992,0.0851063829787234,0.23015873015873015,0.03529094827586207,0.4584646815903975,0.578125,2
Food-price.csv,1514,0.25,0.25,0.040688802062499335,0.02891240157480315,0.042467435749685895,0.08602150537634409,0.21428571428571427,0.0390625,0.47026793569864633,0.5546875,1
Food-price.csv,1515,0.245361328125,0.25,0.02771506913612988,0.02079232283464567,0.019515137853246416,0.08080808080808081,0.23809523809523808,0.030208333333333334,0.46029883339311395,0.5703125,2
Food-price.csv,1516,0.238037109375,0.234375,0.03345973763818482,0.02300688976377953,0.03136217389701968,0.08333333333333333,0.20634920634920634,0.034254807692307696,0.46377711047231823,0.5234375,2
Food-price.csv,1517,0.2357177734375,0.234375,0.029942581143752988,0.022883858267716536,0.03279845239644633,0.08163265306122448,0.24603174603174602,0.034274193548387094,0.4306259607972856,0.578125,3
Food-price.csv,1518,0.243896484375,0.25,0.03592021360533482,0.023252952755905512,0.029272189681029608,0.08602150537634409,0.1984126984126984,0.0290625,0.4888008016933445,0.53125,5
Food-price.csv,1519,0.2362060546875,0.234375,0.039432867911669785,0.024237204724409447,0.03672031594380974,0.08695652173913043,0.21428571428571427,0.03269675925925926,0.47261300234444586,0.546875,2
Food-price.csv,1520,0.2337646484375,0.234375,0.042942212319579454,0.029035433070866142,0.04316985684216569,0.08247422680412371,0.24603174603174602,0.039818548387096774,0.46982735922386376,0.6328125,4
Food-price.csv,1521,0.22900390625,0.234375,0.04672981666977959,0.029158464566929134,0.04662260646159078,0.09411764705882353,0.18253968253968253,0.049252717391304345,0.4565507489869125,0.4921875,3
Food-price.csv,1522,0.2437744140625,0.2421875,0.024576789232782517,0.01968503937007874,0.019823730177442794,0.0851063829787234,0.2222222222222222,0.030133928571428572,0.42672717261300147,0.5390625,5
Food-price.csv,1523,0.2403564453125,0.234375,0.03670218073579054,0.02300688976377953,0.036935276396580334,0.08695652173913043,0.1984126984126984,0.0278125,0.4356123595271936,0.5,5
Food-price.csv,1524,0.241943359375,0.2421875,0.032092189970053066,0.020915354330708662,0.02395230806182617,0.08602150537634409,0.2222222222222222,0.028738839285714284,0.4398422633910504,0.5546875,4
Food-price.csv,1525,0.238037109375,0.234375,0.04186638017443008,0.025098425196850394,0.04233499298899508,0.0851063829787234,0.21428571428571427,0.037905092592592594,0.4544235178494704,0.5625,4
Food-price.csv,1526,0.22412109375,0.234375,0.059029547970227046,0.03580216535433071,0.0539526427314994,0.08888888888888889,0.1984126984126984,0.0546875,0.4989776672915979,0.484375,2
Food-price.csv,1527,0.23046875,0.234375,0.05277053158635272,0.02645177165354331,0.04490666459897182,0.09411764705882353,0.1746031746031746,0.040482954545454544,0.4448483895246634,0.4765625,2
Food-price.csv,1528,0.2318115234375,0.234375,0.05287082115415909,0.03727854330708662,0.053628750325368596,0.07766990291262135,0.21428571428571427,0.053530092592592594,0.5018949196741588,0.5234375,3
Food-price.csv,1529,0.3492431640625,0.359375,0.04214361522052772,0.025836614173228346,0.023641903359114067,0.08080808080808081,0.23015873015873015,0.03987068965517242,0.507350915802786,0.5078125,1
Food-price.csv,1530,0.358642578125,0.359375,0.026841038381555705,0.026820866141732284,0.02268922286657628,0.07920792079207921,0.21428571428571427,0.04137731481481482,0.4527267456284345,0.5,2
Food-price.csv,1531,0.362548828125,0.359375,0.024344382986670847,0.025344488188976378,0.021828297820986223,0.0851063829787234,0.1984126984126984,0.0415625,0.40999343642635533,0.5,1
Food-price.csv,1532,0.3599853515625,0.359375,0.025793257720220536,0.027436023622047244,0.02241808067338021,0.08080808080808081,0.2222222222222222,0.041015625,0.44031595801230283,0.578125,1
Food-price.csv,1533,0.36279296875,0.359375,0.020478727515147236,0.02140748031496063,0.01684498433345945,0.07920792079207921,0.23015873015873015,0.03125,0.39829344837889674,0.53125,2
Food-price.csv,1534,0.3673095703125,0.3671875,0.028168104836655345,0.023375984251968504,0.018794445328669585,0.08080808080808081,0.19047619047619047,0.030924479166666668,0.47433377566976603,0.5234375,1
Food-price.csv,1535,0.3662109375,0.359375,0.024993132601698685,0.021899606299212598,0.017891673156777057,0.08163265306122448,0.19047619047619047,0.031575520833333336,0.44497074479971,0.4921875,1
Food-price.csv,1536,0.35595703125,0.359375,0.025832800910959568,0.024975393700787402,0.021945177304629235,0.08333333333333333,0.19047619047619047,0.037109375,0.45076970016172063,0.546875,1
Food-price.csv,1537,0.35693359375,0.359375,0.04168160488648543,0.03211122047244094,0.04599765760347487,0.08247422680412371,0.18253968253968253,0.04823369565217391,0.46751983691371496,0.5234375,2
Food-price.csv,1538,0.3162841796875,0.328125,0.0586830729885695,0.02878937007874016,0.04674873072087254,0.08,0.2222222222222222,0.04547991071428571,0.5423899698619662,0.5390625,3
Food-price.csv,1539,0.323974609375,0.328125,0.03200291566678788,0.021899606299212598,0.022378884650300523,0.0851063829787234,0.23015873015873015,0.03556034482758621,0.4971309431518913,0.5390625,7
Food-price.csv,1540,0.3258056640625,0.328125,0.03125548314628104,0.020177165354330708,0.02066855899527497,0.0851063829787234,0.1746031746031746,0.02911931818181818,0.4869185192649419,0.5,4
Food-price.csv,1541,0.3248291015625,0.328125,0.032427307041539045,0.022268700787401573,0.021967927357107803,0.0784313725490196,0.2222222222222222,0.03180803571428571,0.5055732277342512,0.5,4
Food-price.csv,1542,0.3203125,0.328125,0.03232997140087275,0.022637795275590553,0.022842148297390466,0.08163265306122448,0.23809523809523808,0.033854166666666664,0.5052511748379693,0.5546875,4
Food-price.csv,1543,0.32568359375,0.328125,0.03182080617213109,0.021653543307086614,0.0223606147890479,0.08421052631578947,0.1746031746031746,0.03231534090909091,0.5056477553778725,0.4921875,2
Food-price.csv,1544,0.3218994140625,0.328125,0.03451784969981277,0.02472933070866142,0.024681234322895103,0.08080808080808081,0.21428571428571427,0.037905092592592594,0.5042928008345668,0.53125,4
Food-price.csv,1545,0.32958984375,0.328125,0.027926101987946886,0.020915354330708662,0.02202916643210422,0.0898876404494382,0.1746031746031746,0.03799715909090909,0.4689944452856137,0.5,4
Food-price.csv,1546,0.3236083984375,0.3125,0.02679074898587309,0.020177165354330708,0.018405446018662144,0.08421052631578947,0.15873015873015872,0.033203125,0.43863346081777976,0.375,5
Food-price.csv,1547,0.316162109375,0.3125,0.02945817413359002,0.02312992125984252,0.0215554551801927,0.08333333333333333,0.23809523809523808,0.0328125,0.4896781922313975,0.5390625,4
Food-price.csv,1548,0.3248291015625,0.328125,0.030361662255795507,0.018208661417322834,0.019288105596443,0.08888888888888889,0.16666666666666666,0.030133928571428572,0.48039431453692755,0.4765625,5
Food-price.csv,1549,0.318603515625,0.3203125,0.033159114616823394,0.021161417322834646,0.020142626959407283,0.08080808080808081,0.19047619047619047,0.03125,0.5129055921167713,0.5234375,4
Food-price.csv,1550,0.3201904296875,0.328125,0.03215226365006329,0.021899606299212598,0.02346904394020018,0.08888888888888889,0.21428571428571427,0.035590277777777776,0.49495120601674863,0.5546875,4
Food-price.csv,1551,0.324462890625,0.328125,0.02744709648243621,0.025344488188976378,0.02111200397276213,0.0761904761904762,0.23015873015873015,0.034482758620689655,0.4694791855686262,0.5859375,4
Food-price.csv,1552,0.32421875,0.328125,0.0333750146301466,0.020915354330708662,0.022716558887936694,0.08695652173913043,0.15873015873015872,0.036328125,0.4991624806195132,0.4453125,6
Food-price.csv,1553,0.318603515625,0.3125,0.03467742361167429,0.021653543307086614,0.02047578263346358,0.0784313725490196,0.1984126984126984,0.03125,0.5162707143580082,0.46875,5
Food-price.csv,1554,0.3228759765625,0.328125,0.03071299736356154,0.021653543307086614,0.019316336697967004,0.08163265306122448,0.2222222222222222,0.03236607142857143,0.4959672374959161,0.515625,5
Food-price.csv,1555,0.326171875,0.328125,0.028168369339562415,0.02202263779527559,0.020968118946069637,0.08080808080808081,0.1984126984126984,0.0321875,0.4780702683200357,0.53125,5
Food-price.csv,1556,0.3226318359375,0.328125,0.031949557825768825,0.020177165354330708,0.022106674986814682,0.0851063829787234,0.21428571428571427,0.030960648148148147,0.5025634618027753,0.5390625,4
Food-price.csv,1557,0.324462890625,0.328125,0.03265192614682037,0.022637795275590553,0.02172054772708064,0.0784313725490196,0.23015873015873015,0.034482758620689655,0.5066690724230326,0.53125,5
Blockchain-tr.csv,1558,0.22900390625,0.234375,0.04485548337759929,0.03617125984251968,0.04217773779774862,0.08333333333333333,0.20634920634920634,0.04567307692307692,0.5345209204240852,0.53125,2
Blockchain-tr.csv,1559,0.229736328125,0.234375,0.05938140433054218,0.03407972440944882,0.03542580784595072,0.07920792079207921,0.16666666666666666,0.04352678571428571,0.5491065530058407,0.5390625,2
Blockchain-tr.csv,1560,0.21240234375,0.2265625,0.06018153068119683,0.04749015748031496,0.05505628519026303,0.07547169811320754,0.23809523809523808,0.0578125,0.5393926847502494,0.546875,2
Blockchain-tr.csv,1561,0.2095947265625,0.203125,0.06321392009573955,0.03703248031496063,0.045556554507686566,0.08602150537634409,0.15079365079365079,0.05180921052631579,0.5529556996852298,0.4921875,3
Blockchain-tr.csv,1562,0.223876953125,0.234375,0.05352807561455766,0.03813976377952756,0.04963005764249867,0.07547169811320754,0.21428571428571427,0.04513888888888889,0.5482709393466231,0.5625,2
Blockchain-tr.csv,1563,0.2132568359375,0.21875,0.05136346839814408,0.039616141732283464,0.04647530030733615,0.07766990291262135,0.19047619047619047,0.0498046875,0.5425496180078958,0.4765625,2
Blockchain-tr.csv,1564,0.2012939453125,0.21875,0.08456424753056738,0.05241141732283464,0.06306729374964956,0.08,0.16666666666666666,0.04799107142857143,0.574112302921014,0.5078125,2
Blockchain-tr.csv,1565,0.21630859375,0.21875,0.04399682310946537,0.03211122047244094,0.039475283893482975,0.08247422680412371,0.1746031746031746,0.041193181818181816,0.520826108646781,0.5234375,2
Blockchain-tr.csv,1566,0.2174072265625,0.21875,0.054827782678500296,0.04010826771653543,0.0475303010537387,0.08247422680412371,0.19047619047619047,0.048177083333333336,0.5647511358736833,0.4921875,2
Blockchain-tr.csv,1567,0.2242431640625,0.21875,0.04591255782425186,0.03875492125984252,0.04065292771601528,0.0784313725490196,0.2777777777777778,0.04977678571428571,0.541455181684194,0.578125,2
Blockchain-tr.csv,1568,0.22314453125,0.21875,0.046668551724826146,0.03986220472440945,0.041581369553660555,0.0761904761904762,0.21428571428571427,0.05439814814814815,0.533658637916656,0.53125,2
Blockchain-tr.csv,1569,0.205078125,0.21875,0.05640441046169395,0.04515255905511811,0.047878382863423774,0.07920792079207921,0.21428571428571427,0.060474537037037035,0.5547025550903456,0.5859375,2
Blockchain-tr.csv,1570,0.197265625,0.21875,0.07892655215303418,0.04293799212598425,0.04838720973001674,0.08080808080808081,0.19047619047619047,0.054036458333333336,0.5959513970554893,0.5,3
Blockchain-tr.csv,1571,0.2154541015625,0.21875,0.05224937357367309,0.03334153543307087,0.040297275779398165,0.08163265306122448,0.15873015873015872,0.032421875,0.5314440646024072,0.4765625,2
Blockchain-tr.csv,1572,0.2198486328125,0.234375,0.06284036938543555,0.04232283464566929,0.05232470369122252,0.08080808080808081,0.19047619047619047,0.055338541666666664,0.5753688262948485,0.515625,2
Blockchain-tr.csv,1573,0.224609375,0.234375,0.04894517221149089,0.03395669291338583,0.039024070081887775,0.08163265306122448,0.19047619047619047,0.048177083333333336,0.522154069813078,0.453125,2
Blockchain-tr.csv,1574,0.2044677734375,0.2109375,0.05366750174617067,0.042445866141732284,0.04866171743514594,0.07547169811320754,0.23809523809523808,0.04453125,0.5392464788422555,0.578125,3
Blockchain-tr.csv,1575,0.2362060546875,0.234375,0.05210200610810679,0.03801673228346457,0.04106414634100812,0.08695652173913043,0.1746031746031746,0.04580965909090909,0.5553063228789231,0.4921875,3
Blockchain-tr.csv,1576,0.2310791015625,0.234375,0.042596592529112555,0.029773622047244094,0.03370254659107073,0.08421052631578947,0.15873015873015872,0.042578125,0.5223212438593169,0.4921875,2
Blockchain-tr.csv,1577,0.20263671875,0.21875,0.062253465793447184,0.043184055118110236,0.05382230722125362,0.08421052631578947,0.19047619047619047,0.058919270833333336,0.5589940437275716,0.5234375,2
Blockchain-tr.csv,1578,0.21337890625,0.21875,0.05702447720379566,0.03125,0.034355980779979645,0.08,0.21428571428571427,0.036458333333333336,0.568016033220774,0.53125,3
Blockchain-tr.csv,1579,0.2159423828125,0.21875,0.057091203295571435,0.039616141732283464,0.04998289860372556,0.0784313725490196,0.19047619047619047,0.046549479166666664,0.5903518724348182,0.53125,2
Blockchain-tr.csv,1580,0.2286376953125,0.234375,0.0446608881640578,0.039124015748031496,0.042458167508790105,0.07920792079207921,0.23015873015873015,0.05199353448275862,0.5490281342437028,0.5625,3
Blockchain-tr.csv,1581,0.216796875,0.21875,0.06142259841217339,0.051919291338582675,0.05908100031580963,0.07407407407407407,0.21428571428571427,0.059027777777777776,0.5732086463006917,0.5078125,3
Blockchain-tr.csv,1582,0.2193603515625,0.21875,0.04208983666935483,0.03026574803149606,0.03698319404490755,0.0851063829787234,0.15873015873015872,0.03671875,0.5135951652805735,0.4765625,2
Blockchain-tr.csv,1583,0.18408203125,0.203125,0.07388229401236993,0.04761318897637795,0.05545486884494416,0.07766990291262135,0.2222222222222222,0.05719866071428571,0.5741009385650928,0.53125,3
Blockchain-tr.csv,1584,0.15869140625,0.1953125,0.10444083690049398,0.045275590551181105,0.05443945595621553,0.09411764705882353,0.1984126984126984,0.0696875,0.5866098933311712,0.5,3
Blockchain-tr.csv,1585,0.211181640625,0.21875,0.05182168725886127,0.03518700787401575,0.03886977575226588,0.07692307692307693,0.23015873015873015,0.04391163793103448,0.5363495109180553,0.6015625,2
Blockchain-tr.csv,1586,0.22705078125,0.234375,0.06048186719302963,0.045275590551181105,0.053942822370368904,0.08080808080808081,0.18253968253968253,0.059442934782608696,0.5483428374541052,0.484375,2
Blockchain-tr.csv,1587,0.220703125,0.21875,0.04423731114416455,0.03617125984251968,0.04153474793721605,0.0761904761904762,0.23015873015873015,0.04552801724137931,0.5169527421485632,0.5546875,2
Blockchain-tr.csv,1588,0.233642578125,0.234375,0.037815010681029784,0.029773622047244094,0.029177925081774105,0.07920792079207921,0.23809523809523808,0.037760416666666664,0.5270496775442453,0.546875,2
Blockchain-tr.csv,1589,0.2127685546875,0.2109375,0.05367083352756769,0.039124015748031496,0.04492216720411777,0.0784313725490196,0.20634920634920634,0.04567307692307692,0.5534928428535181,0.53125,3
Blockchain-tr.csv,1590,0.2142333984375,0.21875,0.05082451371252543,0.03186515748031496,0.03230273874896464,0.08,0.21428571428571427,0.04311342592592592,0.5726081208119319,0.5703125,3
Blockchain-tr.csv,1591,0.2200927734375,0.21875,0.05233600046666832,0.036294291338582675,0.041589377380710106,0.08163265306122448,0.19047619047619047,0.052083333333333336,0.5751896318453643,0.5234375,2
Blockchain-tr.csv,1592,0.171142578125,0.1875,0.0814680109023445,0.04736712598425197,0.04676977230418922,0.07920792079207921,0.19047619047619047,0.060546875,0.6292123596587803,0.4921875,3
Blockchain-tr.csv,1593,0.225830078125,0.21875,0.04260586176378224,0.03543307086614173,0.039482185368035584,0.07766990291262135,0.23015873015873015,0.04660560344827586,0.5394566410483091,0.5625,4
Blockchain-tr.csv,1594,0.221435546875,0.21875,0.043634288902883504,0.03358759842519685,0.03626571175578523,0.07692307692307693,0.19047619047619047,0.048502604166666664,0.5420428255132028,0.515625,2
Blockchain-tr.csv,1595,0.2142333984375,0.21875,0.037930489245818926,0.029773622047244094,0.03254177256518032,0.08421052631578947,0.20634920634920634,0.040865384615384616,0.4975278941828592,0.546875,2
Blockchain-tr.csv,1596,0.1312255859375,0.171875,0.09930905715323497,0.03789370078740158,0.051038055796178046,0.10256410256410256,0.16666666666666666,0.07180059523809523,0.5393385159281826,0.421875,4
Blockchain-tr.csv,1597,0.1800537109375,0.1875,0.06669185033621429,0.026820866141732284,0.03528881327224225,0.09090909090909091,0.16666666666666666,0.03273809523809524,0.5054487592642296,0.453125,3
Blockchain-tr.csv,1598,0.1241455078125,0.1796875,0.08691534834349923,0.018577755905511813,0.03495134036331636,0.13333333333333333,0.11904761904761904,0.03854166666666667,0.4340198956835843,0.3203125,10
Blockchain-tr.csv,1599,0.206787109375,0.21875,0.06242318200949998,0.04330708661417323,0.04910575261552743,0.08,0.21428571428571427,0.052662037037037035,0.6104244176875355,0.5546875,2
Blockchain-tr.csv,1600,0.20068359375,0.21875,0.057457654536356914,0.037770669291338585,0.038645209349341215,0.07766990291262135,0.21428571428571427,0.05150462962962963,0.5715441129030094,0.5,2
Blockchain-tr.csv,1601,0.21337890625,0.21875,0.05466787803672359,0.036909448818897635,0.03924878275974169,0.08247422680412371,0.1984126984126984,0.0559375,0.5545891787099881,0.515625,2
Blockchain-tr.csv,1602,0.2021484375,0.21875,0.06456400264088123,0.04293799212598425,0.04501170799686695,0.07766990291262135,0.1984126984126984,0.05375,0.6280873213845675,0.4765625,3
Blockchain-tr.csv,1603,0.2158203125,0.21875,0.05221642338005801,0.0327263779527559,0.036337430988139234,0.08080808080808081,0.20634920634920634,0.03635817307692308,0.5535505901771729,0.5546875,2
Blockchain-tr.csv,1604,0.206298828125,0.21875,0.06305779458251838,0.04170767716535433,0.03980254296269717,0.07272727272727272,0.2777777777777778,0.04375,0.5981094827027845,0.640625,2
Blockchain-tr.csv,1605,0.2303466796875,0.21875,0.034067678845281085,0.025713582677165354,0.025530147139251388,0.08333333333333333,0.18253968253968253,0.036345108695652176,0.4896765629054572,0.5078125,3
Blockchain-tr.csv,1606,0.2147216796875,0.21875,0.05711834149609552,0.03678641732283464,0.036867594379265255,0.08080808080808081,0.23015873015873015,0.047952586206896554,0.5675562830523853,0.5859375,3
Blockchain-tr.csv,1607,0.2152099609375,0.21875,0.06232320097902475,0.04158464566929134,0.040242772991234785,0.0761904761904762,0.24603174603174602,0.05115927419354839,0.6224209564413306,0.59375,2
Blockchain-tr.csv,1608,0.2291259765625,0.234375,0.04437839307035872,0.03604822834645669,0.03427260894976407,0.07692307692307693,0.20634920634920634,0.048978365384615384,0.5397233817206224,0.578125,2
Blockchain-tr.csv,1609,0.2080078125,0.21875,0.05397661564623234,0.03764763779527559,0.04748027568438983,0.07920792079207921,0.23809523809523808,0.0484375,0.5206281693754725,0.5625,2
Blockchain-tr.csv,1610,0.2056884765625,0.21875,0.06465337452087827,0.04798228346456693,0.05690309772422375,0.08163265306122448,0.20634920634920634,0.06460336538461539,0.5601979379252413,0.46875,2
Blockchain-tr.csv,1611,0.2164306640625,0.21875,0.051344897869742945,0.03198818897637795,0.03550391403325588,0.08333333333333333,0.1746031746031746,0.04616477272727273,0.5595630433310044,0.515625,3
Blockchain-tr.csv,1612,0.193359375,0.21875,0.07933631254527305,0.04478346456692913,0.04938576815903739,0.0761904761904762,0.20634920634920634,0.05108173076923077,0.6142858430828808,0.5078125,2
Blockchain-tr.csv,1613,0.2125244140625,0.21875,0.04455265400791365,0.0359251968503937,0.03721982362438787,0.07766990291262135,0.1984126984126984,0.0503125,0.5290506498940247,0.546875,2
Blockchain-tr.csv,1614,0.227294921875,0.21875,0.0407290666323683,0.03063484251968504,0.03151960319243042,0.08333333333333333,0.16666666666666666,0.044642857142857144,0.5395517616878088,0.4609375,2
Blockchain-tr.csv,1615,0.21875,0.21875,0.06228601062149209,0.038385826771653545,0.044270486670743514,0.07920792079207921,0.1984126984126984,0.0578125,0.6058580709652316,0.546875,2
Blockchain-tr.csv,1616,0.20849609375,0.21875,0.056486775833961445,0.035556102362204724,0.047775840466174585,0.08421052631578947,0.18253968253968253,0.03974184782608696,0.5343283238896102,0.4921875,2
Blockchain-tr.csv,1617,0.2100830078125,0.21875,0.05666784750418664,0.03383366141732284,0.03262028790268206,0.07547169811320754,0.20634920634920634,0.04927884615384615,0.569100244851264,0.5546875,2
Blockchain-tr.csv,1618,0.2330322265625,0.234375,0.045007872157826256,0.031619094488188976,0.030720449673093276,0.08,0.18253968253968253,0.043138586956521736,0.5537181218226584,0.5078125,2
Blockchain-tr.csv,1619,0.2135009765625,0.21875,0.06507973530438267,0.04601377952755906,0.05741182735604955,0.07766990291262135,0.20634920634920634,0.05318509615384615,0.562078640347494,0.5234375,2
Blockchain-tr.csv,1620,0.2071533203125,0.203125,0.06127479810272909,0.035063976377952756,0.042766852327559925,0.08080808080808081,0.20634920634920634,0.044771634615384616,0.5677883471455288,0.53125,3
Blockchain-tr.csv,1621,0.2188720703125,0.21875,0.0411778828184393,0.03604822834645669,0.03676233806239748,0.08333333333333333,0.15079365079365079,0.0649671052631579,0.5300625740036305,0.515625,2
Blockchain-tr.csv,1622,0.225830078125,0.21875,0.0526931036054247,0.04072342519685039,0.04066744641980114,0.0761904761904762,0.18253968253968253,0.04551630434782609,0.5690006507692755,0.5,2
Blockchain-tr.csv,1623,0.2244873046875,0.2265625,0.04487391689980498,0.03346456692913386,0.03331769239289018,0.08,0.18253968253968253,0.04619565217391304,0.5680795632605075,0.5234375,2
Blockchain-tr.csv,1624,0.2261962890625,0.21875,0.042565797193534746,0.03125,0.029930303718951157,0.0784313725490196,0.1984126984126984,0.0384375,0.54323409820276,0.5078125,2
Blockchain-tr.csv,1625,0.230712890625,0.234375,0.051210787588870495,0.036909448818897635,0.05274766451234812,0.08163265306122448,0.20634920634920634,0.043870192307692304,0.5134096775123089,0.5546875,3
Blockchain-tr.csv,1626,0.197021484375,0.203125,0.055766229396974704,0.04195374015748032,0.05142010085976633,0.07766990291262135,0.16666666666666666,0.06473214285714286,0.5488211043208767,0.5078125,2
Blockchain-tr.csv,1627,0.212158203125,0.21875,0.05553917510884763,0.038385826771653545,0.04361427491412589,0.0784313725490196,0.2222222222222222,0.05747767857142857,0.566013153225199,0.53125,2
Blockchain-tr.csv,1628,0.2105712890625,0.21875,0.045132186180075584,0.037155511811023625,0.03652191566649603,0.0784313725490196,0.20634920634920634,0.05438701923076923,0.5486526818429426,0.53125,2
Blockchain-tr.csv,1629,0.146240234375,0.171875,0.08668298757149565,0.05450295275590551,0.058195328219002744,0.08602150537634409,0.21428571428571427,0.0697337962962963,0.5684684811059512,0.5078125,3
Blockchain-tr.csv,1630,0.2244873046875,0.21875,0.03249891389352463,0.029404527559055118,0.026131959273006888,0.07407407407407407,0.2857142857142857,0.038411458333333336,0.4977500764354262,0.6171875,2
Blockchain-tr.csv,1631,0.212646484375,0.21875,0.05940950294670673,0.039000984251968504,0.04326547358737579,0.07920792079207921,0.23015873015873015,0.04633620689655173,0.5621447663510825,0.515625,2
Blockchain-tr.csv,1632,0.21240234375,0.21875,0.06306015763407954,0.04466043307086614,0.053831868382516766,0.08333333333333333,0.15873015873015872,0.06953125,0.5630161270887503,0.5078125,2
Blockchain-tr.csv,1633,0.20361328125,0.203125,0.055721855278154986,0.03358759842519685,0.039996402135684256,0.08602150537634409,0.16666666666666666,0.058407738095238096,0.5516232070346357,0.5,2
Blockchain-tr.csv,1634,0.218505859375,0.21875,0.045511767825361385,0.03543307086614173,0.0424841847463489,0.0851063829787234,0.1984126984126984,0.0578125,0.5379014012883918,0.515625,2
Blockchain-tr.csv,1635,0.23095703125,0.21875,0.04787895819732843,0.03617125984251968,0.03255758376503887,0.07766990291262135,0.23015873015873015,0.044989224137931036,0.566190477740319,0.5703125,2
Blockchain-tr.csv,1636,0.2042236328125,0.203125,0.048364344081195144,0.03518700787401575,0.040421417133673435,0.08080808080808081,0.20634920634920634,0.045072115384615384,0.5254201290388728,0.546875,2
Blockchain-tr.csv,1637,0.195068359375,0.21875,0.07341735238813335,0.039616141732283464,0.039499050562640005,0.07920792079207921,0.1984126984126984,0.0484375,0.6095186563015416,0.53125,3
Blockchain-tr.csv,1638,0.2003173828125,0.21875,0.07590683039085658,0.03235728346456693,0.035304251699942245,0.08888888888888889,0.15873015873015872,0.047265625,0.5931108326755424,0.4296875,2
Blockchain-tr.csv,1639,0.2047119140625,0.21875,0.06785078225046803,0.04330708661417323,0.05011325204462948,0.08163265306122448,0.2222222222222222,0.049107142857142856,0.5583937684165827,0.578125,3
Blockchain-tr.csv,1640,0.2060546875,0.203125,0.047990868653537556,0.03543307086614173,0.045117513325537074,0.08602150537634409,0.1984126984126984,0.0534375,0.5108091644504804,0.5546875,2
Blockchain-tr.csv,1641,0.174560546875,0.203125,0.08053199726863806,0.04269192913385827,0.0518203637314781,0.08791208791208792,0.1746031746031746,0.056818181818181816,0.5868082666768285,0.5078125,2
Blockchain-tr.csv,1642,0.2276611328125,0.234375,0.052177455415146,0.03518700787401575,0.03911627715275674,0.08,0.15079365079365079,0.0546875,0.5771234576118167,0.4921875,2
Blockchain-tr.csv,1643,0.2095947265625,0.234375,0.06357496410583371,0.0406003937007874,0.05132876374932454,0.07692307692307693,0.23015873015873015,0.05630387931034483,0.5025073410329262,0.578125,2
Blockchain-tr.csv,1644,0.212158203125,0.21875,0.05699677143657451,0.03826279527559055,0.0434797554333136,0.07766990291262135,0.19047619047619047,0.054361979166666664,0.5530424924561087,0.5703125,2
Blockchain-tr.csv,1645,0.2071533203125,0.21875,0.06198660274317014,0.041830708661417325,0.0458542858777243,0.07766990291262135,0.1984126984126984,0.0525,0.5666373371179471,0.515625,2
Blockchain-tr.csv,1646,0.2308349609375,0.234375,0.042352417625318765,0.033710629921259845,0.03991684793679853,0.08,0.20634920634920634,0.03876201923076923,0.5106142147250374,0.5546875,2
Blockchain-tr.csv,1647,0.228515625,0.21875,0.04120121701118943,0.035556102362204724,0.030982936425913526,0.0784313725490196,0.19047619047619047,0.046549479166666664,0.5466274072392278,0.5390625,2
Blockchain-tr.csv,1648,0.217041015625,0.21875,0.044117906513573155,0.034325787401574805,0.028145454755532855,0.07272727272727272,0.2222222222222222,0.04241071428571429,0.5327505727713427,0.5546875,2
Blockchain-tr.csv,1649,0.2064208984375,0.203125,0.07116594526459792,0.04466043307086614,0.0511210301041258,0.0851063829787234,0.1984126984126984,0.0540625,0.6033733338589405,0.5234375,2
Blockchain-tr.csv,1650,0.20654296875,0.21875,0.04479165483814645,0.0344488188976378,0.036120169875477386,0.08163265306122448,0.16666666666666666,0.0390625,0.5274373906444889,0.5078125,2
Blockchain-tr.csv,1651,0.2095947265625,0.234375,0.07124295768735615,0.03703248031496063,0.05702533068482967,0.09090909090909091,0.1746031746031746,0.052556818181818184,0.5291639522482223,0.4921875,3
Blockchain-tr.csv,1652,0.2005615234375,0.203125,0.05301492731842208,0.03383366141732284,0.0412124293681975,0.08247422680412371,0.18253968253968253,0.03770380434782609,0.5294062255502181,0.546875,2
Blockchain-tr.csv,1653,0.20068359375,0.21875,0.07350700822492173,0.03813976377952756,0.04016785221931467,0.08247422680412371,0.21428571428571427,0.05237268518518518,0.6063620430080732,0.515625,2
Blockchain-tr.csv,1654,0.20361328125,0.21875,0.050212313967781086,0.033710629921259845,0.04377570589236512,0.08247422680412371,0.19047619047619047,0.050455729166666664,0.5199815456095614,0.4765625,2
Blockchain-tr.csv,1655,0.2105654761904762,0.21875,0.04621787605499788,0.04141566265060241,0.041049517869665396,0.11267605633802817,0.24390243902439024,0.054296875,0.5470779341778275,0.5357142857142857,2
TY-Transport.csv,1656,0.073486328125,0.078125,0.022554947199183575,0.011318897637795276,0.012809463666161763,0.11267605633802817,0.14285714285714285,0.022569444444444444,0.39819272669405065,0.4296875,5
TY-Transport.csv,1657,0.07666015625,0.078125,0.017187222565232464,0.008489173228346457,0.01155972406156136,0.1509433962264151,0.06349206349206349,0.0185546875,0.3200132704034796,0.3125,9
TY-Transport.csv,1658,0.0733642578125,0.078125,0.022823884292024445,0.007997047244094488,0.012687166315449581,0.1702127659574468,0.015873015873015872,0.03515625,0.3324526197770342,0.234375,8
TY-Transport.csv,1659,0.081298828125,0.09375,0.022973879286835384,0.007135826771653544,0.011887669615335777,0.17777777777777778,0.031746031746031744,0.017578125,0.33185746447435355,0.234375,3
TY-Transport.csv,1660,0.0626220703125,0.078125,0.03028893843008729,0.007750984251968504,0.014122386665631625,0.2,0.047619047619047616,0.01953125,0.3792704851740653,0.203125,3
TY-Transport.csv,1661,0.1019287109375,0.109375,0.011042472641997144,0.002952755905511811,0.0067162126298997,0.34782608695652173,0.023809523809523808,0.015625,0.21669027987185943,0.1484375,2
TY-Transport.csv,1662,0.08154296875,0.078125,0.025610339925670616,0.004183070866141733,0.01610350223617729,0.6666666666666666,0.0,0.0,0.23136505425589501,0.0859375,3
TY-Transport.csv,1663,0.0821533203125,0.078125,0.015159835391346186,0.005536417322834645,0.013659266761566567,0.27586206896551724,0.047619047619047616,0.020833333333333332,0.23700301125826964,0.1640625,2
TY-Transport.csv,1664,0.066650390625,0.078125,0.025351861561097186,0.008243110236220472,0.019688883728941706,0.3076923076923077,0.015873015873015872,0.02734375,0.23887687259319548,0.171875,3
TY-Transport.csv,1665,0.0611572265625,0.078125,0.029750866773143887,0.010580708661417323,0.020080911184156655,0.21052631578947367,0.023809523809523808,0.03125,0.3601437349938112,0.1953125,3
TY-Transport.csv,1666,0.0921630859375,0.109375,0.026337500920451853,0.0044291338582677165,0.008523872084492515,0.25806451612903225,0.015873015873015872,0.015625,0.32180735030009866,0.171875,2
TY-Transport.csv,1667,0.06787109375,0.078125,0.03697743299834996,0.004798228346456693,0.010830965096985105,0.26666666666666666,0.031746031746031744,0.017578125,0.40786838900109573,0.1796875,3
TY-Transport.csv,1668,0.0819091796875,0.078125,0.01798000812292711,0.004675196850393701,0.010247866349881304,0.26666666666666666,0.03968253968253968,0.01875,0.25518955163843393,0.1953125,2
TY-Transport.csv,1669,0.0609130859375,0.078125,0.033479994750369994,0.0031988188976377952,0.010620689889225989,0.47058823529411764,0.007936507936507936,0.015625,0.3140611365094949,0.1015625,4
TY-Transport.csv,1670,0.0682373046875,0.078125,0.02009642186651278,0.0027066929133858267,0.00900570381857535,0.5,0.015873015873015872,0.015625,0.2018520400861731,0.09375,2
TY-Transport.csv,1671,0.073486328125,0.078125,0.029255137913362057,0.006643700787401575,0.015503921261834013,0.25806451612903225,0.015873015873015872,0.015625,0.33848095580105825,0.15625,2
TY-Transport.csv,1672,0.015625,0.015625,0.0,0.0,0.0,8.0,0.0,0.0,0.0,0.0078125,1024
TY-Transport.csv,1673,0.0382080078125,0.015625,0.0343221691939718,0.0017224409448818897,0.006856729721010217,0.8,0.015873015873015872,0.03125,0.23119368371298568,0.0546875,44
TY-Transport.csv,1674,0.05615234375,0.0625,0.03539618105359264,0.004675196850393701,0.011652323319440532,0.2962962962962963,0.047619047619047616,0.022135416666666668,0.3447512926324639,0.1484375,3
TY-Transport.csv,1675,0.064453125,0.078125,0.027482904842715407,0.004306102362204725,0.009935888341323794,0.3076923076923077,0.015873015873015872,0.0234375,0.34572920825078773,0.1328125,2
TY-Transport.csv,1676,0.0628662109375,0.078125,0.02906581039443409,0.0063976377952755905,0.013913986488801143,0.22857142857142856,0.07142857142857142,0.019097222222222224,0.33738957151101956,0.2265625,3
TY-Transport.csv,1677,0.0689697265625,0.078125,0.027932237628744847,0.0063976377952755905,0.014719627220903099,0.26666666666666666,0.023809523809523808,0.020833333333333332,0.2955651973916474,0.1953125,3
TY-Transport.csv,1678,0.0579833984375,0.078125,0.029822904086912547,0.003937007874015748,0.015057165300080676,0.7272727272727273,0.0,0.0,0.2750873307252532,0.078125,3
TY-Transport.csv,1679,0.0699462890625,0.078125,0.025686738144466308,0.002583661417322835,0.007534109691139196,0.47058823529411764,0.023809523809523808,0.0234375,0.3494650071387945,0.109375,2
TY-Transport.csv,1680,0.0750732421875,0.078125,0.023031857010232214,0.004798228346456693,0.012009285769598824,0.3076923076923077,0.0,0.0,0.28106142103891324,0.1484375,3
TY-Transport.csv,1681,0.06591796875,0.078125,0.028500738569360327,0.0072588582677165355,0.016263442207497307,0.27586206896551724,0.031746031746031744,0.037109375,0.2915930151281973,0.1953125,3
TY-Transport.csv,1682,0.0771484375,0.09375,0.026403331708194873,0.005044291338582677,0.012689552242375281,0.27586206896551724,0.015873015873015872,0.0390625,0.26610238697241784,0.171875,3
TY-Transport.csv,1683,0.08544921875,0.0859375,0.009947045306378594,0.0033218503937007876,0.009327702470976815,0.36363636363636365,0.015873015873015872,0.015625,0.17634292294206413,0.15625,2
TY-Transport.csv,1684,0.08203125,0.09375,0.018528970665049098,0.00406003937007874,0.012889567769398425,0.42105263157894735,0.007936507936507936,0.03125,0.23974584795233408,0.109375,3
TY-Transport.csv,1685,0.0772705078125,0.078125,0.01224542302632657,0.002952755905511811,0.00726615308082353,0.36363636363636365,0.007936507936507936,0.015625,0.23386381056903519,0.140625,2
TY-Transport.csv,1686,0.0880126953125,0.09375,0.008484545345949777,0.0033218503937007876,0.006686849528396252,0.2962962962962963,0.015873015873015872,0.015625,0.17261458949202632,0.1875,2
TY-Transport.csv,1687,0.0762939453125,0.078125,0.01132494125350974,0.0034448818897637795,0.006767850659190493,0.2857142857142857,0.047619047619047616,0.015625,0.2614499131987978,0.1953125,3
TY-Transport.csv,1688,0.0850830078125,0.09375,0.010483132346995647,0.004306102362204725,0.008474003620926466,0.25,0.023809523809523808,0.020833333333333332,0.21335691730093262,0.2265625,2
TY-Transport.csv,1689,0.0777587890625,0.078125,0.013874728878912116,0.006151574803149607,0.013029726668182787,0.23529411764705882,0.05555555555555555,0.020089285714285716,0.2417046364606692,0.21875,2
TY-Transport.csv,1690,0.0810546875,0.078125,0.012158105076160872,0.00516732283464567,0.01038578227874275,0.22857142857142856,0.05555555555555555,0.016741071428571428,0.2588152293093117,0.2265625,2
TY-Transport.csv,1691,0.084228515625,0.09375,0.019060176019806477,0.008489173228346457,0.01683959192516887,0.17777777777777778,0.07142857142857142,0.021701388888888888,0.25891229528381776,0.28125,2
TY-Transport.csv,1692,0.0731201171875,0.078125,0.019524763937681926,0.006028543307086614,0.013160345068685093,0.25,0.047619047619047616,0.028645833333333332,0.23142830720951613,0.21875,2
TY-Transport.csv,1693,0.072509765625,0.09375,0.029149000176218624,0.009719488188976378,0.016041344500990783,0.1702127659574468,0.07936507936507936,0.02265625,0.3303410292317952,0.265625,3
TY-Transport.csv,1694,0.07373046875,0.078125,0.016333719417654033,0.0031988188976377952,0.009472626257342577,0.4,0.007936507936507936,0.015625,0.23491621816731434,0.125,3
TY-Transport.csv,1695,0.08203125,0.09375,0.02286074201312427,0.004552165354330708,0.01241826070959206,0.3333333333333333,0.015873015873015872,0.03515625,0.22544835627503998,0.171875,2
TY-Transport.csv,1696,0.079833984375,0.078125,0.015653584083896915,0.004675196850393701,0.0081591312163333,0.22857142857142856,0.023809523809523808,0.015625,0.26949235118843223,0.2109375,2
TY-Transport.csv,1697,0.0814208984375,0.078125,0.016300386659447608,0.005044291338582677,0.012840150714222188,0.3076923076923077,0.015873015873015872,0.015625,0.2666048737427313,0.1640625,2
TY-Transport.csv,1698,0.078369140625,0.078125,0.017247805137871153,0.004183070866141733,0.009081024649235207,0.2857142857142857,0.031746031746031744,0.021484375,0.25846659591380744,0.171875,2
TY-Transport.csv,1699,0.0799560546875,0.078125,0.016529149720696367,0.004306102362204725,0.01050028951444481,0.3076923076923077,0.023809523809523808,0.018229166666666668,0.25014511892326347,0.140625,2
TY-Transport.csv,1700,0.085205078125,0.09375,0.010492367649875146,0.00406003937007874,0.0071273367903347635,0.24242424242424243,0.047619047619047616,0.015625,0.22271776947824518,0.234375,2
TY-Transport.csv,1701,0.0806884765625,0.078125,0.014845978419026504,0.004921259842519685,0.009745150761964983,0.23529411764705882,0.047619047619047616,0.016927083333333332,0.2394513508993528,0.2109375,2
TY-Transport.csv,1702,0.0892333984375,0.09375,0.0070832344123066444,0.0023375984251968506,0.005573204553595537,0.4,0.007936507936507936,0.015625,0.14458452241360353,0.15625,2
TY-Transport.csv,1703,0.084716796875,0.09375,0.012897928654172159,0.004675196850393701,0.007920018178853882,0.2222222222222222,0.007936507936507936,0.015625,0.2457968744104375,0.2265625,3
TY-Transport.csv,1704,0.0799560546875,0.078125,0.01229400170771083,0.006643700787401575,0.009304955906096958,0.16666666666666666,0.031746031746031744,0.017578125,0.2676234330913532,0.28125,15
TY-Transport.csv,1705,0.0655517578125,0.078125,0.023604434291021627,0.010088582677165354,0.016112899157229226,0.15384615384615385,0.03968253968253968,0.03125,0.38559002334537845,0.28125,7
TY-Transport.csv,1706,0.03125,0.015625,0.02209708691207961,0.0234375,0.0234375,4.0,0.0,0.0,0.15304930567574826,0.6666666666666666,5
Stocks-USA.csv,1707,0.07861328125,0.078125,0.013092859060343675,0.008735236220472441,0.010495963957303718,0.13114754098360656,0.11904761904761904,0.019270833333333334,0.2730122754221787,0.3671875,10
Stocks-USA.csv,1708,0.0751953125,0.078125,0.013496362266684818,0.011318897637795276,0.010315587507999303,0.10126582278481013,0.15873015873015872,0.01875,0.2983576960582051,0.484375,7
Stocks-USA.csv,1709,0.0653076171875,0.0625,0.013164930909262004,0.010457677165354331,0.0124097254024845,0.11940298507462686,0.11904761904761904,0.0234375,0.26183479063351206,0.4296875,9
Stocks-USA.csv,1710,0.065673828125,0.0625,0.013721919430074605,0.010211614173228346,0.011987839472944684,0.11428571428571428,0.20634920634920634,0.018629807692307692,0.29134528585110614,0.46875,9
Stocks-USA.csv,1711,0.0645751953125,0.0625,0.013442707383477128,0.01107283464566929,0.012262481999963527,0.11428571428571428,0.1349206349206349,0.02297794117647059,0.2932973128653214,0.453125,6
Stocks-USA.csv,1712,0.0706787109375,0.0625,0.013943294090570218,0.009473425196850394,0.010767891971969012,0.12307692307692308,0.1349206349206349,0.02068014705882353,0.2892464720505586,0.3984375,9
Stocks-USA.csv,1713,0.0660400390625,0.0625,0.014643859147801908,0.010949803149606299,0.01181614882238482,0.10810810810810811,0.1349206349206349,0.02068014705882353,0.29735364426680416,0.46875,7
Stocks-USA.csv,1714,0.069580078125,0.0625,0.019222101679125685,0.012672244094488189,0.018049185923019496,0.1038961038961039,0.19047619047619047,0.021158854166666668,0.2829568000762768,0.484375,6
Stocks-USA.csv,1715,0.10888671875,0.109375,0.013381044537153048,0.012057086614173228,0.010773513424699616,0.09876543209876543,0.19047619047619047,0.019205729166666668,0.29394805290843656,0.5625,8
Stocks-USA.csv,1716,0.104736328125,0.109375,0.01453200799749329,0.010949803149606299,0.011146409107191073,0.1095890410958904,0.15873015873015872,0.019921875,0.31924285623828663,0.4375,6
Stocks-USA.csv,1717,0.1021728515625,0.09375,0.011864706898962098,0.010703740157480315,0.011212753336677605,0.1095890410958904,0.16666666666666666,0.020089285714285716,0.2635230435677171,0.46875,10
Stocks-USA.csv,1718,0.0985107421875,0.09375,0.01581411357984839,0.012672244094488189,0.012817732790983277,0.10126582278481013,0.15873015873015872,0.021875,0.327917410820086,0.5,6
Stocks-USA.csv,1719,0.098388671875,0.09375,0.014132769178131156,0.010703740157480315,0.011382906994311395,0.11267605633802817,0.14285714285714285,0.021267361111111112,0.3043933237541293,0.4375,8
Stocks-USA.csv,1720,0.10302734375,0.109375,0.012572649599202864,0.010457677165354331,0.010008746426876337,0.10810810810810811,0.1349206349206349,0.01884191176470588,0.2862257994960592,0.453125,9
Stocks-USA.csv,1721,0.0980224609375,0.09375,0.014708839497848705,0.010088582677165354,0.013230319939734312,0.11764705882352941,0.10317460317460317,0.022235576923076924,0.2897073389303628,0.40625,6
Stocks-USA.csv,1722,0.095947265625,0.09375,0.02308775299214539,0.015994094488188976,0.02421127304963507,0.09411764705882353,0.1746031746031746,0.026633522727272728,0.320158143853947,0.515625,8
Stocks-USA.csv,1723,0.06103515625,0.0625,0.010415395023291769,0.009473425196850394,0.01002838773243839,0.11764705882352941,0.15873015873015872,0.018359375,0.2385490035653682,0.4375,5
Stocks-USA.csv,1724,0.058349609375,0.0625,0.011301891600686237,0.009473425196850394,0.00983482721048786,0.11594202898550725,0.15079365079365079,0.01850328947368421,0.26274964007007146,0.4375,7
Stocks-USA.csv,1725,0.053955078125,0.046875,0.009932053518949215,0.00861220472440945,0.008922964746293675,0.12121212121212122,0.11904761904761904,0.016666666666666666,0.2263234640717848,0.4375,6
Stocks-USA.csv,1726,0.0550537109375,0.046875,0.011213870844399822,0.006766732283464567,0.008897482643584906,0.15384615384615385,0.0873015873015873,0.01775568181818182,0.24835799049811236,0.3203125,7
Stocks-USA.csv,1727,0.0538330078125,0.046875,0.012476875850633702,0.009719488188976378,0.009790091665392613,0.11267605633802817,0.14285714285714285,0.017361111111111112,0.2772738209400785,0.453125,7
Stocks-USA.csv,1728,0.0548095703125,0.046875,0.011387923685644199,0.00812007874015748,0.009969347726320322,0.13793103448275862,0.1111111111111111,0.01953125,0.2453471177666712,0.3828125,6
Stocks-USA.csv,1729,0.053466796875,0.046875,0.011490182251709075,0.008981299212598425,0.010471418716020277,0.125,0.15079365079365079,0.01850328947368421,0.2457354038750069,0.421875,4
Stocks-USA.csv,1730,0.06396484375,0.0625,0.025045544146937812,0.01107283464566929,0.01942183785499125,0.11940298507462686,0.1349206349206349,0.02619485294117647,0.35307302134535373,0.4453125,7
Stocks-USA.csv,1731,0.097412109375,0.09375,0.013172286093961143,0.008981299212598425,0.011352280880336879,0.12698412698412698,0.10317460317460317,0.019831730769230768,0.26434060239870044,0.390625,6
Stocks-USA.csv,1732,0.091552734375,0.09375,0.012617606991623584,0.01033464566929134,0.010779131945772392,0.1111111111111111,0.1349206349206349,0.01884191176470588,0.2816034449732747,0.4453125,7
Stocks-USA.csv,1733,0.0888671875,0.09375,0.014185389693685498,0.010703740157480315,0.011039977497133145,0.10810810810810811,0.15873015873015872,0.019140625,0.30652495658506923,0.4921875,12
Stocks-USA.csv,1734,0.082275390625,0.078125,0.01401418226422477,0.009596456692913386,0.010748193734173999,0.11764705882352941,0.10317460317460317,0.020432692307692308,0.3033305973491817,0.3984375,13
Stocks-USA.csv,1735,0.08740234375,0.09375,0.01272345138749549,0.008735236220472441,0.010495963957303714,0.12903225806451613,0.1111111111111111,0.020089285714285716,0.2790286466749439,0.421875,10
Stocks-USA.csv,1736,0.0887451171875,0.09375,0.014737178305236373,0.011811023622047244,0.012964507748345956,0.10810810810810811,0.1746031746031746,0.02166193181818182,0.3137396966439538,0.5,7
Stocks-USA.csv,1737,0.08447265625,0.078125,0.013732774521899641,0.010088582677165354,0.012635759917783233,0.12121212121212122,0.12698412698412698,0.0205078125,0.2878379272011711,0.3984375,7
Stocks-USA.csv,1738,0.0863037109375,0.078125,0.020481274100211767,0.01218011811023622,0.020463211502255677,0.11594202898550725,0.1349206349206349,0.025735294117647058,0.307215320022814,0.40625,6
Stocks-USA.csv,1739,0.0709228515625,0.0625,0.01379718573664223,0.01107283464566929,0.009825588291388486,0.10126582278481013,0.16666666666666666,0.019717261904761904,0.30346432628773146,0.4375,5
Stocks-USA.csv,1740,0.0662841796875,0.0625,0.011176602090439872,0.009227362204724409,0.010066051756438363,0.12121212121212122,0.14285714285714285,0.019097222222222224,0.25158837654284555,0.421875,7
Stocks-USA.csv,1741,0.0667724609375,0.0625,0.012308537925271593,0.010211614173228346,0.010807180736219373,0.11267605633802817,0.15873015873015872,0.01953125,0.2744982408667062,0.421875,6
Stocks-USA.csv,1742,0.0648193359375,0.0625,0.011733363894039872,0.00861220472440945,0.00974670389780431,0.12903225806451613,0.09523809523809523,0.018229166666666668,0.26875125173337083,0.3984375,6
Stocks-USA.csv,1743,0.0616455078125,0.0625,0.012704112597523841,0.008858267716535433,0.010484420413577614,0.12903225806451613,0.10317460317460317,0.020432692307692308,0.2859224461384055,0.390625,7
Stocks-USA.csv,1744,0.0648193359375,0.0625,0.012366511930712658,0.009473425196850394,0.01111921607056594,0.125,0.11904761904761904,0.022916666666666665,0.2672787794377461,0.390625,5
Stocks-USA.csv,1745,0.060791015625,0.0625,0.01207694356057777,0.008858267716535433,0.00991911632418621,0.125,0.09523809523809523,0.018229166666666668,0.26427809579572714,0.40625,5
Stocks-USA.csv,1746,0.0616455078125,0.0625,0.02378554996309343,0.013041338582677165,0.023428375809903795,0.11594202898550725,0.12698412698412698,0.02978515625,0.33800473079524945,0.4453125,7
Stocks-USA.csv,1747,0.0455322265625,0.046875,0.009573768458833593,0.008366141732283465,0.009958713752385873,0.13333333333333333,0.10317460317460317,0.018629807692307692,0.2210928213054916,0.3671875,9
Stocks-USA.csv,1748,0.0426025390625,0.046875,0.01028220495177708,0.00984251968503937,0.010523329124184595,0.11594202898550725,0.1349206349206349,0.02068014705882353,0.23856345637381468,0.4921875,5
Stocks-USA.csv,1749,0.0430908203125,0.046875,0.011512854937819502,0.009596456692913386,0.01160807218306209,0.12121212121212122,0.11904761904761904,0.019791666666666666,0.24106269587509113,0.4609375,6
Stocks-USA.csv,1750,0.0447998046875,0.046875,0.010584981389522635,0.00812007874015748,0.009575929489315968,0.13333333333333333,0.1111111111111111,0.017857142857142856,0.24139717796027035,0.375,6
Stocks-USA.csv,1751,0.0433349609375,0.046875,0.0100000846382374,0.009227362204724409,0.009676565995194722,0.11594202898550725,0.1111111111111111,0.017299107142857144,0.23147079616093733,0.453125,6
Stocks-USA.csv,1752,0.055419921875,0.046875,0.020095309610784092,0.011687992125984252,0.019308498865752314,0.11940298507462686,0.11904761904761904,0.030208333333333334,0.3414956314433389,0.421875,7
Stocks-USA.csv,1753,0.0611572265625,0.0625,0.011723199635375017,0.009227362204724409,0.011658816673702888,0.12903225806451613,0.11904761904761904,0.021354166666666667,0.23693029035062943,0.3828125,9
Stocks-USA.csv,1754,0.0584716796875,0.0625,0.011090946111816269,0.009350393700787402,0.009657776528932266,0.11594202898550725,0.10317460317460317,0.018028846153846152,0.24866328126053436,0.4609375,7
Stocks-USA.csv,1755,0.055419921875,0.046875,0.011365001769831427,0.010088582677165354,0.01083375982418864,0.11428571428571428,0.15873015873015872,0.019140625,0.2608525748656792,0.484375,5
Stocks-USA.csv,1756,0.0550537109375,0.046875,0.011042472641997144,0.009473425196850394,0.010404711866075767,0.11594202898550725,0.16666666666666666,0.01711309523809524,0.23377541461140058,0.4921875,6
Stocks-USA.csv,1757,0.056640625,0.0625,0.011219848919019587,0.009965551181102362,0.009934364782572017,0.1095890410958904,0.15873015873015872,0.01875,0.24762615205298485,0.5078125,6
Stocks-USA.csv,1758,0.053466796875,0.046875,0.012598697116641277,0.009965551181102362,0.01103449179369028,0.11594202898550725,0.1349206349206349,0.019301470588235295,0.26984760576257066,0.40625,5
Stocks-USA.csv,1759,0.0533447265625,0.046875,0.011476557140206267,0.00812007874015748,0.009373029997411865,0.13333333333333333,0.10317460317460317,0.019230769230769232,0.2571014373608617,0.3671875,5
Stocks-USA.csv,1760,0.086181640625,0.09375,0.02546446407273231,0.011811023622047244,0.01918344709011615,0.11267605633802817,0.15079365079365079,0.025082236842105265,0.3818817221655859,0.4296875,10
Stocks-USA.csv,1761,0.095458984375,0.09375,0.013423294720596947,0.009965551181102362,0.010680381109355656,0.11428571428571428,0.11904761904761904,0.018229166666666668,0.2969949668219718,0.4140625,7
Stocks-USA.csv,1762,0.0875244140625,0.09375,0.012708803491285666,0.009596456692913386,0.009813256202071496,0.11594202898550725,0.16666666666666666,0.017857142857142856,0.2889213987356503,0.453125,9
Stocks-USA.csv,1763,0.089599609375,0.09375,0.012879430360458964,0.011687992125984252,0.010369737945721194,0.0975609756097561,0.1984126984126984,0.01875,0.29149876570061095,0.5234375,7
Stocks-USA.csv,1764,0.08935546875,0.09375,0.011378105661846723,0.00861220472440945,0.009746703897804312,0.12698412698412698,0.07936507936507936,0.0171875,0.25676852322331783,0.4140625,9
Stocks-USA.csv,1765,0.0902099609375,0.09375,0.011914837921423296,0.010949803149606299,0.010616413388191259,0.10526315789473684,0.16666666666666666,0.019345238095238096,0.2636483350486161,0.5078125,6
Stocks-USA.csv,1766,0.0916748046875,0.09375,0.014793693063398353,0.00984251968503937,0.01173258691080919,0.11940298507462686,0.1111111111111111,0.021205357142857144,0.3053756228455857,0.390625,5
Stocks-USA.csv,1767,0.0986328125,0.09375,0.018399847345133568,0.010580708661417323,0.014258920466978754,0.12698412698412698,0.10317460317460317,0.026442307692307692,0.34636417744625314,0.328125,7
Stocks-USA.csv,1768,0.0736083984375,0.0625,0.023286651906302677,0.010826771653543307,0.022741199773469174,0.13114754098360656,0.1111111111111111,0.026785714285714284,0.30902249405852616,0.3515625,7
Stocks-USA.csv,1769,0.064208984375,0.0625,0.011259621638281451,0.008366141732283465,0.010149912012127395,0.13333333333333333,0.0873015873015873,0.02130681818181818,0.23254724082995612,0.375,5
Stocks-USA.csv,1770,0.06201171875,0.0625,0.010506559956713873,0.008489173228346457,0.00871528580139017,0.12121212121212122,0.10317460317460317,0.017427884615384616,0.23903886139097774,0.421875,9
Stocks-USA.csv,1771,0.059326171875,0.0625,0.011614013566666305,0.00984251968503937,0.010339038717595709,0.11267605633802817,0.11904761904761904,0.019270833333333334,0.259829702323123,0.4765625,8
Stocks-USA.csv,1772,0.0614013671875,0.0625,0.011748593794093438,0.009227362204724409,0.009676565995194722,0.11940298507462686,0.1349206349206349,0.01838235294117647,0.2672732154373863,0.421875,9
Stocks-USA.csv,1773,0.0599365234375,0.0625,0.012162393973693078,0.009104330708661417,0.011507227314064892,0.125,0.10317460317460317,0.018629807692307692,0.24750258782719517,0.453125,13
Stocks-USA.csv,1774,0.0565185546875,0.0625,0.012973381042908948,0.009965551181102362,0.01068038110935566,0.11267605633802817,0.16666666666666666,0.019345238095238096,0.27250249192114706,0.453125,5
Stocks-USA.csv,1775,0.0576171875,0.0625,0.012000200905707527,0.007997047244094488,0.009579090383770542,0.13559322033898305,0.09523809523809523,0.017578125,0.2581505804067365,0.359375,6
Stocks-USA.csv,1776,0.0738525390625,0.078125,0.01787027659397999,0.01033464566929134,0.016076220103843023,0.125,0.11904761904761904,0.025520833333333333,0.3211529646708197,0.4296875,7
Stocks-USA.csv,1777,0.0714111328125,0.0625,0.012147682877926693,0.009596456692913386,0.010567825428884068,0.11940298507462686,0.11904761904761904,0.019270833333333334,0.276084786640498,0.4296875,7
Stocks-USA.csv,1778,0.0703125,0.0625,0.015002237788805875,0.010703740157480315,0.011878753065749316,0.10810810810810811,0.1746031746031746,0.019176136363636364,0.29252057347204036,0.4375,10
Stocks-USA.csv,1779,0.0631103515625,0.0625,0.016153458876211817,0.009719488188976378,0.01254438690603435,0.12698412698412698,0.0873015873015873,0.0234375,0.32229722450700143,0.3359375,13
Stocks-USA.csv,1780,0.0657958984375,0.0625,0.011984669071255057,0.00984251968503937,0.009765322260326982,0.11267605633802817,0.1349206349206349,0.01838235294117647,0.2719736459425193,0.4609375,6
Stocks-USA.csv,1781,0.0693359375,0.0625,0.013065515781503566,0.01033464566929134,0.011470336634652231,0.11428571428571428,0.11904761904761904,0.020833333333333332,0.28088787885723604,0.453125,6
Stocks-USA.csv,1782,0.064208984375,0.0625,0.01356464295223545,0.012303149606299213,0.012028177217126236,0.1,0.1746031746031746,0.022017045454545456,0.2963331795992455,0.5078125,4
Stocks-USA.csv,1783,0.061279296875,0.0625,0.013476474042961506,0.01107283464566929,0.011282732793415719,0.10810810810810811,0.15079365079365079,0.020148026315789474,0.29859121549192064,0.46875,5
Stocks-USA.csv,1784,0.072998046875,0.078125,0.016118828945550844,0.011195866141732283,0.0165100749972601,0.11940298507462686,0.1349206349206349,0.02619485294117647,0.2826062846962382,0.4375,8
Stocks-USA.csv,1785,0.071044921875,0.0703125,0.01169583942090184,0.007997047244094488,0.01053483003376361,0.14035087719298245,0.09523809523809523,0.020182291666666668,0.25598016793445544,0.3515625,7
Stocks-USA.csv,1786,0.0665283203125,0.0625,0.011429719164811636,0.00984251968503937,0.009566440539514642,0.1111111111111111,0.1349206349206349,0.01838235294117647,0.26334930071576595,0.46875,6
Stocks-USA.csv,1787,0.065673828125,0.0625,0.012860905460025315,0.010088582677165354,0.011687344573856218,0.11940298507462686,0.1111111111111111,0.022321428571428572,0.2756386740072177,0.390625,4
Stocks-USA.csv,1788,0.0657958984375,0.0625,0.011984669071255057,0.01156496062992126,0.010414890470013944,0.09876543209876543,0.16666666666666666,0.019345238095238096,0.2738766161462864,0.515625,5
Stocks-USA.csv,1789,0.06884765625,0.0625,0.010775427973981401,0.00861220472440945,0.009941980241553607,0.12698412698412698,0.14285714285714285,0.018229166666666668,0.2364081067927483,0.3984375,5
Stocks-USA.csv,1790,0.0665283203125,0.0625,0.013137737632801828,0.010457677165354331,0.010926970133452014,0.10810810810810811,0.14285714285714285,0.019097222222222224,0.2854626858090059,0.3828125,5
Stocks-USA.csv,1791,0.0643310546875,0.0625,0.012448179596022135,0.009350393700787402,0.010047990644239871,0.12121212121212122,0.15079365079365079,0.01850328947368421,0.2721773105843542,0.4453125,7
Stocks-USA.csv,1792,0.0679931640625,0.0625,0.022147941785643898,0.012672244094488189,0.02367069711381147,0.12307692307692308,0.1349206349206349,0.028952205882352942,0.2779579518495575,0.40625,5
Stocks-USA.csv,1793,0.0625,0.0625,0.01171875,0.00861220472440945,0.009547434347483372,0.12698412698412698,0.0873015873015873,0.017045454545454544,0.2654248837938291,0.4140625,8
Stocks-USA.csv,1794,0.0634765625,0.0625,0.013496362266684818,0.01033464566929134,0.012122192851135442,0.11764705882352941,0.18253968253968253,0.021059782608695652,0.2863787849575131,0.421875,10
Stocks-USA.csv,1795,0.0577392578125,0.0625,0.014558132286117447,0.008981299212598425,0.011520373927873645,0.125,0.1111111111111111,0.01953125,0.28571078340578165,0.40625,7
Stocks-USA.csv,1796,0.0584716796875,0.0625,0.014251937701005342,0.009596456692913386,0.012252602858782843,0.125,0.12698412698412698,0.01953125,0.3070877205687704,0.4140625,5
Stocks-USA.csv,1797,0.06591796875,0.0625,0.01609847804866654,0.010826771653543307,0.015252928652923162,0.12698412698412698,0.10317460317460317,0.027043269230769232,0.31506705962025766,0.390625,10
Stocks-USA.csv,1798,0.0650634765625,0.0625,0.016431498400064606,0.010703740157480315,0.015022946712957343,0.125,0.12698412698412698,0.0244140625,0.31752671779721964,0.3984375,8
Stocks-USA.csv,1799,0.061279296875,0.0625,0.012897928654172159,0.009350393700787402,0.010237521684406847,0.11940298507462686,0.1349206349206349,0.019761029411764705,0.2774231724782377,0.390625,7
Stocks-USA.csv,1800,0.064208984375,0.0625,0.020130871313181673,0.01156496062992126,0.022884519717813287,0.12903225806451613,0.1111111111111111,0.029017857142857144,0.26601955718891235,0.4140625,6
Stocks-USA.csv,1801,0.0628662109375,0.0625,0.01316945766291053,0.00812007874015748,0.011408144814299834,0.14545454545454545,0.1111111111111111,0.021205357142857144,0.28364710080344674,0.34375,7
Stocks-USA.csv,1802,0.0633544921875,0.0625,0.014260299674706663,0.008366141732283465,0.011398853171161896,0.13793103448275862,0.09523809523809523,0.020833333333333332,0.2811765084254442,0.3203125,13
Stocks-USA.csv,1803,0.054931640625,0.046875,0.013669694999188886,0.009350393700787402,0.012285913122854273,0.13333333333333333,0.09523809523809523,0.022786458333333332,0.2871033045828714,0.3828125,6
Stocks-USA.csv,1804,0.056433823529411765,0.046875,0.013994754640201671,0.008370535714285714,0.011422706188872051,0.2105263157894737,0.0963855421686747,0.0166015625,0.30066930346918125,0.35294117647058826,5
Dew-point-temp.csv,1805,0.136962890625,0.140625,0.013458770949548554,0.010703740157480315,0.012813008230265826,0.11594202898550725,0.14285714285714285,0.020833333333333332,0.29708329765494684,0.4296875,7
Dew-point-temp.csv,1806,0.1385498046875,0.140625,0.013155872729186025,0.009473425196850394,0.012425572020622637,0.12698412698412698,0.11904761904761904,0.022395833333333334,0.283283904586348,0.421875,7
Dew-point-temp.csv,1807,0.1419677734375,0.140625,0.014087887206421583,0.009596456692913386,0.012864882969655333,0.12698412698412698,0.12698412698412698,0.02197265625,0.3007186947366545,0.4296875,11
Dew-point-temp.csv,1808,0.1416015625,0.140625,0.013913873875756842,0.011318897637795276,0.013820112126118882,0.11764705882352941,0.15873015873015872,0.0234375,0.3049831938059375,0.4375,8
Dew-point-temp.csv,1809,0.1348876953125,0.140625,0.017779992540141235,0.010211614173228346,0.01291420538557835,0.11764705882352941,0.11904761904761904,0.021875,0.35370623264521156,0.4140625,7
Dew-point-temp.csv,1810,0.135986328125,0.140625,0.015910403086065544,0.010826771653543307,0.013081899115176977,0.10810810810810811,0.1111111111111111,0.020647321428571428,0.3312560368409426,0.484375,9
Dew-point-temp.csv,1811,0.1204833984375,0.125,0.020591564820841932,0.009965551181102362,0.011207352202772369,0.11940298507462686,0.11904761904761904,0.019270833333333334,0.3953341085103756,0.46875,8
Dew-point-temp.csv,1812,0.1339111328125,0.140625,0.014833928924918992,0.009965551181102362,0.011034491793690282,0.11428571428571428,0.12698412698412698,0.01953125,0.3149199164515808,0.4609375,7
Dew-point-temp.csv,1813,0.1405029296875,0.140625,0.013028396952776602,0.009965551181102362,0.011873654888233057,0.11940298507462686,0.15079365079365079,0.020148026315789474,0.2774773263293625,0.453125,12
Dew-point-temp.csv,1814,0.1353759765625,0.140625,0.017823519727922378,0.01328740157480315,0.01401371406269099,0.1,0.1746031746031746,0.0234375,0.3602786510822091,0.4765625,6
Dew-point-temp.csv,1815,0.137939453125,0.140625,0.016353777579115405,0.011934055118110236,0.013928121750083575,0.10810810810810811,0.15079365079365079,0.023848684210526317,0.3400034986052536,0.4609375,7
Dew-point-temp.csv,1816,0.1239013671875,0.125,0.011080192555913044,0.010580708661417323,0.010353668749984862,0.10810810810810811,0.15873015873015872,0.01953125,0.2571856607504715,0.4765625,9
Dew-point-temp.csv,1817,0.1270751953125,0.125,0.011778994518884688,0.009719488188976378,0.010175232838649287,0.11594202898550725,0.14285714285714285,0.01953125,0.2678940624135319,0.4375,11
Dew-point-temp.csv,1818,0.1358642578125,0.140625,0.01415963007508389,0.009596456692913386,0.01271457744366517,0.125,0.14285714285714285,0.019965277777777776,0.30188887391641217,0.421875,14
Dew-point-temp.csv,1819,0.140869140625,0.140625,0.014216868517129558,0.008735236220472441,0.01234736150619528,0.13114754098360656,0.12698412698412698,0.0205078125,0.30045159848960173,0.4140625,6
Dew-point-temp.csv,1820,0.14013671875,0.140625,0.016794319845624843,0.011687992125984252,0.0162839052255176,0.11764705882352941,0.12698412698412698,0.0263671875,0.34017761653441075,0.4140625,6
Dew-point-temp.csv,1821,0.140869140625,0.140625,0.013669694999188886,0.010088582677165354,0.013937899302533863,0.11764705882352941,0.10317460317460317,0.0234375,0.28169716143780615,0.390625,6
Dew-point-temp.csv,1822,0.1351318359375,0.140625,0.013614534295754335,0.009227362204724409,0.015233068060316218,0.13793103448275862,0.1111111111111111,0.025669642857142856,0.2582909993059967,0.359375,5
Dew-point-temp.csv,1823,0.1361083984375,0.140625,0.01476546272309761,0.011811023622047244,0.013825587389645809,0.10526315789473684,0.15079365079365079,0.021792763157894735,0.30162723849168277,0.4765625,8
Dew-point-temp.csv,1824,0.13720703125,0.140625,0.0139395531480666,0.011934055118110236,0.01350771530382711,0.1038961038961039,0.18253968253968253,0.021739130434782608,0.3080171428812006,0.515625,8
Dew-point-temp.csv,1825,0.1387939453125,0.140625,0.01132494125350974,0.009473425196850394,0.012269886135890239,0.125,0.14285714285714285,0.019965277777777776,0.2395451198972776,0.4609375,6
Dew-point-temp.csv,1826,0.1304931640625,0.125,0.015203023096666367,0.009965551181102362,0.011377586635528434,0.11594202898550725,0.12698412698412698,0.01904296875,0.32840319449157174,0.4609375,7
Dew-point-temp.csv,1827,0.1279296875,0.125,0.015097289876699518,0.011811023622047244,0.01540401498611175,0.1111111111111111,0.15079365079365079,0.024671052631578948,0.30277826028742144,0.46875,8
Dew-point-temp.csv,1828,0.136474609375,0.140625,0.013026681222611426,0.010949803149606299,0.012603374320101283,0.1111111111111111,0.19047619047619047,0.020182291666666668,0.2797898875849792,0.4453125,7
Dew-point-temp.csv,1829,0.1300048828125,0.125,0.01279760378670865,0.010826771653543307,0.013228031550901185,0.11428571428571428,0.15873015873015872,0.021875,0.2634570809826375,0.453125,8
Dew-point-temp.csv,1830,0.13916015625,0.140625,0.013452126283160068,0.009473425196850394,0.01374763428039154,0.12698412698412698,0.10317460317460317,0.022235576923076924,0.2841661016385732,0.4140625,6
Dew-point-temp.csv,1831,0.1478271484375,0.140625,0.014733133241465605,0.010703740157480315,0.0129621724321515,0.11594202898550725,0.12698412698412698,0.0224609375,0.3129288853158266,0.4375,13
Dew-point-temp.csv,1832,0.1405029296875,0.140625,0.019579636718645183,0.012918307086614173,0.01765748442972589,0.1095890410958904,0.1111111111111111,0.030133928571428572,0.38558471814490947,0.4296875,6
Dew-point-temp.csv,1833,0.1407470703125,0.140625,0.018059394094203263,0.010088582677165354,0.014345704573964968,0.125,0.1349206349206349,0.021139705882352942,0.32649607946420756,0.3984375,7
Dew-point-temp.csv,1834,0.1387939453125,0.140625,0.015821649942260978,0.013410433070866142,0.01739754101802513,0.10126582278481013,0.16666666666666666,0.026413690476190476,0.3011761267857776,0.515625,7
Dew-point-temp.csv,1835,0.135009765625,0.140625,0.011997717163384389,0.009350393700787402,0.011968884357298537,0.12698412698412698,0.1349206349206349,0.021599264705882353,0.24900136258102834,0.4140625,6
Dew-point-temp.csv,1836,0.1357421875,0.140625,0.014185389693685498,0.010703740157480315,0.01540204956154412,0.12307692307692308,0.1111111111111111,0.023995535714285716,0.29394953582498196,0.4453125,9
Dew-point-temp.csv,1837,0.13720703125,0.140625,0.015371168201852728,0.01156496062992126,0.015589600454190122,0.1111111111111111,0.1111111111111111,0.025111607142857144,0.31832857296251227,0.4609375,6
Dew-point-temp.csv,1838,0.142822265625,0.140625,0.014711371967951982,0.011441929133858268,0.016457733350205724,0.11764705882352941,0.1349206349206349,0.024816176470588234,0.2739148869724179,0.453125,5
Dew-point-temp.csv,1839,0.141845703125,0.140625,0.012292183471849712,0.010457677165354331,0.011273337784404829,0.10810810810810811,0.15079365079365079,0.019325657894736843,0.2792100796297865,0.4609375,10
Dew-point-temp.csv,1840,0.1422119140625,0.140625,0.012633540182676518,0.01156496062992126,0.013472931911421085,0.1095890410958904,0.16666666666666666,0.02194940476190476,0.25040742875302163,0.4609375,7
Dew-point-temp.csv,1841,0.1424560546875,0.140625,0.014434782193492625,0.01218011811023622,0.01542856166800814,0.10666666666666667,0.19047619047619047,0.022786458333333332,0.2816126713475231,0.46875,6
Dew-point-temp.csv,1842,0.14453125,0.140625,0.01586726250905461,0.011441929133858268,0.014600889467664168,0.1095890410958904,0.15873015873015872,0.022265625,0.31930509691721104,0.4609375,7
Dew-point-temp.csv,1843,0.1431884765625,0.140625,0.015226528396685689,0.012426181102362205,0.014976526534219948,0.1111111111111111,0.18253968253968253,0.0234375,0.32136322575520104,0.5,8
Dew-point-temp.csv,1844,0.138916015625,0.140625,0.012842353837731845,0.011195866141732283,0.013138473498240648,0.11267605633802817,0.12698412698412698,0.0234375,0.26781756468093093,0.453125,10
Dew-point-temp.csv,1845,0.1376953125,0.140625,0.014451805260692131,0.01218011811023622,0.016743135665555096,0.10810810810810811,0.1349206349206349,0.02665441176470588,0.28454077586145526,0.4609375,7
Dew-point-temp.csv,1846,0.135009765625,0.140625,0.015221144971451503,0.011195866141732283,0.014395210805392479,0.1111111111111111,0.12698412698412698,0.0234375,0.2904056147973798,0.4765625,6
Dew-point-temp.csv,1847,0.1343994140625,0.140625,0.01426447882335663,0.011934055118110236,0.014201480344988257,0.10126582278481013,0.18253968253968253,0.021739130434782608,0.2813097916033459,0.5078125,7
Dew-point-temp.csv,1848,0.13671875,0.140625,0.014615849167085708,0.00984251968503937,0.014647466697660086,0.125,0.10317460317460317,0.02403846153846154,0.27376441359247156,0.4140625,8
Dew-point-temp.csv,1849,0.1385498046875,0.140625,0.01440171040734973,0.010580708661417323,0.012226632134650434,0.1095890410958904,0.16666666666666666,0.020089285714285716,0.295194845217637,0.46875,5
Dew-point-temp.csv,1850,0.1298828125,0.125,0.014842464993721351,0.010580708661417323,0.012068380135879806,0.10810810810810811,0.15079365079365079,0.018914473684210526,0.3088330038924373,0.4609375,9
Dew-point-temp.csv,1851,0.1304931640625,0.125,0.014821869635133619,0.013164370078740157,0.013785018942351688,0.09523809523809523,0.1746031746031746,0.02130681818181818,0.29602664387111655,0.5234375,8
Dew-point-temp.csv,1852,0.1136474609375,0.109375,0.01653996427921926,0.01033464566929134,0.013330620148210202,0.11940298507462686,0.1349206349206349,0.02068014705882353,0.32297525856529796,0.4140625,9
Dew-point-temp.csv,1853,0.130859375,0.125,0.01171875,0.00984251968503937,0.01252506554392166,0.12307692307692308,0.12698412698412698,0.0185546875,0.2553920537452617,0.4453125,9
Dew-point-temp.csv,1854,0.1282958984375,0.125,0.01508494721870937,0.009104330708661417,0.011338939377454694,0.12698412698412698,0.10317460317460317,0.017427884615384616,0.320821801848378,0.3828125,9
Dew-point-temp.csv,1855,0.12451171875,0.125,0.011544521892125868,0.009965551181102362,0.009127577259346159,0.10666666666666667,0.1746031746031746,0.018110795454545456,0.266475970315718,0.53125,10
Dew-point-temp.csv,1856,0.1312255859375,0.140625,0.020608925190514903,0.010088582677165354,0.011009772303738724,0.11594202898550725,0.16666666666666666,0.018973214285714284,0.3798942548200756,0.484375,7
Dew-point-temp.csv,1857,0.1268310546875,0.125,0.023730355721663692,0.009965551181102362,0.011377586635528432,0.1095890410958904,0.12698412698412698,0.0166015625,0.40955015716380766,0.4296875,8
Dew-point-temp.csv,1858,0.1141357421875,0.109375,0.023237968510690543,0.009473425196850394,0.01076789197196901,0.11594202898550725,0.15873015873015872,0.016796875,0.40848317010285456,0.4375,9
Dew-point-temp.csv,1859,0.1246337890625,0.125,0.022899492648805406,0.006028543307086614,0.008329877401481672,0.1702127659574468,0.07142857142857142,0.016493055555555556,0.40075285346978046,0.3046875,13
Dew-point-temp.csv,1860,0.13330078125,0.140625,0.017462455802976236,0.010088582677165354,0.014075147289443986,0.12698412698412698,0.05555555555555555,0.016741071428571428,0.33640458006585067,0.40625,6
Dew-point-temp.csv,1861,0.1234130859375,0.125,0.019417622966983555,0.009104330708661417,0.01081837989024637,0.125,0.10317460317460317,0.019230769230769232,0.3756223084681814,0.421875,10
Dew-point-temp.csv,1862,0.1201171875,0.125,0.013496362266684818,0.007874015748031496,0.009170593087393803,0.13559322033898305,0.07142857142857142,0.017361111111111112,0.3047485401105549,0.375,9
Dew-point-temp.csv,1863,0.1209716796875,0.125,0.014906079785156874,0.00861220472440945,0.01050605415364626,0.13114754098360656,0.1111111111111111,0.01953125,0.3150826284320307,0.3671875,12
Dew-point-temp.csv,1864,0.1468505859375,0.140625,0.01542101266106136,0.011195866141732283,0.01158326997631873,0.1038961038961039,0.15079365079365079,0.018914473684210526,0.32755391060606315,0.484375,8
Dew-point-temp.csv,1865,0.1376953125,0.140625,0.01458318801080867,0.009350393700787402,0.009854815154774009,0.11764705882352941,0.12698412698412698,0.015625,0.31860141372173584,0.40625,13
Dew-point-temp.csv,1866,0.121826171875,0.125,0.02115869766568725,0.008243110236220472,0.00850787481280535,0.12307692307692308,0.11904761904761904,0.016145833333333335,0.39054071004378915,0.40625,7
Dew-point-temp.csv,1867,0.104736328125,0.109375,0.016498921561399368,0.010949803149606299,0.010972588652314624,0.10666666666666667,0.12698412698412698,0.0205078125,0.335393105345418,0.5078125,8
Dew-point-temp.csv,1868,0.1168212890625,0.125,0.02130293088189112,0.008981299212598425,0.011352280880336879,0.12121212121212122,0.12698412698412698,0.01708984375,0.3876513575010729,0.4453125,9
Dew-point-temp.csv,1869,0.1038818359375,0.09375,0.02108921426115186,0.010949803149606299,0.010058530234237063,0.10256410256410256,0.18253968253968253,0.018342391304347828,0.3830083378840616,0.4921875,8
Dew-point-temp.csv,1870,0.0950927734375,0.09375,0.01913936377282058,0.008981299212598425,0.009905372641668467,0.11940298507462686,0.15079365079365079,0.017269736842105265,0.3763447878519468,0.453125,9
Dew-point-temp.csv,1871,0.0863037109375,0.078125,0.02782533799383451,0.010088582677165354,0.018239393357193653,0.13333333333333333,0.11904761904761904,0.021875,0.4209399940690417,0.3359375,10
Dew-point-temp.csv,1872,0.093994140625,0.09375,0.02327288995964993,0.009350393700787402,0.010606428180242275,0.12698412698412698,0.12698412698412698,0.01953125,0.4176937554658106,0.375,8
Dew-point-temp.csv,1873,0.112548828125,0.1171875,0.02659116208386649,0.010703740157480315,0.011550554354363765,0.1038961038961039,0.1349206349206349,0.017463235294117647,0.43762943872322096,0.4296875,13
Dew-point-temp.csv,1874,0.0906982421875,0.078125,0.026135308070975225,0.009965551181102362,0.01085888000177963,0.1111111111111111,0.15079365079365079,0.01768092105263158,0.42426058468127853,0.4453125,12
Dew-point-temp.csv,1875,0.109619140625,0.109375,0.021835236512535182,0.008243110236220472,0.009160684285918446,0.12903225806451613,0.14285714285714285,0.016493055555555556,0.41049449774340435,0.3828125,9
Dew-point-temp.csv,1876,0.118408203125,0.125,0.023729413797924197,0.01107283464566929,0.013022754549605546,0.10666666666666667,0.1111111111111111,0.01953125,0.41793882148477984,0.4765625,9
Dew-point-temp.csv,1877,0.1053466796875,0.109375,0.025030963319810775,0.009350393700787402,0.010237521684406848,0.11267605633802817,0.14285714285714285,0.016059027777777776,0.40419574433685185,0.40625,8
Dew-point-temp.csv,1878,0.135986328125,0.140625,0.023466727788079744,0.008243110236220472,0.009571186190342872,0.13114754098360656,0.07936507936507936,0.01796875,0.4003590685570373,0.3515625,9
Dew-point-temp.csv,1879,0.1441650390625,0.140625,0.010189032831311156,0.008981299212598425,0.009509308001446646,0.12121212121212122,0.12698412698412698,0.01904296875,0.23680924234767795,0.4375,13
Dew-point-temp.csv,1880,0.14208984375,0.140625,0.009251609043699422,0.00861220472440945,0.009941980241553605,0.12903225806451613,0.11904761904761904,0.019791666666666666,0.21262091627848437,0.40625,9
Dew-point-temp.csv,1881,0.1451416015625,0.140625,0.010363043410314368,0.008489173228346457,0.009556942168276787,0.12698412698412698,0.07936507936507936,0.01796875,0.23534139774536567,0.3984375,7
Dew-point-temp.csv,1882,0.126953125,0.125,0.011388577919619728,0.009104330708661417,0.009079357641483808,0.11428571428571428,0.1746031746031746,0.01740056818181818,0.26477503721013734,0.4609375,10
Dew-point-temp.csv,1883,0.11181640625,0.1171875,0.01887950676677852,0.01033464566929134,0.011130101257774251,0.11764705882352941,0.1349206349206349,0.02068014705882353,0.35488999287811,0.453125,9
Dew-point-temp.csv,1884,0.0999755859375,0.109375,0.02151452463254742,0.01107283464566929,0.011944831363208633,0.1095890410958904,0.1349206349206349,0.02068014705882353,0.4001969895682696,0.4140625,9
Dew-point-temp.csv,1885,0.102783203125,0.09375,0.022406470559709204,0.009473425196850394,0.01226988613589023,0.11594202898550725,0.14285714285714285,0.016927083333333332,0.4049725613852704,0.40625,11
Dew-point-temp.csv,1886,0.10009765625,0.09375,0.020244543400027227,0.009350393700787402,0.009456633292606117,0.11594202898550725,0.11904761904761904,0.019270833333333334,0.3956989162792515,0.4609375,9
Dew-point-temp.csv,1887,0.1416015625,0.140625,0.018295892573432806,0.01033464566929134,0.016892542514109172,0.125,0.15079365079365079,0.019736842105263157,0.27177252364698656,0.4375,10
Dew-point-temp.csv,1888,0.1119384765625,0.109375,0.023581697025303345,0.007997047244094488,0.00916894236411748,0.13333333333333333,0.11904761904761904,0.018229166666666668,0.3916595066338613,0.4140625,12
Dew-point-temp.csv,1889,0.1248779296875,0.125,0.02396032214548395,0.00861220472440945,0.01032145530569112,0.12903225806451613,0.11904761904761904,0.017708333333333333,0.39404307929347904,0.3828125,19
Dew-point-temp.csv,1890,0.1072998046875,0.109375,0.025642611801470528,0.009473425196850394,0.012731233582949333,0.12121212121212122,0.1111111111111111,0.017299107142857144,0.4107589759201411,0.4296875,7
Dew-point-temp.csv,1891,0.141357421875,0.140625,0.012017572728748992,0.009227362204724409,0.010979484014430654,0.125,0.1349206349206349,0.01884191176470588,0.2652952504901213,0.4375,12
Dew-point-temp.csv,1892,0.1285400390625,0.125,0.011424503091903456,0.007504921259842519,0.007806442952369737,0.12903225806451613,0.1111111111111111,0.015625,0.25723938332435997,0.4609375,27
Dew-point-temp.csv,1893,0.1160888671875,0.125,0.013486974260125892,0.007750984251968504,0.00874129904937579,0.13333333333333333,0.09523809523809523,0.016927083333333332,0.2963134725439321,0.359375,15
Dew-point-temp.csv,1894,0.0987548828125,0.09375,0.0106858597327709,0.0072588582677165355,0.00894160546781823,0.14545454545454545,0.07936507936507936,0.01796875,0.24844982913762673,0.3515625,18
Dew-point-temp.csv,1895,0.0989990234375,0.09375,0.010747041472587383,0.009227362204724409,0.009475821611205559,0.11594202898550725,0.15079365079365079,0.017269736842105265,0.2447315755200996,0.4453125,9
Dew-point-temp.csv,1896,0.1253662109375,0.125,0.011631321613597609,0.007874015748031496,0.010164814254790763,0.14035087719298245,0.10317460317460317,0.018629807692307692,0.25701291785047425,0.4140625,10
Dew-point-temp.csv,1897,0.1104736328125,0.109375,0.021411773080506687,0.009596456692913386,0.008995613390960099,0.1095890410958904,0.14285714285714285,0.017361111111111112,0.3814015187161382,0.46875,10
Dew-point-temp.csv,1898,0.1243896484375,0.125,0.021520064794130878,0.009596456692913386,0.014009392843327494,0.13114754098360656,0.09523809523809523,0.022135416666666668,0.39667419181524166,0.3984375,11
Dew-point-temp.csv,1899,0.1097412109375,0.09375,0.027584379529752755,0.009227362204724409,0.010441018459289918,0.125,0.10317460317460317,0.018629807692307692,0.4133718813682989,0.3828125,9
Dew-point-temp.csv,1900,0.1119384765625,0.109375,0.025598409393934044,0.008858267716535433,0.009110978632664184,0.11764705882352941,0.15873015873015872,0.017578125,0.420199430298461,0.453125,10
Dew-point-temp.csv,1901,0.115478515625,0.109375,0.028786861175061372,0.011195866141732283,0.0151753253554413,0.11940298507462686,0.14285714285714285,0.020833333333333332,0.45840506646042667,0.4375,6
Dew-point-temp.csv,1902,0.10183823529411765,0.09375,0.02696886019866663,0.009672619047619048,0.014843703380401786,0.20512820512820512,0.10843373493975904,0.020833333333333332,0.38836716468743765,0.35294117647058826,8
PM10-dust.csv,1903,0.04345703125,0.046875,0.018315429036631886,0.013656496062992126,0.014407823434101786,0.10126582278481013,0.18253968253968253,0.022758152173913044,0.3355551076088525,0.4609375,7
PM10-dust.csv,1904,0.047607421875,0.046875,0.022427741688799643,0.016855314960629923,0.018142036014927917,0.09411764705882353,0.19047619047619047,0.0263671875,0.36464979459728064,0.484375,6
PM10-dust.csv,1905,0.0406494140625,0.03125,0.019170480915299562,0.013164370078740157,0.01378501894235169,0.10126582278481013,0.1349206349206349,0.024356617647058824,0.34355940563265697,0.453125,9
PM10-dust.csv,1906,0.0430908203125,0.03125,0.02083043237198042,0.01513287401574803,0.015555580024211228,0.0975609756097561,0.14285714285714285,0.025173611111111112,0.3613117010724687,0.4296875,7
PM10-dust.csv,1907,0.05029296875,0.046875,0.022603783201372473,0.017716535433070866,0.01863917014213152,0.08791208791208792,0.16666666666666666,0.028645833333333332,0.390416263174094,0.484375,6
PM10-dust.csv,1908,0.042724609375,0.046875,0.022565515290286685,0.01636318897637795,0.016032849775290854,0.09195402298850575,0.1746031746031746,0.028409090909090908,0.40195880326061223,0.46875,7
PM10-dust.csv,1909,0.0421142578125,0.03125,0.02786600816357799,0.0172244094488189,0.02708705407878454,0.1095890410958904,0.1349206349206349,0.030330882352941176,0.35992959050522755,0.3984375,6
PM10-dust.csv,1910,0.0472412109375,0.046875,0.025123659904762938,0.01894685039370079,0.01957167777142884,0.08888888888888889,0.19047619047619047,0.032877604166666664,0.41053176273951714,0.453125,6
PM10-dust.csv,1911,0.0318603515625,0.03125,0.017621728011707347,0.012672244094488189,0.015026976473414201,0.10810810810810811,0.19047619047619047,0.023111979166666668,0.32152080332589805,0.4453125,6
PM10-dust.csv,1912,0.034912109375,0.03125,0.019284018739714553,0.013410433070866142,0.013686942898792694,0.0975609756097561,0.16666666666666666,0.020461309523809524,0.3156078504763449,0.5078125,10
PM10-dust.csv,1913,0.0382080078125,0.03125,0.01840592023622091,0.01328740157480315,0.01653114838328643,0.10666666666666667,0.10317460317460317,0.027043269230769232,0.33437408244320693,0.4453125,6
PM10-dust.csv,1914,0.0408935546875,0.03125,0.016815157853950085,0.015871062992125984,0.015186293429340043,0.0898876404494382,0.20634920634920634,0.024639423076923076,0.3390791093826753,0.546875,5
PM10-dust.csv,1915,0.0418701171875,0.03125,0.018418869045094207,0.01439468503937008,0.015638072682515398,0.10126582278481013,0.15873015873015872,0.026171875,0.3499626337135366,0.421875,7
PM10-dust.csv,1916,0.042236328125,0.046875,0.01846290777397913,0.01636318897637795,0.017077906200256527,0.1,0.12698412698412698,0.0322265625,0.358815127031143,0.515625,4
PM10-dust.csv,1917,0.0452880859375,0.046875,0.01498186206927988,0.011687992125984252,0.013001815761439864,0.1111111111111111,0.1349206349206349,0.02389705882352941,0.31027958972543535,0.4296875,7
PM10-dust.csv,1918,0.0478515625,0.046875,0.024530970091954044,0.016855314960629923,0.015264832605296692,0.08888888888888889,0.1984126984126984,0.0259375,0.4188555737204383,0.5,5
PM10-dust.csv,1919,0.042724609375,0.03125,0.022395827419073224,0.016486220472440943,0.015845768924283403,0.0898876404494382,0.1984126984126984,0.0240625,0.38199143120680557,0.4765625,6
PM10-dust.csv,1920,0.03955078125,0.03125,0.01645007864054982,0.01390255905511811,0.01470316461016468,0.09876543209876543,0.16666666666666666,0.025297619047619048,0.3292567145398306,0.46875,8
PM10-dust.csv,1921,0.0391845703125,0.03125,0.02130572865330311,0.014763779527559055,0.017896748568866336,0.1038961038961039,0.11904761904761904,0.027604166666666666,0.3571435814672788,0.40625,7
PM10-dust.csv,1922,0.04248046875,0.03125,0.01932878458289989,0.016486220472440943,0.014972483195449113,0.09090909090909091,0.20634920634920634,0.026141826923076924,0.37132467185103585,0.515625,4
PM10-dust.csv,1923,0.048095703125,0.046875,0.025660329515299295,0.02042322834645669,0.022741199773469202,0.0898876404494382,0.16666666666666666,0.036458333333333336,0.40675654723500393,0.453125,5
PM10-dust.csv,1924,0.04052734375,0.03125,0.018470976874392322,0.017593503937007874,0.015060180854428513,0.08421052631578947,0.23809523809523808,0.02734375,0.364531703201258,0.5859375,5
PM10-dust.csv,1925,0.046630859375,0.046875,0.02470408787741868,0.016486220472440943,0.019142372380685762,0.0963855421686747,0.1349206349206349,0.02803308823529412,0.39473274935078523,0.421875,6
PM10-dust.csv,1926,0.042236328125,0.03125,0.02151625608628181,0.01660925196850394,0.016019626804154502,0.0898876404494382,0.18253968253968253,0.025815217391304348,0.3770182099321025,0.4921875,8
PM10-dust.csv,1927,0.0399169921875,0.03125,0.017880280014977434,0.012918307086614173,0.013167244332628853,0.1038961038961039,0.1349206349206349,0.022058823529411766,0.3433010357103163,0.40625,5
PM10-dust.csv,1928,0.0447998046875,0.03125,0.02387059913139049,0.017470472440944882,0.019959182368033547,0.09876543209876543,0.16666666666666666,0.033854166666666664,0.38063825376141147,0.4296875,6
PM10-dust.csv,1929,0.0411376953125,0.03125,0.018618424016346766,0.013041338582677165,0.016141057096499236,0.10666666666666667,0.14285714285714285,0.026475694444444444,0.35046464248100806,0.40625,6
PM10-dust.csv,1930,0.0430908203125,0.046875,0.014841963007926206,0.013410433070866142,0.012358389767566612,0.0963855421686747,0.15079365079365079,0.0234375,0.3187401293576032,0.5,6
PM10-dust.csv,1931,0.13037109375,0.140625,0.039423986571161036,0.028543307086614175,0.030319214504947803,0.08421052631578947,0.21428571428571427,0.04456018518518518,0.5307678490128991,0.578125,4
PM10-dust.csv,1932,0.1480712890625,0.140625,0.0333158039651774,0.022391732283464565,0.018351086950771745,0.08,0.21428571428571427,0.029513888888888888,0.49632133912947074,0.546875,8
PM10-dust.csv,1933,0.1629638671875,0.15625,0.046821404652975476,0.025713582677165354,0.022910962062664793,0.08080808080808081,0.15873015873015872,0.032421875,0.5841402305921553,0.453125,4
PM10-dust.csv,1934,0.08642578125,0.078125,0.03836971104858816,0.02386811023622047,0.024160579242687424,0.08163265306122448,0.1984126984126984,0.035,0.530807574845361,0.546875,3
PM10-dust.csv,1935,0.0469970703125,0.046875,0.015806573624199637,0.014271653543307087,0.013588158984521391,0.0963855421686747,0.1349206349206349,0.024816176470588234,0.3399805521512584,0.453125,5
PM10-dust.csv,1936,0.0372314453125,0.03125,0.013407188649429242,0.012549212598425197,0.013159194839685966,0.1095890410958904,0.1349206349206349,0.024816176470588234,0.2994041719208365,0.4765625,5
PM10-dust.csv,1937,0.03955078125,0.03125,0.020102723486561426,0.017716535433070866,0.015359732103140355,0.08791208791208792,0.20634920634920634,0.02674278846153846,0.3670095220714719,0.5390625,6
PM10-dust.csv,1938,0.0413818359375,0.03125,0.022404807902259415,0.01734744094488189,0.019630368224773896,0.09195402298850575,0.15873015873015872,0.028515625,0.3796800763739869,0.390625,7
PM10-dust.csv,1939,0.041015625,0.03125,0.019725595582738432,0.015625,0.01427483503772743,0.09411764705882353,0.16666666666666666,0.02492559523809524,0.3651673925393704,0.46875,6
PM10-dust.csv,1940,0.038818359375,0.03125,0.02121496341498082,0.014886811023622047,0.017631748394433357,0.09876543209876543,0.16666666666666666,0.027901785714285716,0.34921571788375233,0.46875,7
PM10-dust.csv,1941,0.046142578125,0.046875,0.02156053395914098,0.0203001968503937,0.018322194733250138,0.08,0.2619047619047619,0.02793560606060606,0.3967191961687402,0.5859375,6
PM10-dust.csv,1942,0.0513916015625,0.046875,0.02975887953051257,0.016855314960629923,0.023250674283237672,0.0975609756097561,0.14285714285714285,0.022135416666666668,0.4311973238786679,0.4609375,5
PM10-dust.csv,1943,0.0283203125,0.015625,0.015957162732781437,0.010211614173228346,0.011328254862123143,0.11940298507462686,0.15079365079365079,0.019736842105263157,0.293692922627016,0.4296875,6
PM10-dust.csv,1944,0.0401611328125,0.03125,0.018803187273609315,0.013533464566929134,0.014589481305667763,0.10126582278481013,0.18253968253968253,0.0234375,0.3583551046916695,0.4765625,6
PM10-dust.csv,1945,0.040283203125,0.03125,0.025058629904859926,0.01439468503937008,0.02043434262613354,0.11594202898550725,0.1111111111111111,0.030133928571428572,0.3585867246870073,0.3671875,7
PM10-dust.csv,1946,0.029541015625,0.03125,0.01771155683312116,0.01107283464566929,0.014154504939241785,0.12903225806451613,0.1111111111111111,0.025111607142857144,0.2836965372188369,0.390625,7
PM10-dust.csv,1947,0.037109375,0.03125,0.018425744398548053,0.013410433070866142,0.01577492167797697,0.10256410256410256,0.14285714285714285,0.022569444444444444,0.2932839452829119,0.4296875,8
PM10-dust.csv,1948,0.1871337890625,0.21875,0.09758717955337201,0.04601377952755906,0.04678498109216152,0.07692307692307693,0.18253968253968253,0.058423913043478264,0.6045260214403669,0.4921875,4
PM10-dust.csv,1949,0.17041015625,0.1875,0.07820887831218772,0.03420275590551181,0.030041358995208618,0.07476635514018691,0.19047619047619047,0.0458984375,0.648707218898616,0.4921875,4
PM10-dust.csv,1950,0.0479736328125,0.046875,0.030332200638788737,0.020177165354330708,0.022875919374756817,0.08080808080808081,0.2222222222222222,0.029017857142857144,0.43022116095603913,0.546875,8
PM10-dust.csv,1951,0.0521240234375,0.046875,0.02041714927206754,0.013533464566929134,0.014323529462548409,0.10256410256410256,0.15079365079365079,0.020970394736842105,0.3636666354147285,0.4375,7
PM10-dust.csv,1952,0.131591796875,0.15625,0.05400697447630019,0.01636318897637795,0.02007864969294118,0.09876543209876543,0.11904761904761904,0.030729166666666665,0.5097177821480957,0.46875,4
PM10-dust.csv,1953,0.1668701171875,0.15625,0.02285520084467274,0.015871062992125984,0.014671215734019537,0.09090909090909091,0.14285714285714285,0.024739583333333332,0.4119433869632602,0.3828125,6
PM10-dust.csv,1954,0.1729736328125,0.171875,0.018341039064107324,0.017839566929133858,0.016372899108165005,0.08888888888888889,0.19047619047619047,0.028645833333333332,0.374112064846194,0.515625,5
PM10-dust.csv,1955,0.1866455078125,0.1875,0.026153546648230885,0.02079232283464567,0.01743404486606138,0.08080808080808081,0.1984126984126984,0.030625,0.4532815733511572,0.5,4
PM10-dust.csv,1956,0.185791015625,0.1875,0.01955412478824176,0.018454724409448817,0.01680089568416492,0.08602150537634409,0.15079365079365079,0.02837171052631579,0.387815422788019,0.4609375,4
PM10-dust.csv,1957,0.1376953125,0.125,0.03336072432136469,0.01660925196850394,0.029591057052956303,0.13559322033898305,0.09523809523809523,0.024088541666666668,0.3577061388976553,0.328125,2
PM10-dust.csv,1958,0.1673583984375,0.171875,0.027631876490958048,0.017101377952755906,0.017365319290071457,0.0975609756097561,0.18253968253968253,0.026834239130434784,0.4525953215623122,0.5,2
PM10-dust.csv,1959,0.1827392578125,0.1875,0.02412394765426505,0.020054133858267716,0.020082418703484938,0.09195402298850575,0.1746031746031746,0.03515625,0.4316461807893839,0.5234375,2
PM10-dust.csv,1960,0.1959228515625,0.203125,0.019026920696858143,0.017101377952755906,0.014729907009306644,0.08602150537634409,0.1746031746031746,0.024147727272727272,0.3838945731103565,0.5234375,3
PM10-dust.csv,1961,0.1915283203125,0.1875,0.0207845992064037,0.02066929133858268,0.018692691471760524,0.08791208791208792,0.19047619047619047,0.031575520833333336,0.3953301305109993,0.5625,5
PM10-dust.csv,1962,0.043701171875,0.03125,0.039468562061529856,0.01734744094488189,0.023053226633489205,0.1038961038961039,0.1349206349206349,0.03354779411764706,0.401492884257131,0.4609375,7
PM10-dust.csv,1963,0.0347900390625,0.03125,0.021591957536821704,0.013533464566929134,0.015608037633994137,0.10526315789473684,0.15873015873015872,0.024609375,0.32546272185627423,0.4375,7
PM10-dust.csv,1964,0.0396728515625,0.03125,0.021828069753720297,0.015625,0.01786373261424907,0.10126582278481013,0.11904761904761904,0.027604166666666666,0.3592120454259347,0.421875,7
PM10-dust.csv,1965,0.0411376953125,0.03125,0.01902378779094684,0.01636318897637795,0.0183791101854356,0.1,0.11904761904761904,0.03229166666666667,0.3504096303470672,0.46875,8
PM10-dust.csv,1966,0.042724609375,0.03125,0.020342936087879182,0.014025590551181102,0.012682393115011471,0.09090909090909091,0.15873015873015872,0.021875,0.3625941642388855,0.4609375,5
PM10-dust.csv,1967,0.04052734375,0.03125,0.029325344240423434,0.015501968503937008,0.019656567746527125,0.1111111111111111,0.15079365079365079,0.030838815789473683,0.40566262730774394,0.3984375,8
PM10-dust.csv,1968,0.0284423828125,0.015625,0.019475858342814883,0.010949803149606299,0.01510133307983178,0.12903225806451613,0.15079365079365079,0.02425986842105263,0.28974682935974805,0.3828125,8
PM10-dust.csv,1969,0.0345458984375,0.015625,0.029012443750171625,0.01439468503937008,0.021975505474179247,0.13793103448275862,0.10317460317460317,0.03245192307692308,0.3318939498483487,0.3515625,8
PM10-dust.csv,1970,0.0401611328125,0.03125,0.02625363233957205,0.016978346456692914,0.02028490535976865,0.1095890410958904,0.11904761904761904,0.03177083333333333,0.3938604477978081,0.4140625,5
PM10-dust.csv,1971,0.0322265625,0.015625,0.02374071441629535,0.011811023622047244,0.01683509693218241,0.13559322033898305,0.1746031746031746,0.024857954545454544,0.32619235956446424,0.40625,8
PM10-dust.csv,1972,0.05224609375,0.046875,0.025943316071846155,0.01513287401574803,0.017198905471488557,0.09523809523809523,0.15079365079365079,0.027549342105263157,0.43178834487411316,0.453125,7
PM10-dust.csv,1973,0.0347900390625,0.03125,0.01613130428478,0.012672244094488189,0.01311425721895773,0.10256410256410256,0.1349206349206349,0.024816176470588234,0.3278946545259654,0.4453125,5
PM10-dust.csv,1974,0.0340576171875,0.03125,0.011949804505540753,0.010826771653543307,0.011180307394523942,0.1111111111111111,0.14285714285714285,0.021267361111111112,0.2688938537183775,0.3984375,6
PM10-dust.csv,1975,0.0361328125,0.03125,0.017766997459629154,0.01218011811023622,0.01343017130806612,0.1095890410958904,0.16666666666666666,0.0234375,0.3208471189993159,0.4296875,6
PM10-dust.csv,1976,0.0338134765625,0.03125,0.016197677152606657,0.012549212598425197,0.012407285664841252,0.1038961038961039,0.14285714285714285,0.022135416666666668,0.3098088386121857,0.4375,6
PM10-dust.csv,1977,0.037841796875,0.03125,0.024675117960824732,0.015871062992125984,0.01652015692702919,0.09195402298850575,0.20634920634920634,0.021935096153846152,0.36853707508729583,0.5078125,8
PM10-dust.csv,1978,0.0389404296875,0.03125,0.028168104836655345,0.014148622047244094,0.016455893777925886,0.10666666666666667,0.1349206349206349,0.027113970588235295,0.38387947328640487,0.3515625,8
PM10-dust.csv,1979,0.0400390625,0.03125,0.032784004553895546,0.018454724409448817,0.02115640963454898,0.09876543209876543,0.18253968253968253,0.030570652173913044,0.3989074341462338,0.4453125,6
PM10-dust.csv,1980,0.0379638671875,0.03125,0.025140261574555033,0.014763779527559055,0.017571551057926366,0.11428571428571428,0.12698412698412698,0.02978515625,0.3751606401293004,0.421875,5
PM10-dust.csv,1981,0.0411376953125,0.03125,0.026841871113685946,0.019192913385826772,0.019821439343647964,0.0975609756097561,0.18253968253968253,0.029551630434782608,0.4037711190526456,0.4765625,7
PM10-dust.csv,1982,0.03369140625,0.03125,0.022306491758789883,0.015501968503937008,0.0180240091972434,0.09876543209876543,0.1746031746031746,0.026278409090909092,0.348749227894754,0.453125,9
PM10-dust.csv,1983,0.0413818359375,0.03125,0.026174049856435018,0.01796259842519685,0.019810745283336963,0.09523809523809523,0.1746031746031746,0.02947443181818182,0.3940502223100388,0.4609375,8
PM10-dust.csv,1984,0.0338134765625,0.03125,0.025147373220789894,0.015009842519685039,0.021154978648742315,0.11764705882352941,0.1349206349206349,0.028952205882352942,0.334676197740192,0.4296875,8
PM10-dust.csv,1985,0.032958984375,0.03125,0.020599161782849464,0.013164370078740157,0.015242008529476967,0.10526315789473684,0.18253968253968253,0.022078804347826088,0.3168876291657236,0.5,9
PM10-dust.csv,1986,0.047119140625,0.046875,0.02531421608464747,0.017101377952755906,0.022307751139380265,0.10256410256410256,0.15079365079365079,0.03453947368421053,0.38845571355100567,0.453125,6
PM10-dust.csv,1987,0.050537109375,0.046875,0.019284018739714553,0.013656496062992126,0.01592865930114254,0.10526315789473684,0.16666666666666666,0.027529761904761904,0.33692029486186675,0.4375,6
PM10-dust.csv,1988,0.060302734375,0.046875,0.026402202950666698,0.020546259842519687,0.02171985082974421,0.0898876404494382,0.21428571428571427,0.030381944444444444,0.42783764599482166,0.546875,6
PM10-dust.csv,1989,0.044677734375,0.03125,0.03375768362107645,0.014517716535433071,0.019329653718989037,0.1038961038961039,0.16666666666666666,0.027157738095238096,0.42697703384160857,0.4765625,7
PM10-dust.csv,1990,0.05810546875,0.046875,0.023675347504688783,0.018577755905511813,0.018260957833248014,0.0898876404494382,0.16666666666666666,0.03125,0.41835354372996064,0.5,5
PM10-dust.csv,1991,0.0489501953125,0.046875,0.029190633781194106,0.019808070866141732,0.022735874277283862,0.09195402298850575,0.18253968253968253,0.033627717391304345,0.4128777484786014,0.484375,7
PM10-dust.csv,1992,0.048583984375,0.046875,0.02271295226365357,0.018208661417322834,0.021005623866835486,0.09876543209876543,0.1746031746031746,0.030894886363636364,0.3723064261642572,0.46875,5
PM10-dust.csv,1993,0.0596923828125,0.0625,0.029584112336195623,0.023252952755905512,0.024636423489301843,0.08421052631578947,0.1746031746031746,0.036576704545454544,0.446406697078864,0.484375,4
PM10-dust.csv,1994,0.047135416666666666,0.0390625,0.02478614040298305,0.020921610169491525,0.019849925531190162,0.1904761904761905,0.22413793103448276,0.03365384615384615,0.37510104277513556,0.5,4
IR-bio-temp.csv,1995,0.043212890625,0.046875,0.01480829119543042,0.009596456692913386,0.013305615978932844,0.12307692307692308,0.1111111111111111,0.018415178571428572,0.2703616773204393,0.4609375,10
IR-bio-temp.csv,1996,0.03564453125,0.03125,0.015859747821202846,0.007874015748031496,0.013135016763210857,0.16,0.09523809523809523,0.021484375,0.24246609800485341,0.2890625,10
IR-bio-temp.csv,1997,0.02978515625,0.03125,0.014410502503294636,0.0072588582677165355,0.009154072459516884,0.14545454545454545,0.11904761904761904,0.0171875,0.28015080507404716,0.3828125,11
IR-bio-temp.csv,1998,0.0462646484375,0.046875,0.019374600683219674,0.010580708661417323,0.012382861850478478,0.1111111111111111,0.1349206349206349,0.01838235294117647,0.3766361586479121,0.4765625,9
IR-bio-temp.csv,1999,0.0579833984375,0.0625,0.01564358559559029,0.01033464566929134,0.01196255931095645,0.11594202898550725,0.15079365079365079,0.01850328947368421,0.3171735261124265,0.453125,7
IR-bio-temp.csv,2000,0.0604248046875,0.0625,0.01626744361113757,0.007997047244094488,0.009972383921830443,0.13559322033898305,0.1349206349206349,0.017003676470588234,0.318290049514135,0.4140625,13
IR-bio-temp.csv,2001,0.0440673828125,0.046875,0.012871907835064393,0.006766732283464567,0.010299433826996232,0.16,0.09523809523809523,0.015625,0.25836656738116154,0.3125,11
IR-bio-temp.csv,2002,0.044189453125,0.046875,0.013963050993973443,0.007504921259842519,0.010160345876999304,0.14035087719298245,0.06349206349206349,0.0166015625,0.28168847079643894,0.34375,7
IR-bio-temp.csv,2003,0.0447998046875,0.046875,0.013300063328126131,0.009350393700787402,0.011136899097080075,0.125,0.11904761904761904,0.01875,0.28678117860291635,0.390625,5
IR-bio-temp.csv,2004,0.0557861328125,0.0625,0.015214780285841244,0.009965551181102362,0.01234981308201734,0.1111111111111111,0.14285714285714285,0.016059027777777776,0.29225061919684764,0.4453125,8
IR-bio-temp.csv,2005,0.0509033203125,0.046875,0.013566290646496278,0.009350393700787402,0.012285913122854271,0.125,0.0873015873015873,0.019176136363636364,0.26473298528630007,0.4296875,8
IR-bio-temp.csv,2006,0.0513916015625,0.046875,0.012830164757649648,0.00861220472440945,0.01104134849713808,0.12307692307692308,0.1111111111111111,0.015625,0.24581062469378234,0.421875,10
IR-bio-temp.csv,2007,0.053466796875,0.046875,0.014564783924096342,0.008489173228346457,0.008933137234582349,0.12307692307692308,0.09523809523809523,0.018229166666666668,0.3232543981256715,0.3359375,6
IR-bio-temp.csv,2008,0.051025390625,0.046875,0.014416705460395142,0.00984251968503937,0.011400181012411787,0.11764705882352941,0.12698412698412698,0.02001953125,0.2702286839895866,0.375,7
IR-bio-temp.csv,2009,0.05029296875,0.046875,0.012187484349949887,0.008735236220472441,0.01085609174136603,0.12698412698412698,0.1111111111111111,0.017857142857142856,0.22183684761080844,0.390625,9
IR-bio-temp.csv,2010,0.05029296875,0.046875,0.013237736046607381,0.009719488188976378,0.01284722193130574,0.11940298507462686,0.11904761904761904,0.01875,0.25569295106283346,0.3984375,7
IR-bio-temp.csv,2011,0.0640869140625,0.0625,0.013926184435728519,0.009104330708661417,0.012622575815630525,0.125,0.1111111111111111,0.016741071428571428,0.27160084611753726,0.4296875,12
IR-bio-temp.csv,2012,0.054443359375,0.046875,0.010871798866314609,0.008366141732283465,0.009564858132665768,0.125,0.10317460317460317,0.016826923076923076,0.21400445951452687,0.4453125,15
IR-bio-temp.csv,2013,0.048095703125,0.046875,0.007959883001416555,0.006643700787401575,0.007969554498376788,0.14814814814814814,0.0873015873015873,0.016335227272727272,0.18065312802555686,0.3828125,12
IR-bio-temp.csv,2014,0.0540771484375,0.046875,0.01723873132480763,0.00984251968503937,0.011230289081933097,0.12307692307692308,0.11904761904761904,0.022395833333333334,0.32884950730729906,0.3984375,6
IR-bio-temp.csv,2015,0.045166015625,0.046875,0.01207694356057777,0.009350393700787402,0.010786150981448667,0.125,0.0873015873015873,0.02130681818181818,0.25540946283552884,0.4140625,7
IR-bio-temp.csv,2016,0.041748046875,0.046875,0.012214353272801747,0.0072588582677165355,0.011228941150693564,0.1509433962264151,0.07936507936507936,0.015625,0.2023093572758724,0.375,10
IR-bio-temp.csv,2017,0.0311279296875,0.03125,0.011471362364726722,0.007504921259842519,0.010890893689139142,0.14035087719298245,0.1111111111111111,0.015625,0.1892244397248967,0.3515625,13
IR-bio-temp.csv,2018,0.0521240234375,0.046875,0.020039989903575008,0.009350393700787402,0.012896611891120742,0.125,0.1349206349206349,0.01884191176470588,0.3805601923145969,0.4140625,11
IR-bio-temp.csv,2019,0.0826416015625,0.078125,0.012830164757649648,0.010580708661417323,0.01071857850129159,0.1111111111111111,0.15079365079365079,0.019736842105263157,0.27641413694719735,0.4921875,11
IR-bio-temp.csv,2020,0.064208984375,0.0625,0.010560316774356527,0.008366141732283465,0.009958713752385872,0.13333333333333333,0.11904761904761904,0.017708333333333333,0.23787078166792688,0.390625,7
IR-bio-temp.csv,2021,0.053466796875,0.046875,0.010627831474452596,0.008366141732283465,0.009361718690820293,0.12307692307692308,0.15079365079365079,0.016036184210526317,0.2023052144817745,0.4609375,10
IR-bio-temp.csv,2022,0.04833984375,0.046875,0.01242001693552432,0.00984251968503937,0.010882551371799205,0.11428571428571428,0.12698412698412698,0.01904296875,0.2700012016653262,0.453125,7
IR-bio-temp.csv,2023,0.033203125,0.03125,0.014352478961620185,0.005659448818897638,0.0089144788054807,0.19047619047619047,0.05555555555555555,0.017857142857142856,0.29801794345782157,0.2890625,10
IR-bio-temp.csv,2024,0.0579833984375,0.0625,0.014239385533255466,0.009227362204724409,0.00987322964947779,0.12121212121212122,0.16666666666666666,0.018601190476190476,0.30295948769806236,0.453125,7
IR-bio-temp.csv,2025,0.0638427734375,0.0625,0.01448836283842077,0.007504921259842519,0.010160345876999304,0.14814814814814814,0.1111111111111111,0.016741071428571428,0.3013897012554398,0.34375,11
IR-bio-temp.csv,2026,0.054931640625,0.0625,0.012655341975287535,0.009104330708661417,0.010818379890246373,0.11940298507462686,0.1349206349206349,0.017003676470588234,0.24138771305296017,0.453125,9
IR-bio-temp.csv,2027,0.0499267578125,0.046875,0.012049149908257334,0.007627952755905512,0.01053483003376361,0.14285714285714285,0.07936507936507936,0.0171875,0.2407396601280595,0.3671875,9
IR-bio-temp.csv,2028,0.044677734375,0.046875,0.015221144971451503,0.010211614173228346,0.0106278135669263,0.1111111111111111,0.1111111111111111,0.018973214285714284,0.311444044074244,0.4375,8
IR-bio-temp.csv,2029,0.05029296875,0.046875,0.011544521892125868,0.008243110236220472,0.009769971307131798,0.12903225806451613,0.11904761904761904,0.0171875,0.2280009967984504,0.3984375,13
IR-bio-temp.csv,2030,0.055908203125,0.0625,0.01044682270280013,0.009104330708661417,0.009693757678933181,0.11594202898550725,0.1984126984126984,0.0165625,0.2234886816301932,0.484375,5
IR-bio-temp.csv,2031,0.0499267578125,0.046875,0.013398294253459382,0.006028543307086614,0.011100141307716516,0.18604651162790697,0.015873015873015872,0.015625,0.26000286757550967,0.2578125,15
IR-bio-temp.csv,2032,0.04736328125,0.046875,0.00893701426646637,0.007012795275590551,0.008481145639573863,0.14545454545454545,0.07936507936507936,0.0171875,0.20514613155464853,0.3515625,7
IR-bio-temp.csv,2033,0.0496826171875,0.046875,0.01751655817055728,0.00861220472440945,0.009746703897804314,0.12698412698412698,0.09523809523809523,0.018229166666666668,0.3392968695092482,0.390625,7
IR-bio-temp.csv,2034,0.05029296875,0.046875,0.020385376704246193,0.010703740157480315,0.013542409356119108,0.11940298507462686,0.1111111111111111,0.021763392857142856,0.380406600430271,0.3984375,7
IR-bio-temp.csv,2035,0.0560302734375,0.046875,0.016861175950016637,0.009227362204724409,0.012300688730265746,0.13559322033898305,0.0873015873015873,0.020596590909090908,0.3147414798607369,0.3515625,10
IR-bio-temp.csv,2036,0.042724609375,0.046875,0.010783722082694227,0.007627952755905512,0.009168942364117477,0.13793103448275862,0.09523809523809523,0.016927083333333332,0.2511515538422497,0.375,9
IR-bio-temp.csv,2037,0.039794921875,0.03125,0.011857797309161026,0.006028543307086614,0.010197522532038447,0.18181818181818182,0.0873015873015873,0.016335227272727272,0.239481662584249,0.296875,13
IR-bio-temp.csv,2038,0.0372314453125,0.03125,0.012973381042908948,0.009227362204724409,0.010802978060292902,0.12121212121212122,0.16666666666666666,0.018229166666666668,0.2683218305696285,0.4375,7
IR-bio-temp.csv,2039,0.0596923828125,0.0625,0.02080179847773125,0.01033464566929134,0.015089300143196132,0.11764705882352941,0.1349206349206349,0.017463235294117647,0.386820844415571,0.3984375,7
IR-bio-temp.csv,2040,0.0474853515625,0.046875,0.01591555337191316,0.009350393700787402,0.012441398454928261,0.12698412698412698,0.12698412698412698,0.01953125,0.310498278836345,0.390625,7
IR-bio-temp.csv,2041,0.0445556640625,0.046875,0.011569664256335769,0.007135826771653544,0.010142452679884308,0.14814814814814814,0.07142857142857142,0.016493055555555556,0.21976011928537265,0.3671875,14
IR-bio-temp.csv,2042,0.0494384765625,0.046875,0.014586763886721095,0.009104330708661417,0.010082579354600338,0.125,0.10317460317460317,0.019230769230769232,0.3193439303030845,0.3984375,6
IR-bio-temp.csv,2043,0.0596923828125,0.0625,0.01454174606097535,0.009350393700787402,0.011643226539686002,0.12307692307692308,0.12698412698412698,0.01953125,0.29139286660012237,0.3984375,7
IR-bio-temp.csv,2044,0.04638671875,0.046875,0.015617368741913551,0.010088582677165354,0.013084213062150993,0.12121212121212122,0.1349206349206349,0.019301470588235295,0.298006723707335,0.40625,8
IR-bio-temp.csv,2045,0.04833984375,0.046875,0.020802156644668744,0.010580708661417323,0.014526055259001408,0.11764705882352941,0.12698412698412698,0.02099609375,0.39116469542904636,0.4140625,8
IR-bio-temp.csv,2046,0.065673828125,0.078125,0.023139328512671538,0.009473425196850394,0.012579331233879183,0.12698412698412698,0.12698412698412698,0.01953125,0.3973180818838493,0.3984375,11
IR-bio-temp.csv,2047,0.0599365234375,0.0625,0.016431498400064606,0.010826771653543307,0.01407299627739054,0.11428571428571428,0.1349206349206349,0.021599264705882353,0.2963004338822907,0.390625,6
IR-bio-temp.csv,2048,0.054931640625,0.046875,0.01104584572838244,0.007874015748031496,0.010536266764767026,0.13793103448275862,0.0873015873015873,0.016335227272727272,0.22017604671677837,0.3984375,9
IR-bio-temp.csv,2049,0.0498046875,0.046875,0.013636953167743106,0.010949803149606299,0.009668741488380175,0.1,0.18253968253968253,0.018682065217391304,0.30721607433871734,0.53125,7
IR-bio-temp.csv,2050,0.0478515625,0.046875,0.019111704873809497,0.01033464566929134,0.010779131945772388,0.1111111111111111,0.10317460317460317,0.020432692307692308,0.38298168570500746,0.4140625,8
IR-bio-temp.csv,2051,0.06201171875,0.0625,0.013237736046607381,0.008735236220472441,0.011374925522958884,0.13114754098360656,0.1349206349206349,0.01884191176470588,0.2707543111112719,0.421875,11
IR-bio-temp.csv,2052,0.059814453125,0.0625,0.015268063587650947,0.007504921259842519,0.011065997451657907,0.15384615384615385,0.10317460317460317,0.017427884615384616,0.29780467961128454,0.34375,13
IR-bio-temp.csv,2053,0.064208984375,0.0625,0.013280442157186666,0.00812007874015748,0.011065997451657907,0.13114754098360656,0.11904761904761904,0.015625,0.27204304198379964,0.4140625,7
IR-bio-temp.csv,2054,0.0648193359375,0.0625,0.014886072958094371,0.009350393700787402,0.011136899097080074,0.12121212121212122,0.0873015873015873,0.018465909090909092,0.3169002382012874,0.359375,9
IR-bio-temp.csv,2055,0.068603515625,0.0625,0.012842353837731845,0.008489173228346457,0.011724843480038834,0.14035087719298245,0.10317460317460317,0.019230769230769232,0.26879097078616854,0.3828125,9
IR-bio-temp.csv,2056,0.05224609375,0.046875,0.015433086552030378,0.009719488188976378,0.011915649618900858,0.12121212121212122,0.11904761904761904,0.0203125,0.2936200773691079,0.375,6
IR-bio-temp.csv,2057,0.0589599609375,0.0625,0.013977450569132292,0.011195866141732283,0.010899229621235292,0.10256410256410256,0.14285714285714285,0.018229166666666668,0.3074226463933447,0.4921875,6
IR-bio-temp.csv,2058,0.06689453125,0.0625,0.014607690724269132,0.010826771653543307,0.010469973086315587,0.10666666666666667,0.14285714285714285,0.01953125,0.3221185294772786,0.4765625,6
IR-bio-temp.csv,2059,0.0426025390625,0.046875,0.012764959759228547,0.009227362204724409,0.00987322964947779,0.11594202898550725,0.14285714285714285,0.016927083333333332,0.25167717205656975,0.4453125,10
IR-bio-temp.csv,2060,0.0621337890625,0.0625,0.018266140815493645,0.011195866141732283,0.014659862299340522,0.11764705882352941,0.12698412698412698,0.021484375,0.3416904233140012,0.421875,7
IR-bio-temp.csv,2061,0.0594482421875,0.0625,0.01311048795320116,0.008735236220472441,0.010677546237080277,0.125,0.0873015873015873,0.018465909090909092,0.24134142499892727,0.40625,9
IR-bio-temp.csv,2062,0.051025390625,0.046875,0.009464976550283265,0.00578248031496063,0.007544148482655464,0.16666666666666666,0.07936507936507936,0.015625,0.22015444710955226,0.3046875,13
IR-bio-temp.csv,2063,0.060791015625,0.0625,0.013704533399107606,0.009473425196850394,0.010944963762935139,0.12121212121212122,0.12698412698412698,0.01904296875,0.28761438294147884,0.421875,11
IR-bio-temp.csv,2064,0.072265625,0.078125,0.013531646934131853,0.009719488188976378,0.010546318401445315,0.11594202898550725,0.10317460317460317,0.017427884615384616,0.29516360758905674,0.4375,9
IR-bio-temp.csv,2065,0.0526123046875,0.046875,0.016557972847109123,0.01033464566929134,0.010956022077211209,0.1095890410958904,0.12698412698412698,0.01806640625,0.32980900612381553,0.46875,10
IR-bio-temp.csv,2066,0.0650634765625,0.0625,0.018402681610367976,0.009350393700787402,0.014309784791878678,0.13114754098360656,0.0873015873015873,0.019886363636363636,0.3566016045781965,0.359375,6
IR-bio-temp.csv,2067,0.0732421875,0.078125,0.01547165968530748,0.010949803149606299,0.01079596996480331,0.10666666666666667,0.15873015873015872,0.02109375,0.33426964966253075,0.5,5
IR-bio-temp.csv,2068,0.0650634765625,0.0625,0.024610719189944973,0.01156496062992126,0.017886596304514016,0.12307692307692308,0.0873015873015873,0.02911931818181818,0.40298621225035514,0.40625,8
IR-bio-temp.csv,2069,0.068115234375,0.0625,0.022921931500095458,0.010580708661417323,0.011908025228900452,0.10810810810810811,0.15873015873015872,0.01796875,0.41344162477343144,0.4765625,7
IR-bio-temp.csv,2070,0.0506591796875,0.046875,0.016543567561061304,0.00984251968503937,0.009765322260326979,0.1111111111111111,0.14285714285714285,0.018229166666666668,0.314672897137473,0.4296875,6
IR-bio-temp.csv,2071,0.058837890625,0.0625,0.012116362493825741,0.00861220472440945,0.009941980241553607,0.13114754098360656,0.1349206349206349,0.019301470588235295,0.27867653125334346,0.4140625,5
IR-bio-temp.csv,2072,0.0426025390625,0.046875,0.014180661843192444,0.007750984251968504,0.010164814254790768,0.14814814814814814,0.06349206349206349,0.021484375,0.30921036567918325,0.3203125,6
IR-bio-temp.csv,2073,0.025390625,0.03125,0.007564420598061361,0.0054133858267716535,0.007435012268571905,0.17777777777777778,0.09523809523809523,0.015625,0.1590723338208275,0.3515625,7
IR-bio-temp.csv,2074,0.076904296875,0.078125,0.01617788599319269,0.012057086614173228,0.013326077425247058,0.10526315789473684,0.1984126984126984,0.02,0.3220400398565534,0.46875,6
IR-bio-temp.csv,2075,0.0546875,0.046875,0.016572815184059706,0.008858267716535433,0.011020765588857631,0.12698412698412698,0.1111111111111111,0.017857142857142856,0.3332030988031398,0.4296875,9
IR-bio-temp.csv,2076,0.0577392578125,0.0625,0.01742102034999946,0.011195866141732283,0.011246451655537844,0.1038961038961039,0.15079365079365079,0.019736842105263157,0.35771850728562377,0.5078125,5
IR-bio-temp.csv,2077,0.046875,0.046875,0.014218964627501012,0.01107283464566929,0.013458318573104798,0.11428571428571428,0.14285714285714285,0.022569444444444444,0.2758989552824694,0.4375,7
IR-bio-temp.csv,2078,0.050537109375,0.046875,0.017738458776604214,0.01033464566929134,0.01243531374851703,0.10810810810810811,0.1349206349206349,0.017003676470588234,0.33615293296124465,0.4921875,8
IR-bio-temp.csv,2079,0.0477294921875,0.046875,0.014393430587530686,0.006520669291338582,0.010639201530082897,0.17391304347826086,0.0873015873015873,0.01775568181818182,0.28010619573523426,0.3046875,20
IR-bio-temp.csv,2080,0.0533447265625,0.046875,0.020158610242708187,0.010703740157480315,0.011212753336677605,0.11428571428571428,0.11904761904761904,0.019791666666666666,0.3681967302048805,0.4140625,4
IR-bio-temp.csv,2081,0.0618896484375,0.0625,0.016619056011939016,0.01107283464566929,0.011451846730531585,0.10526315789473684,0.15079365079365079,0.018914473684210526,0.33870693643689515,0.453125,7
IR-bio-temp.csv,2082,0.061767578125,0.0625,0.016089219131440825,0.010457677165354331,0.011935957515388675,0.1095890410958904,0.14285714285714285,0.018229166666666668,0.3205277587924904,0.4453125,8
IR-bio-temp.csv,2083,0.0511474609375,0.046875,0.011171267833082962,0.008243110236220472,0.010708688556589041,0.13333333333333333,0.1111111111111111,0.017857142857142856,0.22000866258822796,0.4140625,14
IR-bio-temp.csv,2084,0.0635986328125,0.0625,0.01945135943508797,0.012918307086614173,0.01241582264915637,0.09411764705882353,0.12698412698412698,0.02001953125,0.38069299678998897,0.4453125,7
IR-bio-temp.csv,2085,0.0589599609375,0.0625,0.017923563657324445,0.009596456692913386,0.010925584780656175,0.11940298507462686,0.12698412698412698,0.01904296875,0.3515144967058135,0.3984375,8
IR-bio-temp.csv,2086,0.0660400390625,0.0625,0.01760142160114593,0.01033464566929134,0.011636724486049051,0.10810810810810811,0.16666666666666666,0.017485119047619048,0.3587109915413557,0.4375,8
IR-bio-temp.csv,2087,0.0438232421875,0.046875,0.014092117485687086,0.00861220472440945,0.01155186475817471,0.12903225806451613,0.11904761904761904,0.016145833333333335,0.2686171555789973,0.4140625,9
IR-bio-temp.csv,2088,0.0694580078125,0.0625,0.013784219469478548,0.008858267716535433,0.010484420413577611,0.12121212121212122,0.14285714285714285,0.016493055555555556,0.27435186324528765,0.4296875,9
IR-bio-temp.csv,2089,0.074951171875,0.078125,0.016148384466946965,0.009350393700787402,0.010047990644239868,0.11594202898550725,0.11904761904761904,0.017708333333333333,0.3353597627451541,0.421875,6
IR-bio-temp.csv,2090,0.082275390625,0.078125,0.016044701953757574,0.012057086614173228,0.010773513424699616,0.09876543209876543,0.15873015873015872,0.019140625,0.3410456659802876,0.546875,6
IR-bio-temp.csv,2091,0.0548095703125,0.0625,0.020108282099549332,0.008489173228346457,0.010330250752796907,0.12903225806451613,0.15079365079365079,0.018092105263157895,0.3823058474479624,0.4140625,11
IR-bio-temp.csv,2092,0.055357142857142855,0.046875,0.019170455851414185,0.006893382352941176,0.008634326391569823,0.5333333333333333,0.030303030303030304,0.015625,0.35569594880446154,0.3142857142857143,6
City-lat.csv,2093,0.314697265625,0.3125,0.014048166387515432,0.011687992125984252,0.011921999552535076,0.10666666666666667,0.1349206349206349,0.022518382352941176,0.28207294199953953,0.4921875,7
City-lat.csv,2094,0.320068359375,0.328125,0.009157714518315943,0.008858267716535433,0.009319585071065763,0.12121212121212122,0.07142857142857142,0.015625,0.20283701389820663,0.4921875,1024
City-lat.csv,2095,0.3216552734375,0.328125,0.008630811364410905,0.00812007874015748,0.008736102596494457,0.12698412698412698,0.09523809523809523,0.017578125,0.18602595255100715,0.4609375,1024
City-lat.csv,2096,0.3194580078125,0.328125,0.009530088009903239,0.009473425196850394,0.009435801913786412,0.11428571428571428,0.1349206349206349,0.017922794117647058,0.2116813905068935,0.484375,995
City-lat.csv,2097,0.322265625,0.328125,0.009366858443970155,0.008489173228346457,0.009756017520471946,0.13114754098360656,0.09523809523809523,0.018229166666666668,0.18694012703114304,0.4375,1017
City-lat.csv,2098,0.3212890625,0.328125,0.008896907792133105,0.007874015748031496,0.008518542998579601,0.12903225806451613,0.07936507936507936,0.01640625,0.1997131101325684,0.4296875,17
City-lat.csv,2099,0.318603515625,0.3125,0.008108262649128718,0.007627952755905512,0.008052691029504715,0.12903225806451613,0.1111111111111111,0.016183035714285716,0.17978852291682412,0.4609375,13
City-lat.csv,2100,0.315185546875,0.3125,0.011406881236546549,0.010949803149606299,0.010795969964803306,0.10810810810810811,0.12698412698412698,0.01904296875,0.25080394011321944,0.4765625,12
City-lat.csv,2101,0.31494140625,0.3125,0.010415395023291769,0.010826771653543307,0.00970780095697778,0.10126582278481013,0.1746031746031746,0.01775568181818182,0.23925833291443244,0.515625,11
City-lat.csv,2102,0.3194580078125,0.3125,0.009327801467166658,0.009596456692913386,0.009615365985521622,0.1111111111111111,0.15079365079365079,0.016858552631578948,0.20445042849348197,0.5234375,10
City-lat.csv,2103,0.3231201171875,0.328125,0.008037196885440197,0.007627952755905512,0.008956828111811664,0.13793103448275862,0.047619047619047616,0.015625,0.16595498468110936,0.4453125,1024
City-lat.csv,2104,0.319091796875,0.3125,0.009079274405169459,0.009227362204724409,0.009061000314725374,0.11428571428571428,0.11904761904761904,0.017708333333333333,0.20431851304059334,0.5,1024
City-lat.csv,2105,0.3214111328125,0.328125,0.008665272716758448,0.007504921259842519,0.008736102596494457,0.13793103448275862,0.07936507936507936,0.01640625,0.18801010460630682,0.421875,1020
City-lat.csv,2106,0.320556640625,0.328125,0.00850997317281903,0.007997047244094488,0.00851676589560866,0.12698412698412698,0.12698412698412698,0.01708984375,0.18820969966786072,0.484375,992
City-lat.csv,2107,0.3211669921875,0.328125,0.008692743434267543,0.007627952755905512,0.008287977260383514,0.13114754098360656,0.07142857142857142,0.016493055555555556,0.18973673938953614,0.4296875,1014
City-lat.csv,2108,0.3231201171875,0.328125,0.00872012761215136,0.006889763779527559,0.009124259949674784,0.1568627450980392,0.031746031746031744,0.015625,0.17118099831240438,0.3671875,1002
City-lat.csv,2109,0.3218994140625,0.328125,0.009435806172937199,0.008981299212598425,0.010097580968840147,0.12307692307692308,0.1111111111111111,0.01953125,0.1927271490902228,0.46875,1024
City-lat.csv,2110,0.3226318359375,0.328125,0.007955201543032772,0.008243110236220472,0.008278840473061376,0.12121212121212122,0.09523809523809523,0.016276041666666668,0.16867465916530458,0.5,1024
City-lat.csv,2111,0.322021484375,0.328125,0.009000150679280646,0.007750984251968504,0.009170593087393812,0.13793103448275862,0.06349206349206349,0.017578125,0.18764884892109499,0.421875,1016
City-lat.csv,2112,0.322021484375,0.328125,0.010560316774356527,0.008735236220472441,0.011708048477726694,0.14545454545454545,0.05555555555555555,0.020089285714285716,0.19678031707384946,0.3984375,1008
City-lat.csv,2113,0.3231201171875,0.328125,0.009555072717394912,0.007135826771653544,0.010142452679884312,0.16666666666666666,0.031746031746031744,0.01953125,0.1746784055456485,0.328125,1013
City-lat.csv,2114,0.322021484375,0.328125,0.011756835085775885,0.01033464566929134,0.013330620148210178,0.13793103448275862,0.0873015873015873,0.024147727272727272,0.19387477903363529,0.4296875,1021
City-lat.csv,2115,0.3206787109375,0.328125,0.011042472641997144,0.01033464566929134,0.011470336634652226,0.12307692307692308,0.0873015873015873,0.022017045454545456,0.21689455636130592,0.4609375,1022
City-lat.csv,2116,0.3204345703125,0.328125,0.011554198506849411,0.010211614173228346,0.012147140794485707,0.13114754098360656,0.07936507936507936,0.02265625,0.21909607992264632,0.4296875,1024
City-lat.csv,2117,0.3209228515625,0.328125,0.011702844634218374,0.009719488188976378,0.013432425259799402,0.14814814814814814,0.03968253968253968,0.025,0.21605033589952205,0.375,994
City-lat.csv,2118,0.3197021484375,0.328125,0.012642972598499287,0.010457677165354331,0.012715767891441165,0.13114754098360656,0.07936507936507936,0.02265625,0.22707192748847227,0.421875,1020
City-lat.csv,2119,0.3221435546875,0.328125,0.010539836654338353,0.008243110236220472,0.011899123932701969,0.1568627450980392,0.023809523809523808,0.0234375,0.1929192389133769,0.359375,1010
City-lat.csv,2120,0.322265625,0.328125,0.010874539771152386,0.008858267716535433,0.011697701106303863,0.14814814814814814,0.047619047619047616,0.022135416666666668,0.1862596069235646,0.3984375,1019
City-lat.csv,2121,0.3172607421875,0.328125,0.013183028597550914,0.013533464566929134,0.01335104327386863,0.1038961038961039,0.10317460317460317,0.024639423076923076,0.2635204268402485,0.5234375,6
City-lat.csv,2122,0.31689453125,0.328125,0.014866540378553056,0.01513287401574803,0.014130958676536633,0.1,0.1111111111111111,0.024553571428571428,0.2678290477236151,0.546875,7
City-lat.csv,2123,0.31787109375,0.328125,0.014007801062286183,0.013164370078740157,0.013503232158896544,0.1111111111111111,0.09523809523809523,0.022786458333333332,0.2634960236741951,0.4765625,6
City-lat.csv,2124,0.317626953125,0.328125,0.014888575281727857,0.01390255905511811,0.014571832942414301,0.1095890410958904,0.10317460317460317,0.02283653846153846,0.2673060329477125,0.4609375,6
City-lat.csv,2125,0.316162109375,0.328125,0.015438878665783572,0.01624015748031496,0.015857227840273644,0.10126582278481013,0.11904761904761904,0.0296875,0.2813874806222467,0.5234375,8
City-lat.csv,2126,0.318115234375,0.328125,0.014449742926716495,0.014640748031496063,0.015156361805545741,0.10810810810810811,0.10317460317460317,0.029447115384615384,0.25207980298810706,0.5078125,7
City-lat.csv,2127,0.3165283203125,0.328125,0.016252780823088012,0.015994094488188976,0.016920297604665305,0.10810810810810811,0.09523809523809523,0.031901041666666664,0.2733562702308529,0.4453125,11
City-lat.csv,2128,0.3184814453125,0.328125,0.01612021557112402,0.015871062992125984,0.0182874638188341,0.12307692307692308,0.05555555555555555,0.03125,0.23294248383964966,0.46875,5
City-lat.csv,2129,0.314453125,0.328125,0.016457323775735076,0.018208661417322834,0.01649448171202582,0.0975609756097561,0.1111111111111111,0.030133928571428572,0.28818747157528074,0.5546875,5
City-lat.csv,2130,0.3135986328125,0.328125,0.01770608738138838,0.01906988188976378,0.0170841094198992,0.09523809523809523,0.16666666666666666,0.030133928571428572,0.29105011847625645,0.578125,6
City-lat.csv,2131,0.3155517578125,0.328125,0.015632150921031554,0.015748031496062992,0.014867988523642527,0.10256410256410256,0.12698412698412698,0.025390625,0.2759523510839028,0.5234375,5
City-lat.csv,2132,0.325439453125,0.328125,0.010717189486156235,0.009350393700787402,0.010786150981448665,0.12307692307692308,0.1349206349206349,0.017922794117647058,0.2365181807726687,0.453125,25
City-lat.csv,2133,0.3020833333333333,0.296875,0.01948779888944761,0.015625,0.009882117688026186,1.5999999999999999,0.25,0.015625,0.26416041678685936,0.6666666666666666,16
Wind-Speed.csv,2134,0.0816650390625,0.078125,0.01648220463788254,0.00984251968503937,0.009960233586618648,0.11428571428571428,0.10317460317460317,0.019831730769230768,0.3475446339299902,0.4375,4
Wind-Speed.csv,2135,0.0599365234375,0.0625,0.010477445037559284,0.007997047244094488,0.00916894236411748,0.13333333333333333,0.11904761904761904,0.017708333333333333,0.24337988694644305,0.3671875,6
Wind-Speed.csv,2136,0.0634765625,0.0625,0.012467915366019242,0.008735236220472441,0.009735826743792475,0.125,0.10317460317460317,0.019831730769230768,0.2859001547546907,0.375,6
Wind-Speed.csv,2137,0.0660400390625,0.0625,0.011753666042055202,0.009104330708661417,0.00949337683260848,0.11940298507462686,0.15079365079365079,0.01850328947368421,0.2725022366988242,0.4375,5
Wind-Speed.csv,2138,0.0677490234375,0.0625,0.009423163988498672,0.008366141732283465,0.009763772086135098,0.13333333333333333,0.12698412698412698,0.01953125,0.21928056350095435,0.4375,9
Wind-Speed.csv,2139,0.0621337890625,0.0625,0.010420401221621358,0.008735236220472441,0.009536329908994143,0.125,0.1111111111111111,0.017299107142857144,0.24206647879345788,0.375,7
Wind-Speed.csv,2140,0.0689697265625,0.0625,0.010247364682348551,0.009227362204724409,0.008626254007361271,0.1111111111111111,0.11904761904761904,0.0171875,0.23908340326141378,0.4453125,6
Wind-Speed.csv,2141,0.076904296875,0.078125,0.014564783924096342,0.007997047244094488,0.00937625929294176,0.13559322033898305,0.07936507936507936,0.01875,0.31226924801459566,0.375,6
Wind-Speed.csv,2142,0.0799560546875,0.078125,0.011656915926894934,0.010088582677165354,0.008883862302428986,0.1038961038961039,0.16666666666666666,0.017857142857142856,0.2679190336645205,0.4453125,4
Wind-Speed.csv,2143,0.0670166015625,0.0625,0.012376147862382707,0.008735236220472441,0.010311184468384332,0.12903225806451613,0.1349206349206349,0.019761029411764705,0.28464757538580343,0.40625,6
Wind-Speed.csv,2144,0.0672607421875,0.0625,0.010972077345931135,0.00861220472440945,0.008922964746293675,0.12121212121212122,0.1349206349206349,0.01608455882352941,0.25535121602800603,0.40625,7
Wind-Speed.csv,2145,0.066650390625,0.0625,0.010783722082694227,0.00984251968503937,0.00996023358661865,0.11428571428571428,0.12698412698412698,0.0185546875,0.25115155384224974,0.46875,5
Wind-Speed.csv,2146,0.0721435546875,0.0625,0.014500699486796638,0.01033464566929134,0.0098471322853168,0.10666666666666667,0.16666666666666666,0.018973214285714284,0.3147384851275975,0.453125,6
Wind-Speed.csv,2147,0.09521484375,0.09375,0.012265485045977022,0.009227362204724409,0.009270731414264025,0.11594202898550725,0.1111111111111111,0.017857142857142856,0.2701191007816392,0.4609375,6
Wind-Speed.csv,2148,0.073486328125,0.078125,0.012711734420844544,0.008489173228346457,0.00871528580139017,0.12121212121212122,0.14285714285714285,0.016927083333333332,0.29000755863325844,0.40625,5
Wind-Speed.csv,2149,0.0703125,0.0625,0.010334966058846057,0.006520669291338582,0.008645534493484671,0.16,0.06349206349206349,0.0185546875,0.2408712411926662,0.328125,7
Wind-Speed.csv,2150,0.063720703125,0.0625,0.011490182251709075,0.009350393700787402,0.00925111771511194,0.11428571428571428,0.1349206349206349,0.017463235294117647,0.26319377386011855,0.4453125,6
Wind-Speed.csv,2151,0.0693359375,0.0625,0.011346630897092041,0.009350393700787402,0.009251117715111938,0.11428571428571428,0.12698412698412698,0.01708984375,0.2612555413313321,0.5,6
Wind-Speed.csv,2152,0.072021484375,0.078125,0.011917964108846605,0.00984251968503937,0.00956644053951464,0.1111111111111111,0.14285714285714285,0.018663194444444444,0.2725507387614846,0.484375,7
Wind-Speed.csv,2153,0.0665283203125,0.0625,0.01056243314101147,0.009965551181102362,0.009127577259346159,0.10666666666666667,0.1349206349206349,0.01838235294117647,0.24577301313171926,0.4921875,8
Wind-Speed.csv,2154,0.0675048828125,0.0625,0.012495970076401816,0.010211614173228346,0.009681257663831697,0.10810810810810811,0.15079365079365079,0.018914473684210526,0.28294787768036406,0.4609375,5
Wind-Speed.csv,2155,0.084716796875,0.09375,0.012897928654172159,0.008489173228346457,0.008933137234582349,0.12307692307692308,0.1111111111111111,0.017857142857142856,0.2902409004642169,0.4140625,7
Wind-Speed.csv,2156,0.0809326171875,0.078125,0.01530851273297449,0.009473425196850394,0.009229822506649131,0.11267605633802817,0.1111111111111111,0.018973214285714284,0.3250942741050404,0.4453125,5
Wind-Speed.csv,2157,0.0869140625,0.09375,0.013354291339040375,0.008489173228346457,0.00955694216827679,0.12903225806451613,0.11904761904761904,0.01875,0.30052300225216066,0.3828125,13
Wind-Speed.csv,2158,0.0859375,0.09375,0.01171875,0.012303149606299213,0.010118545863657529,0.09302325581395349,0.20634920634920634,0.01893028846153846,0.27037565616415676,0.5546875,8
Wind-Speed.csv,2159,0.091796875,0.09375,0.009568319307746789,0.007997047244094488,0.00916894236411748,0.13333333333333333,0.10317460317460317,0.018629807692307692,0.22300186445063785,0.390625,5
Wind-Speed.csv,2160,0.0908203125,0.09375,0.009716674190494335,0.009104330708661417,0.008645534493484684,0.11267605633802817,0.15079365079365079,0.016858552631578948,0.2236541737938831,0.453125,6
Wind-Speed.csv,2161,0.0684814453125,0.0625,0.011738442722930042,0.008489173228346457,0.009556942168276789,0.12903225806451613,0.16666666666666666,0.018229166666666668,0.2708795001226656,0.3828125,6
Wind-Speed.csv,2162,0.0911865234375,0.09375,0.014053999132789595,0.008366141732283465,0.0087239655025767,0.12307692307692308,0.1111111111111111,0.017299107142857144,0.29793373530841555,0.4140625,7
Wind-Speed.csv,2163,0.0882568359375,0.09375,0.010443256138665325,0.009227362204724409,0.009270731414264023,0.11594202898550725,0.15873015873015872,0.01796875,0.23832155887491413,0.453125,9
Wind-Speed.csv,2164,0.076904296875,0.078125,0.013894583276496284,0.010211614173228346,0.009480612622691188,0.10666666666666667,0.1349206349206349,0.019301470588235295,0.3088624724641954,0.484375,5
Wind-Speed.csv,2165,0.074951171875,0.078125,0.013154173626000189,0.009596456692913386,0.009615365985521623,0.1111111111111111,0.1349206349206349,0.01838235294117647,0.29716364124407185,0.4296875,5
Wind-Speed.csv,2166,0.073486328125,0.078125,0.015299262728411424,0.007750984251968504,0.009779262770294117,0.14545454545454545,0.10317460317460317,0.017427884615384616,0.3282024536477068,0.34375,9
Wind-Speed.csv,2167,0.0794677734375,0.078125,0.012811568621766498,0.007997047244094488,0.008956828111811666,0.13114754098360656,0.11904761904761904,0.016666666666666666,0.28845656493536365,0.3515625,7
Wind-Speed.csv,2168,0.0826416015625,0.078125,0.010177326341354839,0.009473425196850394,0.009229822506649134,0.11267605633802817,0.15079365079365079,0.016858552631578948,0.2292058144051142,0.453125,7
Wind-Speed.csv,2169,0.0797119140625,0.078125,0.012931965514899592,0.008981299212598425,0.010653419365545893,0.13333333333333333,0.10317460317460317,0.021033653846153848,0.29369359734151673,0.390625,5
Wind-Speed.csv,2170,0.0946044921875,0.09375,0.010573713275734262,0.008243110236220472,0.009368183966929861,0.13114754098360656,0.10317460317460317,0.017427884615384616,0.2439024674427287,0.3515625,10
Wind-Speed.csv,2171,0.09130859375,0.09375,0.010596940631938822,0.008858267716535433,0.009723380811259468,0.125,0.10317460317460317,0.019230769230769232,0.2456406316063839,0.3984375,6
Wind-Speed.csv,2172,0.0860595703125,0.078125,0.013246175789923527,0.009350393700787402,0.01004799064423987,0.11940298507462686,0.1111111111111111,0.018973214285714284,0.29478109356481036,0.4375,7
Wind-Speed.csv,2173,0.08642578125,0.09375,0.012187484349949887,0.009473425196850394,0.009229822506649134,0.11267605633802817,0.15873015873015872,0.01796875,0.27693363789572273,0.4453125,6
Wind-Speed.csv,2174,0.0902099609375,0.09375,0.013701814838965189,0.01033464566929134,0.009448626658969624,0.10526315789473684,0.1746031746031746,0.01775568181818182,0.29617508354113825,0.4921875,5
Wind-Speed.csv,2175,0.085693359375,0.09375,0.011716206592482252,0.008366141732283465,0.00850075525104563,0.12121212121212122,0.1111111111111111,0.016741071428571428,0.2600252508351865,0.4375,6
Wind-Speed.csv,2176,0.0828857421875,0.078125,0.01581411357984839,0.009104330708661417,0.009493376832608485,0.11940298507462686,0.12698412698412698,0.01806640625,0.3315310075447369,0.4140625,7
Wind-Speed.csv,2177,0.093505859375,0.09375,0.010515066146170912,0.009350393700787402,0.010237521684406847,0.11940298507462686,0.15873015873015872,0.01796875,0.24336845871004084,0.4375,7
Wind-Speed.csv,2178,0.066650390625,0.0625,0.013026681222611426,0.008735236220472441,0.009536329908994142,0.12307692307692308,0.12698412698412698,0.01708984375,0.276107114189881,0.375,5
Wind-Speed.csv,2179,0.0699462890625,0.0625,0.013943294090570218,0.009227362204724409,0.009270731414264025,0.11594202898550725,0.1349206349206349,0.017922794117647058,0.3052671108085417,0.4609375,5
Wind-Speed.csv,2180,0.0849609375,0.078125,0.009716674190494335,0.008243110236220472,0.0097699713071318,0.13114754098360656,0.1349206349206349,0.01838235294117647,0.2190129507782761,0.421875,5
Wind-Speed.csv,2181,0.0885009765625,0.09375,0.008794994471701683,0.009227362204724409,0.008846298234373792,0.11267605633802817,0.12698412698412698,0.01708984375,0.20242710745472411,0.5078125,4
Wind-Speed.csv,2182,0.090087890625,0.09375,0.013316298968061175,0.008981299212598425,0.00930495590609696,0.11940298507462686,0.12698412698412698,0.01806640625,0.28563218170692073,0.421875,5
Wind-Speed.csv,2183,0.0706787109375,0.0625,0.014480132567025426,0.011811023622047244,0.01050749481928946,0.09876543209876543,0.1984126984126984,0.0184375,0.3089066565298009,0.515625,9
Wind-Speed.csv,2184,0.0750732421875,0.078125,0.015632150921031554,0.009965551181102362,0.009738935741714217,0.1111111111111111,0.15873015873015872,0.01796875,0.3364593000921232,0.453125,5
Wind-Speed.csv,2185,0.0726318359375,0.0703125,0.015451902983419906,0.011811023622047244,0.01013498785758808,0.0963855421686747,0.1746031746031746,0.019176136363636364,0.32826740293842943,0.484375,6
Wind-Speed.csv,2186,0.0811767578125,0.078125,0.012515035170087726,0.010211614173228346,0.009877827909285956,0.1095890410958904,0.14285714285714285,0.01953125,0.2867292479851425,0.4375,5
Wind-Speed.csv,2187,0.079833984375,0.078125,0.013843010256186363,0.01033464566929134,0.010230126233261512,0.1095890410958904,0.16666666666666666,0.019345238095238096,0.30607378828440857,0.5,4
Wind-Speed.csv,2188,0.081298828125,0.078125,0.01329838264784797,0.010949803149606299,0.010972588652314623,0.1095890410958904,0.15873015873015872,0.019921875,0.3012523028665952,0.4296875,6
Wind-Speed.csv,2189,0.0782470703125,0.078125,0.015316297877579413,0.009104330708661417,0.009493376832608482,0.11940298507462686,0.1349206349206349,0.01838235294117647,0.3311056209060376,0.421875,5
Wind-Speed.csv,2190,0.0889892578125,0.09375,0.009874122628940012,0.009350393700787402,0.009251117715111938,0.11428571428571428,0.1349206349206349,0.017922794117647058,0.230488651343045,0.484375,7
Wind-Speed.csv,2191,0.0728759765625,0.078125,0.014910077929072443,0.010211614173228346,0.010445366770074377,0.11267605633802817,0.12698412698412698,0.01953125,0.32874974148470154,0.453125,4
Wind-Speed.csv,2192,0.0770263671875,0.078125,0.016822245754724928,0.010088582677165354,0.01083375982418864,0.11764705882352941,0.11904761904761904,0.021354166666666667,0.345658134986028,0.3828125,7
Wind-Speed.csv,2193,0.0849609375,0.078125,0.014713397630194691,0.010949803149606299,0.010433767247595574,0.10526315789473684,0.16666666666666666,0.020089285714285716,0.32002041354098104,0.484375,6
Wind-Speed.csv,2194,0.0711669921875,0.0625,0.014193265944793202,0.009227362204724409,0.00967656599519472,0.11764705882352941,0.14285714285714285,0.016493055555555556,0.3018819426843543,0.40625,7
Wind-Speed.csv,2195,0.07373046875,0.078125,0.016680362160682347,0.009965551181102362,0.010314120036975728,0.11594202898550725,0.0873015873015873,0.022017045454545456,0.34745652158232093,0.4140625,4
Wind-Speed.csv,2196,0.079833984375,0.078125,0.017385486868535086,0.009227362204724409,0.010066051756438361,0.12307692307692308,0.1349206349206349,0.019301470588235295,0.3563431199654414,0.421875,7
Wind-Speed.csv,2197,0.0731201171875,0.078125,0.012342389188674315,0.008366141732283465,0.009958713752385865,0.13559322033898305,0.1349206349206349,0.019301470588235295,0.28194795001236916,0.4140625,6
Wind-Speed.csv,2198,0.078125,0.078125,0.012197261715621872,0.010949803149606299,0.01061641338819126,0.10666666666666667,0.1746031746031746,0.01953125,0.28004514738529845,0.484375,7
Wind-Speed.csv,2199,0.08251953125,0.078125,0.014994289582796961,0.008735236220472441,0.009735826743792472,0.12698412698412698,0.10317460317460317,0.017427884615384616,0.3224544345139612,0.359375,6
Wind-Speed.csv,2200,0.078857421875,0.078125,0.01263648856895267,0.007750984251968504,0.008741299049375793,0.13333333333333333,0.09523809523809523,0.018229166666666668,0.287459184636568,0.359375,5
Wind-Speed.csv,2201,0.076904296875,0.078125,0.011654998303007823,0.008243110236220472,0.00936818396692986,0.13114754098360656,0.1111111111111111,0.018415178571428572,0.2703400376646513,0.3828125,7
Wind-Speed.csv,2202,0.0721435546875,0.0625,0.014761425410089443,0.008735236220472441,0.00993131696388315,0.12903225806451613,0.09523809523809523,0.018880208333333332,0.31850493665874696,0.3671875,6
Wind-Speed.csv,2203,0.070556640625,0.0625,0.017792140635744188,0.009719488188976378,0.008302575206103838,0.1038961038961039,0.1349206349206349,0.01608455882352941,0.35392027982480334,0.4296875,4
Wind-Speed.csv,2204,0.08056640625,0.078125,0.018470976874392322,0.009350393700787402,0.009456633292606119,0.11594202898550725,0.0873015873015873,0.017045454545454544,0.36336071327272257,0.4296875,6
Wind-Speed.csv,2205,0.0712890625,0.0625,0.0180861906029806,0.008366141732283465,0.009564858132665763,0.13114754098360656,0.12698412698412698,0.01904296875,0.3381398164932758,0.40625,5
Wind-Speed.csv,2206,0.081298828125,0.078125,0.013582208052442504,0.007874015748031496,0.008958517919979094,0.13333333333333333,0.07142857142857142,0.017361111111111112,0.2980344406284519,0.359375,4
Wind-Speed.csv,2207,0.094970703125,0.09375,0.009689030680168178,0.00984251968503937,0.009960233586618645,0.11267605633802817,0.15079365079365079,0.018914473684210526,0.22575464121419744,0.46875,7
Wind-Speed.csv,2208,0.08349609375,0.078125,0.012572649599202864,0.010826771653543307,0.009303329023331475,0.1,0.15873015873015872,0.018359375,0.2844055360918841,0.5234375,6
Wind-Speed.csv,2209,0.0777587890625,0.078125,0.01762849161720006,0.010949803149606299,0.009865561120437733,0.10256410256410256,0.15873015873015872,0.019140625,0.3496008556549662,0.515625,7
Wind-Speed.csv,2210,0.0755615234375,0.078125,0.017113805049289176,0.010088582677165354,0.009710918927495628,0.1095890410958904,0.14285714285714285,0.017795138888888888,0.35677729475269104,0.4296875,4
Wind-Speed.csv,2211,0.0814208984375,0.078125,0.01869828722346642,0.009596456692913386,0.009813256202071496,0.11428571428571428,0.14285714285714285,0.018663194444444444,0.3747757343154888,0.4140625,8
Wind-Speed.csv,2212,0.078857421875,0.078125,0.012175251601359065,0.009350393700787402,0.00860517148132171,0.1095890410958904,0.15873015873015872,0.016796875,0.2777250477873446,0.515625,6
Wind-Speed.csv,2213,0.09130859375,0.09375,0.01023062833972508,0.010211614173228346,0.01007056197326828,0.1111111111111111,0.10317460317460317,0.020432692307692308,0.23397840381351,0.421875,6
Wind-Speed.csv,2214,0.0738525390625,0.078125,0.013491392959322219,0.010703740157480315,0.009342296017012612,0.1,0.15873015873015872,0.018359375,0.2974020397609542,0.4765625,7
Wind-Speed.csv,2215,0.075927734375,0.078125,0.015221144971451503,0.008489173228346457,0.009556942168276787,0.12903225806451613,0.12698412698412698,0.01806640625,0.3262930297288457,0.40625,5
Wind-Speed.csv,2216,0.0909423828125,0.09375,0.009654364985203175,0.007627952755905512,0.008739567241721482,0.13559322033898305,0.07142857142857142,0.018229166666666668,0.22323524135263492,0.3515625,11
Wind-Speed.csv,2217,0.093994140625,0.09375,0.011716206592482252,0.010703740157480315,0.010132000388736852,0.10526315789473684,0.15873015873015872,0.019921875,0.2707554092910645,0.484375,8
Wind-Speed.csv,2218,0.086669921875,0.0859375,0.01169583942090184,0.010457677165354331,0.009616940081625388,0.10526315789473684,0.1349206349206349,0.01884191176470588,0.26884684370029427,0.5,6
Wind-Speed.csv,2219,0.076416015625,0.078125,0.013980115529512118,0.011318897637795276,0.010315587507999302,0.10126582278481013,0.19047619047619047,0.01953125,0.31144659286764403,0.546875,5
Wind-Speed.csv,2220,0.0765380859375,0.078125,0.01498186206927988,0.010703740157480315,0.010132000388736852,0.10526315789473684,0.15873015873015872,0.019140625,0.32858810819586065,0.4765625,8
Wind-Speed.csv,2221,0.0753173828125,0.078125,0.013164930909262004,0.007874015748031496,0.009170593087393803,0.13559322033898305,0.0873015873015873,0.017045454545454544,0.2982457004005988,0.390625,7
Wind-Speed.csv,2222,0.076416015625,0.078125,0.015774960917138776,0.00984251968503937,0.010523329124184593,0.11764705882352941,0.15079365079365079,0.020148026315789474,0.3377918541638755,0.4453125,6
Wind-Speed.csv,2223,0.0831298828125,0.078125,0.01778669596374154,0.009104330708661417,0.009493376832608485,0.11940298507462686,0.1349206349206349,0.016544117647058824,0.3652338205421652,0.4296875,10
Wind-Speed.csv,2224,0.07763671875,0.078125,0.013663152909798068,0.010580708661417323,0.01107146754465221,0.11428571428571428,0.15873015873015872,0.021875,0.29718284964657843,0.46875,7
Wind-Speed.csv,2225,0.0843505859375,0.078125,0.018460889947792054,0.01107283464566929,0.009825588291388484,0.10126582278481013,0.16666666666666666,0.018601190476190476,0.3705050558720675,0.5078125,8
Wind-Speed.csv,2226,0.07958984375,0.078125,0.015183898247525598,0.009227362204724409,0.009061000314725376,0.11428571428571428,0.10317460317460317,0.018028846153846152,0.3316964290535857,0.375,6
Wind-Speed.csv,2227,0.0859375,0.078125,0.014615849167085708,0.009719488188976378,0.009790091665392608,0.11267605633802817,0.11904761904761904,0.01875,0.32355622807318096,0.4296875,7
Wind-Speed.csv,2228,0.0841064453125,0.078125,0.0157612581433918,0.008489173228346457,0.008933137234582347,0.12307692307692308,0.1111111111111111,0.017857142857142856,0.3342024381448017,0.4140625,5
Wind-Speed.csv,2229,0.0830078125,0.078125,0.01458318801080867,0.009719488188976378,0.008970337664152658,0.10810810810810811,0.1746031746031746,0.01740056818181818,0.32054701450539197,0.4765625,5
Wind-Speed.csv,2230,0.0850360576923077,0.078125,0.012414620348625952,0.008798543689320388,0.00989887020696326,0.15384615384615385,0.1568627450980392,0.017578125,0.2836515737150953,0.4326923076923077,6
Cyber-Vehicle.csv,2231,0.18310546875,0.265625,0.12223719062083366,0.04170767716535433,0.08376665162419263,0.16,0.06349206349206349,0.109375,0.30937976462507316,0.359375,4
Cyber-Vehicle.csv,2232,0.1976318359375,0.2734375,0.1152275859319949,0.047859251968503935,0.09027661857998305,0.14545454545454545,0.07936507936507936,0.1390625,0.32120096415630056,0.3984375,4
Cyber-Vehicle.csv,2233,0.2166748046875,0.28125,0.10533069476060108,0.03407972440944882,0.07369103920542855,0.16326530612244897,0.06349206349206349,0.1396484375,0.29537169222807313,0.34375,2
Cyber-Vehicle.csv,2234,0.2056884765625,0.28125,0.1093362330807162,0.04564468503937008,0.08487354307018537,0.13793103448275862,0.06349206349206349,0.1083984375,0.3335909512508451,0.3984375,3
Cyber-Vehicle.csv,2235,0.2298583984375,0.28125,0.09436145697929484,0.05216535433070866,0.08964564821874782,0.12903225806451613,0.05555555555555555,0.14174107142857142,0.2900382491581431,0.4296875,2
Cyber-Vehicle.csv,2236,0.1983642578125,0.28125,0.11560715975896603,0.049950787401574805,0.09192865305940798,0.14035087719298245,0.0873015873015873,0.15198863636363635,0.31983698513249487,0.3984375,3
Cyber-Vehicle.csv,2237,0.2137451171875,0.28125,0.10636794051829458,0.038508858267716536,0.07573345623294761,0.14285714285714285,0.0873015873015873,0.10298295454545454,0.29805288891928333,0.3984375,3
Cyber-Vehicle.csv,2238,0.05,0.015625,0.08768581460722898,0.05580357142857143,0.10691008941810762,2.0,0.07692307692307693,0.265625,0.1166404733143731,0.26666666666666666,4
City-lon.csv,2239,0.346923828125,0.34375,0.010582869532076778,0.008981299212598425,0.010097580968840147,0.125,0.10317460317460317,0.018629807692307692,0.23397305598178872,0.40625,14
City-lon.csv,2240,0.3489990234375,0.34375,0.008794994471701683,0.009350393700787402,0.009040931629367045,0.11267605633802817,0.15079365079365079,0.016858552631578948,0.1998857419736805,0.5078125,10
City-lon.csv,2241,0.3475341796875,0.34375,0.007750263271166981,0.007135826771653544,0.008491847404890446,0.14285714285714285,0.14285714285714285,0.016493055555555556,0.17205054563921454,0.3984375,10
City-lon.csv,2242,0.347412109375,0.34375,0.008397159922812421,0.008981299212598425,0.008882158291230333,0.11594202898550725,0.19047619047619047,0.0166015625,0.19094280924988252,0.484375,12
City-lon.csv,2243,0.3487548828125,0.34375,0.009353326540278576,0.009719488188976378,0.009182139841065603,0.1095890410958904,0.15079365079365079,0.016858552631578948,0.21326780987055902,0.5078125,9
City-lon.csv,2244,0.345458984375,0.34375,0.009209636774345711,0.009350393700787402,0.009854815154774004,0.11764705882352941,0.15079365079365079,0.01768092105263158,0.21121693389812704,0.40625,15
City-lon.csv,2245,0.341796875,0.34375,0.01014873520059889,0.009473425196850394,0.010944963762935144,0.125,0.1111111111111111,0.018973214285714284,0.22720021437472862,0.390625,14
City-lon.csv,2246,0.34228515625,0.34375,0.009455525747576701,0.008366141732283465,0.010881160363757263,0.13793103448275862,0.10317460317460317,0.021634615384615384,0.20693692527146135,0.3515625,12
City-lon.csv,2247,0.34130859375,0.34375,0.0090430953014903,0.007750984251968504,0.009580670439927049,0.13793103448275862,0.0873015873015873,0.018465909090909092,0.19548434612375262,0.359375,29
City-lon.csv,2248,0.3328857421875,0.328125,0.014558132286117447,0.01328740157480315,0.011613286950702946,0.09411764705882353,0.18253968253968253,0.01970108695652174,0.31878152135402066,0.5,5
City-lon.csv,2249,0.3494873046875,0.34375,0.008484545345949777,0.007750984251968504,0.00805457052329376,0.12698412698412698,0.1349206349206349,0.01608455882352941,0.19120978484532877,0.4765625,16
City-lon.csv,2250,0.3497314453125,0.34375,0.009186145864330659,0.009719488188976378,0.009389165368277032,0.1111111111111111,0.14285714285714285,0.018229166666666668,0.20792022404104352,0.515625,19
City-lon.csv,2251,0.349853515625,0.34375,0.008785671003636026,0.008366141732283465,0.008723965502576701,0.12307692307692308,0.11904761904761904,0.016145833333333335,0.19852617457901542,0.4921875,16
City-lon.csv,2252,0.34814453125,0.34375,0.008499460539809186,0.007135826771653544,0.008715285801390167,0.14545454545454545,0.1111111111111111,0.017299107142857144,0.19304511152080228,0.3984375,16
City-lon.csv,2253,0.3482666015625,0.34375,0.008321399886305793,0.00812007874015748,0.008284323754691155,0.12307692307692308,0.15079365079365079,0.015625,0.1880015332489592,0.453125,16
City-lon.csv,2254,0.3480224609375,0.34375,0.008889367683416752,0.009104330708661417,0.008420245389896006,0.1111111111111111,0.16666666666666666,0.01636904761904762,0.20329173426341454,0.4921875,14
City-lon.csv,2255,0.3463134765625,0.34375,0.009114492506755419,0.009227362204724409,0.009475821611205559,0.11764705882352941,0.15079365079365079,0.01768092105263158,0.2101467406614579,0.4609375,17
City-lon.csv,2256,0.345947265625,0.34375,0.008893557421917473,0.008735236220472441,0.008911082166452667,0.11940298507462686,0.14285714285714285,0.016927083333333332,0.2048952272509854,0.421875,18
City-lon.csv,2257,0.3460693359375,0.34375,0.008307061904711466,0.006766732283464567,0.008678736264049405,0.15384615384615385,0.1111111111111111,0.017299107142857144,0.18952994119325184,0.328125,22
City-lon.csv,2258,0.3443603515625,0.34375,0.009448431441903006,0.009227362204724409,0.009061000314725376,0.11428571428571428,0.15079365079365079,0.017269736842105265,0.21860713765137288,0.4453125,12
City-lon.csv,2259,0.344970703125,0.34375,0.010262621853995948,0.01033464566929134,0.010040455592078326,0.10810810810810811,0.15873015873015872,0.017578125,0.23750004728523658,0.4375,9
City-lon.csv,2260,0.3446044921875,0.34375,0.008125702754220029,0.007135826771653544,0.009145800954746946,0.1509433962264151,0.09523809523809523,0.01953125,0.18530806742160502,0.3046875,21
City-lon.csv,2261,0.3438720703125,0.34375,0.008842306983141823,0.008366141732283465,0.009154072459516879,0.12698412698412698,0.14285714285714285,0.016927083333333332,0.20287472803558107,0.390625,12
City-lon.csv,2262,0.34423828125,0.34375,0.010323425054622058,0.010949803149606299,0.010247866349881306,0.1038961038961039,0.14285714285714285,0.019965277777777776,0.23947294839166414,0.453125,15
City-lon.csv,2263,0.340576171875,0.34375,0.010216052711380702,0.009596456692913386,0.009813256202071498,0.11594202898550725,0.15873015873015872,0.018359375,0.2384730696367953,0.4453125,13
City-lon.csv,2264,0.34228515625,0.34375,0.009655136686174409,0.01033464566929134,0.010040455592078328,0.1095890410958904,0.16666666666666666,0.020089285714285716,0.22323947728036897,0.453125,14
City-lon.csv,2265,0.34130859375,0.34375,0.009455525747576701,0.009350393700787402,0.009251117715111942,0.11428571428571428,0.15873015873015872,0.01796875,0.22027237090825383,0.4453125,13
City-lon.csv,2266,0.341552734375,0.34375,0.01082785003004721,0.008858267716535433,0.012021883366443028,0.13793103448275862,0.10317460317460317,0.019230769230769232,0.2162298726666485,0.3828125,39
City-lon.csv,2267,0.341552734375,0.34375,0.009105496190904061,0.00861220472440945,0.009343916115180869,0.12307692307692308,0.11904761904761904,0.018229166666666668,0.21121693389812704,0.4140625,18
City-lon.csv,2268,0.341552734375,0.34375,0.009515222299758338,0.009104330708661417,0.008865100164690862,0.11428571428571428,0.15873015873015872,0.0171875,0.219745950945616,0.421875,19
City-lon.csv,2269,0.3424072265625,0.34375,0.010522857446125645,0.011195866141732283,0.010356592276444374,0.1038961038961039,0.16666666666666666,0.020461309523809524,0.24081745686448539,0.46875,11
City-lon.csv,2270,0.3402099609375,0.34375,0.009205590894093198,0.008489173228346457,0.00935363081139183,0.12698412698412698,0.12698412698412698,0.01904296875,0.21162313120571333,0.390625,9
City-lon.csv,2271,0.3406982421875,0.34375,0.01034577405781741,0.008489173228346457,0.009353630811391827,0.12698412698412698,0.12698412698412698,0.017578125,0.23367437684560757,0.375,16
City-lon.csv,2272,0.3414306640625,0.34375,0.010165606370469668,0.009473425196850394,0.010218282378369135,0.11764705882352941,0.1349206349206349,0.017922794117647058,0.22656421991407405,0.4140625,11
City-lon.csv,2273,0.341064453125,0.34375,0.00959009733466912,0.009473425196850394,0.00963737993482585,0.11594202898550725,0.14285714285714285,0.01953125,0.22109944728631326,0.4296875,12
City-lon.csv,2274,0.340087890625,0.34375,0.011634523981878765,0.009596456692913386,0.010384324727366738,0.11764705882352941,0.0873015873015873,0.019176136363636364,0.2525347773493637,0.4140625,25
City-lon.csv,2275,0.3404541015625,0.34375,0.010454664861049949,0.010826771653543307,0.010096081810496373,0.1038961038961039,0.14285714285714285,0.01953125,0.24178315301934528,0.453125,10
City-lon.csv,2276,0.34033203125,0.34375,0.009753410329803798,0.008735236220472441,0.010311184468384332,0.12903225806451613,0.1111111111111111,0.020089285714285716,0.22734606363042645,0.421875,10
City-lon.csv,2277,0.3408203125,0.34375,0.00931581251383736,0.007997047244094488,0.008956828111811664,0.13114754098360656,0.0873015873015873,0.01775568181818182,0.2167693530666406,0.390625,17
City-lon.csv,2278,0.3433837890625,0.34375,0.01095576804320185,0.00812007874015748,0.010347819219150728,0.14285714285714285,0.11904761904761904,0.019791666666666666,0.251724610502048,0.3671875,14
City-lon.csv,2279,0.3463541666666667,0.34375,0.010737254233379324,0.01875,0.00625,1.3333333333333333,0.5,0.01953125,0.24319131950454076,0.8333333333333334,7
