Dataset,chunk_index,mean_bitwidth,median_bitwidth,std_bitwidth,mean_diff_bitwidth,std_diff_bitwidth,avg_run_length,local_max_density,local_max_amplitude,entropy,monotonic_segments,optimal_pack_size
City-temp.csv,0,0.171875,0.171875,0.0,0.0,0.0,8.0,0.0,0.0,0.0,0.0078125,1024
City-temp.csv,1,0.171875,0.171875,0.0,0.0,0.0,8.0,0.0,0.0,0.0,0.0078125,1024
City-temp.csv,2,0.171875,0.171875,0.0,0.0,0.0,8.0,0.0,0.0,0.0,0.0078125,1024
City-temp.csv,3,0.13818359375,0.140625,0.0090430953014903,0.0036909448818897637,0.006636862184675784,0.25806451612903225,0.05555555555555555,0.015625,0.2084765798784557,0.203125,22
City-temp.csv,4,0.171875,0.171875,0.0,0.0,0.0,8.0,0.0,0.0,0.0,0.0078125,1024
City-temp.csv,5,0.171875,0.171875,0.0,0.0,0.0,8.0,0.0,0.0,0.0,0.0078125,1024
City-temp.csv,6,0.171875,0.171875,0.0,0.0,0.0,8.0,0.0,0.0,0.0,0.0078125,1024
City-temp.csv,7,0.171875,0.171875,0.0,0.0,0.0,8.0,0.0,0.0,0.0,0.0078125,1024
City-temp.csv,8,0.171875,0.171875,0.0,0.0,0.0,8.0,0.0,0.0,0.0,0.0078125,1024
City-temp.csv,9,0.160888671875,0.171875,0.039948896904183524,0.01107283464566929,0.04009392405708737,0.8,0.007936507936507936,0.15625,0.06118145983512229,0.078125,2
City-temp.csv,10,0.026611328125,0.015625,0.039948896904183524,0.012303149606299213,0.04208324649726146,0.7272727272727273,0.031746031746031744,0.15625,0.06118145983512229,0.0859375,7
City-temp.csv,11,0.015625,0.015625,0.0,0.0,0.0,8.0,0.0,0.0,0.0,0.0078125,1024
City-temp.csv,12,0.070556640625,0.015625,0.07460283979783947,0.025836614173228346,0.058046880472861405,0.36363636363636365,0.03968253968253968,0.15625,0.15590929409292953,0.171875,5
City-temp.csv,13,0.156005859375,0.171875,0.0471987669169463,0.015994094488188976,0.047363131286712844,0.5714285714285714,0.023809523809523808,0.15625,0.07898818724682638,0.109375,7
City-temp.csv,14,0.1669921875,0.171875,0.027186349427880965,0.0073818897637795275,0.03315008264101252,1.1428571428571428,0.015873015873015872,0.15625,0.03343705405211911,0.0546875,1024
City-temp.csv,15,0.171875,0.171875,0.0,0.0,0.0,8.0,0.0,0.0,0.0,0.0078125,1024
City-temp.csv,16,0.170654296875,0.171875,0.013756625573223444,0.0024606299212598425,0.019452987574854672,2.6666666666666665,0.0,0.0,0.010985735390540282,0.0234375,1024
City-temp.csv,17,0.170654296875,0.171875,0.013756625573223444,0.0024606299212598425,0.019452987574854672,2.6666666666666665,0.0,0.0,0.010985735390540282,0.0234375,1023
City-temp.csv,18,0.171875,0.171875,0.0,0.0,0.0,8.0,0.0,0.0,0.0,0.0078125,1024
City-temp.csv,19,0.171875,0.171875,0.0,0.0,0.0,8.0,0.0,0.0,0.0,0.0078125,1024
City-temp.csv,20,0.171875,0.171875,0.0,0.0,0.0,8.0,0.0,0.0,0.0,0.0078125,1024
City-temp.csv,21,0.171875,0.171875,0.0,0.0,0.0,8.0,0.0,0.0,0.0,0.0078125,1024
City-temp.csv,22,0.171875,0.171875,0.0,0.0,0.0,8.0,0.0,0.0,0.0,0.0078125,1024
City-temp.csv,23,0.168212890625,0.171875,0.023638814368941753,0.0073818897637795275,0.03315008264101248,1.1428571428571428,0.0,0.0,0.026721454316504755,0.0546875,1024
City-temp.csv,24,0.171875,0.171875,0.0,0.0,0.0,8.0,0.0,0.0,0.0,0.0078125,1024
City-temp.csv,25,0.170654296875,0.171875,0.013756625573223444,0.0024606299212598425,0.019452987574854662,2.6666666666666665,0.0,0.0,0.010985735390540282,0.0234375,1024
City-temp.csv,26,0.171875,0.171875,0.0,0.0,0.0,8.0,0.0,0.0,0.0,0.0078125,1024
City-temp.csv,27,0.171875,0.171875,0.0,0.0,0.0,8.0,0.0,0.0,0.0,0.0078125,1024
City-temp.csv,28,0.171875,0.171875,0.0,0.0,0.0,8.0,0.0,0.0,0.0,0.0078125,1024
City-temp.csv,29,0.171875,0.171875,0.0,0.0,0.0,8.0,0.0,0.0,0.0,0.0078125,1024
City-temp.csv,30,0.171875,0.171875,0.0,0.0,0.0,8.0,0.0,0.0,0.0,0.0078125,1024
City-temp.csv,31,0.168212890625,0.171875,0.023638814368941753,0.0024606299212598425,0.019452987574854644,2.6666666666666665,0.0,0.0,0.026721454316504755,0.0234375,23
City-temp.csv,32,0.14013671875,0.171875,0.06286324799601432,0.00984251968503937,0.037960749558419084,0.8888888888888888,0.0,0.0,0.12135570631150917,0.0703125,20
City-temp.csv,33,0.171875,0.171875,0.0,0.0,0.0,8.0,0.0,0.0,0.0,0.0078125,1024
City-temp.csv,34,0.171875,0.171875,0.0,0.0,0.0,8.0,0.0,0.0,0.0,0.0078125,1024
City-temp.csv,35,0.171875,0.171875,0.0,0.0,0.0,8.0,0.0,0.0,0.0,0.0078125,1024
City-temp.csv,36,0.171875,0.171875,0.0,0.0,0.0,8.0,0.0,0.0,0.0,0.0078125,1024
City-temp.csv,37,0.171875,0.171875,0.0,0.0,0.0,8.0,0.0,0.0,0.0,0.0078125,1024
City-temp.csv,38,0.171875,0.171875,0.0,0.0,0.0,8.0,0.0,0.0,0.0,0.0078125,1024
City-temp.csv,39,0.171875,0.171875,0.0,0.0,0.0,8.0,0.0,0.0,0.0,0.0078125,1024
City-temp.csv,40,0.171875,0.171875,0.0,0.0,0.0,8.0,0.0,0.0,0.0,0.0078125,1024
City-temp.csv,41,0.171875,0.171875,0.0,0.0,0.0,8.0,0.0,0.0,0.0,0.0078125,1024
City-temp.csv,42,0.171875,0.171875,0.0,0.0,0.0,8.0,0.0,0.0,0.0,0.0078125,1024
City-temp.csv,43,0.171875,0.171875,0.0,0.0,0.0,8.0,0.0,0.0,0.0,0.0078125,1024
City-temp.csv,44,0.13134765625,0.140625,0.01272345138749549,0.005044291338582677,0.008960207409465126,0.2222222222222222,0.05555555555555555,0.018973214285714284,0.24448422633876207,0.203125,19
City-temp.csv,45,0.171875,0.171875,0.0,0.0,0.0,8.0,0.0,0.0,0.0,0.0078125,1024
City-temp.csv,46,0.1329345703125,0.140625,0.011387923685644199,0.0031988188976377952,0.006602562925688358,0.3076923076923077,0.031746031746031744,0.015625,0.2198836703371534,0.15625,62
City-temp.csv,47,0.171875,0.171875,0.0,0.0,0.0,8.0,0.0,0.0,0.0,0.0078125,1024
City-temp.csv,48,0.171875,0.171875,0.0,0.0,0.0,8.0,0.0,0.0,0.0,0.0078125,1024
City-temp.csv,49,0.171875,0.171875,0.0,0.0,0.0,8.0,0.0,0.0,0.0,0.0078125,1024
City-temp.csv,50,0.171875,0.171875,0.0,0.0,0.0,8.0,0.0,0.0,0.0,0.0078125,1024
City-temp.csv,51,0.163330078125,0.171875,0.03552644582728332,0.00984251968503937,0.0379607495584191,0.8888888888888888,0.0,0.0,0.05099747895230578,0.0703125,8
City-temp.csv,52,0.075439453125,0.015625,0.07594892690577286,0.00861220472440945,0.03565791522192287,1.0,0.015873015873015872,0.15625,0.1600007012140152,0.0625,11
City-temp.csv,53,0.136474609375,0.171875,0.0654073648663028,0.00861220472440945,0.03565791522192287,1.0,0.007936507936507936,0.15625,0.12866177832476441,0.0625,14
City-temp.csv,54,0.160888671875,0.171875,0.039948896904183524,0.012303149606299213,0.04208324649726148,0.7272727272727273,0.007936507936507936,0.15625,0.06118145983512229,0.0859375,5
City-temp.csv,55,0.1669921875,0.171875,0.027186349427880965,0.00984251968503937,0.03796074955841922,0.8888888888888888,0.0,0.0,0.03343705405211911,0.0703125,1024
City-temp.csv,56,0.171875,0.171875,0.0,0.0,0.0,8.0,0.0,0.0,0.0,0.0078125,1024
City-temp.csv,57,0.171875,0.171875,0.0,0.0,0.0,8.0,0.0,0.0,0.0,0.0078125,1024
City-temp.csv,58,0.168212890625,0.171875,0.023638814368941753,0.0073818897637795275,0.03315008264101266,1.1428571428571428,0.007936507936507936,0.15625,0.026721454316504755,0.0546875,1024
City-temp.csv,59,0.142578125,0.171875,0.060986308578109355,0.00984251968503937,0.03796074955841912,0.8888888888888888,0.0,0.0,0.11603537668752432,0.0703125,11
City-temp.csv,60,0.171875,0.171875,0.0,0.0,0.0,8.0,0.0,0.0,0.0,0.0078125,1024
City-temp.csv,61,0.171875,0.171875,0.0,0.0,0.0,8.0,0.0,0.0,0.0,0.0078125,1024
City-temp.csv,62,0.168212890625,0.171875,0.023638814368941753,0.0024606299212598425,0.019452987574854638,2.6666666666666665,0.0,0.0,0.026721454316504755,0.0234375,28
City-temp.csv,63,0.171875,0.171875,0.0,0.0,0.0,8.0,0.0,0.0,0.0,0.0078125,1024
City-temp.csv,64,0.1055908203125,0.109375,0.007241352514630806,0.0023375984251968506,0.005573204553595537,0.4,0.023809523809523808,0.015625,0.1518709401855644,0.1328125,55
City-temp.csv,65,0.171875,0.171875,0.0,0.0,0.0,8.0,0.0,0.0,0.0,0.0078125,1024
City-temp.csv,66,0.171875,0.171875,0.0,0.0,0.0,8.0,0.0,0.0,0.0,0.0078125,1024
City-temp.csv,67,0.171875,0.171875,0.0,0.0,0.0,8.0,0.0,0.0,0.0,0.0078125,1024
City-temp.csv,68,0.15966796875,0.171875,0.04193252938798259,0.004921259842519685,0.027289705970495647,1.6,0.0,0.0,0.06592296774274624,0.0390625,75
City-temp.csv,69,0.15966796875,0.171875,0.04193252938798259,0.004921259842519685,0.027289705970495626,1.6,0.0,0.0,0.06592296774274624,0.0390625,75
City-temp.csv,70,0.141357421875,0.171875,0.061943918243971066,0.012303149606299213,0.04208324649726148,0.7272727272727273,0.007936507936507936,0.15625,0.118742240827813,0.0859375,11
City-temp.csv,71,0.14990234375,0.171875,0.054317860012907684,0.01968503937007874,0.051848689728606,0.47058823529411764,0.0,0.0,0.09764554881032007,0.1328125,8
City-temp.csv,72,0.1669921875,0.171875,0.027186349427880965,0.0073818897637795275,0.03315008264101259,1.1428571428571428,0.0,0.0,0.03343705405211911,0.0546875,12
City-temp.csv,73,0.171875,0.171875,0.0,0.0,0.0,8.0,0.0,0.0,0.0,0.0078125,1024
City-temp.csv,74,0.171875,0.171875,0.0,0.0,0.0,8.0,0.0,0.0,0.0,0.0078125,1024
City-temp.csv,75,0.16943359375,0.171875,0.019378061360336356,0.0024606299212598425,0.019452987574854644,2.6666666666666665,0.0,0.0,0.019352512550794954,0.0234375,1024
City-temp.csv,76,0.15966796875,0.171875,0.04193252938798259,0.00984251968503937,0.0379607495584191,0.8888888888888888,0.007936507936507936,0.15625,0.06592296774274624,0.0703125,41
City-temp.csv,77,0.07177734375,0.015625,0.0749714479139848,0.013533464566929134,0.043948255658198224,0.6666666666666666,0.007936507936507936,0.15625,0.15702719484725855,0.09375,11
City-temp.csv,78,0.162109375,0.171875,0.037822102990306805,0.0036909448818897637,0.02372945561267944,2.0,0.0,0.0,0.056215011102835645,0.03125,30
City-temp.csv,79,0.171875,0.171875,0.0,0.0,0.0,8.0,0.0,0.0,0.0,0.0078125,1024
City-temp.csv,80,0.162109375,0.171875,0.037822102990306805,0.004921259842519685,0.027289705970495647,1.6,0.0,0.0,0.056215011102835645,0.0390625,26
City-temp.csv,81,0.170654296875,0.171875,0.013756625573223444,0.0024606299212598425,0.019452987574854683,2.6666666666666665,0.0,0.0,0.010985735390540282,0.0234375,1024
City-temp.csv,82,0.163330078125,0.171875,0.03552644582728332,0.0024606299212598425,0.019452987574854662,2.6666666666666665,0.0,0.0,0.05099747895230578,0.0234375,55
City-temp.csv,83,0.171875,0.171875,0.0,0.0,0.0,8.0,0.0,0.0,0.0,0.0078125,1024
City-temp.csv,84,0.168212890625,0.171875,0.023638814368941753,0.0024606299212598425,0.019452987574854693,2.6666666666666665,0.0,0.0,0.026721454316504755,0.0234375,27
City-temp.csv,85,0.171875,0.171875,0.0,0.0,0.0,8.0,0.0,0.0,0.0,0.0078125,1
City-temp.csv,86,0.05224609375,0.015625,0.06618868023303691,0.00861220472440945,0.03565791522192292,1.0,0.0,0.0,0.13092671537559122,0.0625,17
City-temp.csv,87,0.015625,0.015625,0.0,0.0,0.0,8.0,0.0,0.0,0.0,0.0078125,1024
City-temp.csv,88,0.015625,0.015625,0.0,0.0,0.0,8.0,0.0,0.0,0.0,0.0078125,1024
City-temp.csv,89,0.126708984375,0.171875,0.07083234412306645,0.004921259842519685,0.027289705970495626,1.6,0.0,0.0,0.14458452241360353,0.0390625,287
City-temp.csv,90,0.163330078125,0.171875,0.03552644582728332,0.0012303149606299212,0.013810251181498345,4.0,0.0,0.0,0.05099747895230578,0.015625,58
City-temp.csv,91,0.170654296875,0.171875,0.013756625573223444,0.0024606299212598425,0.01945298757485463,2.6666666666666665,0.0,0.0,0.010985735390540282,0.0234375,1024
City-temp.csv,92,0.171875,0.171875,0.0,0.0,0.0,8.0,0.0,0.0,0.0,0.0078125,1024
City-temp.csv,93,0.171875,0.171875,0.0,0.0,0.0,8.0,0.0,0.0,0.0,0.0078125,1024
City-temp.csv,94,0.171875,0.171875,0.0,0.0,0.0,8.0,0.0,0.0,0.0,0.0078125,1024
City-temp.csv,95,0.170654296875,0.171875,0.013756625573223444,0.0024606299212598425,0.019452987574854693,2.6666666666666665,0.0,0.0,0.010985735390540282,0.0234375,1024
City-temp.csv,96,0.165771484375,0.171875,0.030272453045989366,0.004921259842519685,0.027289705970495622,1.6,0.0,0.0,0.039662858553172774,0.0390625,33
City-temp.csv,97,0.16268382352941177,0.171875,0.03676470588235289,0.01488095238095238,0.045866175617328746,0.888888888888889,0.024096385542168676,0.15625,0.053792826482899715,0.10588235294117647,13
Stocks-UK.csv,98,0.1673583984375,0.171875,0.008321399886305793,0.0017224409448818897,0.0048934994589939365,0.5333333333333333,0.007936507936507936,0.015625,0.16126562096083144,0.0859375,115
Stocks-UK.csv,99,0.177490234375,0.171875,0.019010075256905044,0.002952755905511811,0.0064236109656528656,0.3333333333333333,0.023809523809523808,0.018229166666666668,0.37085070758023214,0.125,33
Stocks-UK.csv,100,0.164794921875,0.171875,0.00973812044686481,0.001968503937007874,0.005184868972860596,0.47058823529411764,0.023809523809523808,0.015625,0.20389957302803852,0.1171875,26
Stocks-UK.csv,101,0.1561279296875,0.15625,0.010241546447851206,0.0033218503937007876,0.006968406623280653,0.3076923076923077,0.023809523809523808,0.015625,0.21697129116403338,0.171875,25
Stocks-UK.csv,102,0.1666259765625,0.171875,0.007879919967535405,0.0013533464566929134,0.0043948255658198205,0.6666666666666666,0.007936507936507936,0.015625,0.17261458949202632,0.0703125,63
Stocks-UK.csv,103,0.1715087890625,0.171875,0.01639518364568747,0.002952755905511811,0.0064236109656528656,0.3333333333333333,0.0,0.0,0.2799853012287412,0.1171875,31
Stocks-UK.csv,104,0.16845703125,0.171875,0.0064593537867787855,9.84251968503937E-4,0.003796074955841906,0.8888888888888888,0.007936507936507936,0.015625,0.12631307708973258,0.0703125,925
Stocks-UK.csv,105,0.1820068359375,0.1875,0.015327968180531821,0.0015994094488188976,0.012682393115011468,1.3333333333333333,0.0,0.0,0.19922336949810693,0.0234375,51
Stocks-UK.csv,106,0.19970703125,0.203125,0.01013698217384116,0.001968503937007874,0.0051848689728605955,0.47058823529411764,0.023809523809523808,0.015625,0.2060792012836259,0.1015625,40
Stocks-UK.csv,107,0.2041015625,0.21875,0.01819134375995816,0.0014763779527559055,0.004973273359106236,0.6666666666666666,0.007936507936507936,0.015625,0.2974102638993921,0.078125,32
Stocks-UK.csv,108,0.20458984375,0.203125,0.01603912861880551,0.0027066929133858267,0.006229817372624089,0.36363636363636365,0.031746031746031744,0.015625,0.2952569724798963,0.140625,32
Stocks-UK.csv,109,0.1793212890625,0.1875,0.015124408268978835,0.0034448818897637795,0.007046171783108451,0.2962962962962963,0.023809523809523808,0.018229166666666668,0.3064554111030366,0.171875,25
Stocks-UK.csv,110,0.1837158203125,0.1875,0.01583671190789458,0.0033218503937007876,0.006968406623280653,0.3076923076923077,0.007936507936507936,0.015625,0.32345856639206255,0.1484375,36
Stocks-UK.csv,111,0.1951904296875,0.203125,0.013947568224808264,0.0024606299212598425,0.005691453497155696,0.38095238095238093,0.015873015873015872,0.015625,0.3108282939295533,0.125,77
Stocks-UK.csv,112,0.1798095703125,0.1875,0.015866792945332595,9.84251968503937E-4,0.004272577596994443,1.0,0.007936507936507936,0.015625,0.17890804897651424,0.0546875,32
Stocks-UK.csv,113,0.2008056640625,0.203125,0.009385135258313197,0.0011072834645669291,0.004009392405708731,0.8,0.0,0.0,0.15603399873927973,0.0390625,38
Stocks-UK.csv,114,0.196044921875,0.203125,0.00973812044686481,0.0018454724409448819,0.005410588933881884,0.5333333333333333,0.023809523809523808,0.015625,0.19313075708529756,0.1015625,76
Stocks-UK.csv,115,0.194580078125,0.1875,0.0089203251496314,8.612204724409449E-4,0.003565791522192284,1.0,0.0,0.0,0.19306144996812372,0.046875,460
Stocks-UK.csv,116,0.2105712890625,0.1875,0.04410625233476548,0.0023375984251968506,0.008337142886858964,0.5,0.015873015873015872,0.015625,0.3022522458628819,0.0859375,39
Stocks-UK.csv,117,0.193115234375,0.1875,0.01246552481564428,0.0015994094488188976,0.00512614829133849,0.6153846153846154,0.0,0.0,0.2317715754844052,0.0625,37
Stocks-UK.csv,118,0.181396484375,0.171875,0.013423294720596947,0.0014763779527559055,0.004570417229578424,0.6153846153846154,0.015873015873015872,0.015625,0.26319377386011855,0.0859375,267
Stocks-UK.csv,119,0.1741943359375,0.171875,0.014364413634089229,0.0023375984251968506,0.005573204553595537,0.4,0.015873015873015872,0.015625,0.29008376407719766,0.109375,34
Stocks-UK.csv,120,0.1712646484375,0.171875,0.012718180088330889,0.0023375984251968506,0.005573204553595537,0.4,0.007936507936507936,0.015625,0.28201093271127947,0.1015625,57
Stocks-UK.csv,121,0.16455078125,0.171875,0.01013698217384116,0.0030757874015748033,0.00621278601031131,0.3076923076923077,0.015873015873015872,0.015625,0.2340204821564971,0.171875,22
Stocks-UK.csv,122,0.1805419921875,0.1875,0.009728169136180069,0.0012303149606299212,0.004208324649726152,0.7272727272727273,0.0,0.0,0.2226889218412261,0.0625,47
Stocks-UK.csv,123,0.173095703125,0.171875,0.013756625573223444,0.0017224409448818897,0.005271723741542463,0.5714285714285714,0.007936507936507936,0.015625,0.2697060082042786,0.078125,33
Stocks-UK.csv,124,0.1727294921875,0.171875,0.018039580353002644,0.0027066929133858267,0.00622981737262408,0.36363636363636365,0.023809523809523808,0.015625,0.3180471688315638,0.1328125,51
Stocks-UK.csv,125,0.181884765625,0.1875,0.013773945851500519,0.0020915354330708663,0.005670137117028995,0.47058823529411764,0.015873015873015872,0.015625,0.21212323818213563,0.0859375,35
Stocks-UK.csv,126,0.21826171875,0.25,0.046668551724826146,0.0018454724409448819,0.009115961394115513,0.7272727272727273,0.0,0.0,0.233474944087899,0.0546875,70
Stocks-UK.csv,127,0.1556396484375,0.15625,0.014537646618773662,0.003567913385826772,0.006845682944509616,0.27586206896551724,0.023809523809523808,0.015625,0.29560223903418725,0.1953125,78
Stocks-UK.csv,128,0.159912109375,0.171875,0.016163141960972103,0.0012303149606299212,0.004642707250027874,0.8,0.0,0.0,0.27383639182185954,0.0625,35
Stocks-UK.csv,129,0.1597900390625,0.15625,0.013701814838965189,0.002583661417322835,0.005804688047286144,0.36363636363636365,0.031746031746031744,0.015625,0.30804292173095443,0.1328125,23
Stocks-UK.csv,130,0.1658935546875,0.171875,0.02021471106444226,0.0024606299212598425,0.00601974892850643,0.4,0.023809523809523808,0.015625,0.3668157863705917,0.109375,100
Stocks-UK.csv,131,0.1527099609375,0.15625,0.017816830158940637,0.0027066929133858267,0.005913196279871016,0.34782608695652173,0.023809523809523808,0.015625,0.3115401498511193,0.140625,32
Stocks-UK.csv,132,0.18310546875,0.1875,0.025083592849690084,0.0023375984251968506,0.006526470083599827,0.4444444444444444,0.007936507936507936,0.015625,0.28691075337606686,0.109375,40
Stocks-UK.csv,133,0.1441650390625,0.140625,0.014113249862386821,0.0023375984251968506,0.005908074411192409,0.42105263157894735,0.0,0.0,0.3062122551201925,0.109375,47
Stocks-UK.csv,134,0.1468505859375,0.140625,0.017506346914015637,0.0024606299212598425,0.005691453497155696,0.38095238095238093,0.015873015873015872,0.015625,0.3401847852155266,0.1171875,32
Stocks-UK.csv,135,0.147216796875,0.15625,0.010805808582192739,0.0023375984251968506,0.005573204553595537,0.4,0.015873015873015872,0.015625,0.23172825619462775,0.109375,30
Stocks-UK.csv,136,0.1507568359375,0.15625,0.01593800787023024,0.002583661417322835,0.005804688047286138,0.36363636363636365,0.015873015873015872,0.015625,0.3006648703381492,0.1171875,47
Stocks-UK.csv,137,0.1578369140625,0.15625,0.015605437430301409,0.0014763779527559055,0.004570417229578424,0.6153846153846154,0.0,0.0,0.2687801330172137,0.0546875,28
Stocks-UK.csv,138,0.1484375,0.15625,0.01680141653719263,0.0018454724409448819,0.005410588933881886,0.5333333333333333,0.015873015873015872,0.015625,0.34559945254251984,0.0546875,56
Stocks-UK.csv,139,0.1875,0.1875,0.0,0.0,0.0,8.0,0.0,0.0,0.0,0.0078125,1024
Stocks-UK.csv,140,0.14111328125,0.140625,0.012946360921448097,0.002952755905511811,0.0061170289835905806,0.32,0.015873015873015872,0.015625,0.28371495446835904,0.140625,17
Stocks-UK.csv,141,0.1357421875,0.140625,0.011513502072804292,0.002829724409448819,0.0060172338881089955,0.3333333333333333,0.007936507936507936,0.015625,0.25382716192432014,0.140625,21
Stocks-UK.csv,142,0.138916015625,0.140625,0.0187575642904171,0.0031988188976377952,0.006304688964231779,0.2962962962962963,0.031746031746031744,0.015625,0.34139134540742827,0.140625,23
Stocks-UK.csv,143,0.234130859375,0.28125,0.0680793476253232,0.0022145669291338582,0.014372058905204007,0.8888888888888888,0.0,0.0,0.25927592518724635,0.0390625,113
Stocks-UK.csv,144,0.22900390625,0.234375,0.015799501647815857,0.0020915354330708663,0.0059995990847621136,0.5,0.015873015873015872,0.015625,0.23207353995609037,0.0859375,71
Stocks-UK.csv,145,0.1981201171875,0.203125,0.008936180550874607,0.0024606299212598425,0.005691453497155697,0.38095238095238093,0.023809523809523808,0.015625,0.2028582833118828,0.1484375,62
Stocks-UK.csv,146,0.2154541015625,0.21875,0.019101956291274137,0.0012303149606299212,0.004208324649726151,0.7272727272727273,0.007936507936507936,0.015625,0.3374906141286717,0.046875,25
Stocks-UK.csv,147,0.20654296875,0.203125,0.006748181133342409,8.612204724409449E-4,0.0035657915221922803,1.0,0.007936507936507936,0.015625,0.13916274273178386,0.0546875,52
Stocks-UK.csv,148,0.2139892578125,0.203125,0.022823884292024445,0.002952755905511811,0.009751361821079906,0.4,0.023809523809523808,0.015625,0.2280897506244195,0.1484375,96
Stocks-UK.csv,149,0.2139892578125,0.21875,0.014426521354591002,0.0027066929133858267,0.006229817372624092,0.36363636363636365,0.007936507936507936,0.015625,0.2964624129553479,0.140625,19
Stocks-UK.csv,150,0.2086181640625,0.203125,0.010802360543372962,0.0022145669291338582,0.005791634988159363,0.4444444444444444,0.031746031746031744,0.015625,0.22749168423726596,0.109375,28
Stocks-UK.csv,151,0.2125244140625,0.21875,0.011934831370907163,0.0018454724409448819,0.0054105889338818955,0.5333333333333333,0.015873015873015872,0.015625,0.22999798849426037,0.0859375,39
Stocks-UK.csv,152,0.228515625,0.234375,0.014874556847390447,0.0012303149606299212,0.004642707250027857,0.8,0.007936507936507936,0.015625,0.15737794709018724,0.0625,86
Stocks-UK.csv,153,0.203857421875,0.203125,0.014984348396540188,0.002583661417322835,0.005804688047286141,0.36363636363636365,0.007936507936507936,0.015625,0.30023513118953027,0.1171875,45
Stocks-UK.csv,154,0.2017822265625,0.203125,0.012044202099853145,0.0031988188976377952,0.006602562925688364,0.3076923076923077,0.015873015873015872,0.015625,0.2519228271296928,0.1640625,19
Stocks-UK.csv,155,0.2088623046875,0.21875,0.014335337945941596,0.001968503937007874,0.0051848689728605955,0.47058823529411764,0.015873015873015872,0.015625,0.2563266975998409,0.09375,49
Stocks-UK.csv,156,0.2117919921875,0.21875,0.014590849528951406,0.0014763779527559055,0.0049732733591062355,0.6666666666666666,0.0,0.0,0.20015538445234615,0.0546875,50
Stocks-UK.csv,157,0.2113037109375,0.21875,0.0173558916087198,0.0033218503937007876,0.0072390210055884065,0.32,0.031746031746031744,0.015625,0.3165154898376806,0.1484375,20
Stocks-UK.csv,158,0.2049560546875,0.203125,0.01508099543470844,0.0018454724409448819,0.005042790731279318,0.5,0.007936507936507936,0.015625,0.2891318042369011,0.0859375,43
Stocks-UK.csv,159,0.2576904296875,0.296875,0.06545143335432527,0.002583661417322835,0.01220804779173811,0.6153846153846154,0.015873015873015872,0.015625,0.20455814720178037,0.0703125,757
Stocks-UK.csv,160,0.163818359375,0.15625,0.012194818109123219,0.001968503937007874,0.005184868972860596,0.47058823529411764,0.015873015873015872,0.015625,0.2756225916432764,0.1015625,35
Stocks-UK.csv,161,0.165771484375,0.171875,0.019060176019806477,0.0033218503937007876,0.007996100791964526,0.3333333333333333,0.047619047619047616,0.020833333333333332,0.3756028012253805,0.1171875,23
Stocks-UK.csv,162,0.155029296875,0.15625,0.012598697116641277,0.002583661417322835,0.006126919093498387,0.38095238095238093,0.007936507936507936,0.015625,0.2811351995742772,0.1328125,93
Stocks-UK.csv,163,0.18017578125,0.1875,0.008038123844313638,0.0012303149606299212,0.004208324649726153,0.7272727272727273,0.0,0.0,0.17545431610013953,0.0703125,50
Stocks-UK.csv,164,0.1859130859375,0.1875,0.005807006783333153,0.0012303149606299212,0.005039788176246079,0.8888888888888888,0.015873015873015872,0.0234375,0.09762095025445387,0.0625,47
Stocks-UK.csv,165,0.1988525390625,0.203125,0.006964429602341754,0.0011072834645669291,0.004009392405708741,0.8,0.0,0.0,0.14105901689307196,0.078125,50
Stocks-UK.csv,166,0.175048828125,0.171875,0.007401126167589901,0.0013533464566929134,0.004394825565819821,0.6666666666666666,0.007936507936507936,0.015625,0.16232022145058145,0.078125,45
Stocks-UK.csv,167,0.1585693359375,0.15625,0.015265623469435616,0.004552165354330708,0.008344402046167898,0.23529411764705882,0.015873015873015872,0.0234375,0.2832273371403633,0.203125,17
Stocks-UK.csv,168,0.1812744140625,0.171875,0.028860013945424815,0.0023375984251968506,0.008337142886858953,0.5,0.0,0.0,0.3761148812290873,0.0859375,77
Stocks-UK.csv,169,0.1517333984375,0.15625,0.011579963280746406,0.0024606299212598425,0.005691453497155697,0.38095238095238093,0.0,0.0,0.24833424086952385,0.109375,62
Stocks-UK.csv,170,0.164306640625,0.171875,0.02066849024736022,0.0018454724409448819,0.006682320676181225,0.6666666666666666,0.0,0.0,0.31646103749129906,0.0625,48
Stocks-UK.csv,171,0.1512451171875,0.15625,0.016216065848035695,0.0027066929133858267,0.005913196279871017,0.34782608695652173,0.023809523809523808,0.015625,0.3329682640416353,0.140625,88
Stocks-UK.csv,172,0.1422119140625,0.140625,0.0167832252575988,0.0033218503937007876,0.006968406623280653,0.3076923076923077,0.0,0.0,0.3519674275661295,0.1640625,37
Stocks-UK.csv,173,0.14892578125,0.15625,0.016565620560241575,0.0031988188976377952,0.006602562925688358,0.3076923076923077,0.023809523809523808,0.015625,0.32043245302848744,0.15625,17
Stocks-UK.csv,174,0.16650390625,0.171875,0.010951006587893459,0.0014763779527559055,0.005694112433762863,0.8,0.007936507936507936,0.03125,0.1857890469290092,0.046875,36
Stocks-UK.csv,175,0.154296875,0.15625,0.008950343154210625,0.0022145669291338582,0.005449614810617648,0.42105263157894735,0.015873015873015872,0.015625,0.1921427981197054,0.1171875,33
Stocks-UK.csv,176,0.15087890625,0.15625,0.015556183908275381,0.0020915354330708663,0.005670137117028995,0.47058823529411764,0.0,0.0,0.30481262049915525,0.0859375,39
Stocks-UK.csv,177,0.2037353515625,0.234375,0.03980746393375671,0.0011072834645669291,0.008587563172546839,1.6,0.0,0.0,0.21132185141298696,0.0234375,80
Stocks-UK.csv,178,0.1466064453125,0.15625,0.0157612581433918,0.0044291338582677165,0.008963585433113682,0.25806451612903225,0.015873015873015872,0.03125,0.29694719823207044,0.1953125,31
Stocks-UK.csv,179,0.1533203125,0.15625,0.018503218087398843,0.0023375984251968506,0.00590807441119241,0.42105263157894735,0.015873015873015872,0.015625,0.3501664575393761,0.0859375,24
Stocks-UK.csv,180,0.1368408203125,0.140625,0.019506438708408562,0.004675196850393701,0.008159131216333302,0.22857142857142856,0.031746031746031744,0.021484375,0.3502845587873651,0.15625,17
Stocks-UK.csv,181,0.1488037109375,0.140625,0.016453248779758678,0.0024606299212598425,0.005691453497155697,0.38095238095238093,0.0,0.0,0.30717745598088775,0.1328125,97
Stocks-UK.csv,182,0.140869140625,0.140625,0.015000251132134408,0.0034448818897637795,0.00676785065919049,0.2857142857142857,0.007936507936507936,0.015625,0.3018842739533967,0.1796875,18
Stocks-UK.csv,183,0.1351318359375,0.140625,0.01664056124249633,0.004798228346456693,0.007207587852301583,0.2,0.03968253968253968,0.015625,0.3391511254101361,0.2578125,18
Stocks-UK.csv,184,0.1922607421875,0.21875,0.045241668851024056,0.001968503937007874,0.009195318376503349,0.6666666666666666,0.007936507936507936,0.015625,0.1946826107673262,0.0703125,759
Stocks-UK.csv,185,0.14013671875,0.140625,0.019816038952834986,0.0013533464566929134,0.004394825565819829,0.6666666666666666,0.0,0.0,0.3065742669972824,0.0625,30
Stocks-UK.csv,186,0.122314453125,0.125,0.015392480728660268,0.0027066929133858267,0.006229817372624084,0.36363636363636365,0.023809523809523808,0.015625,0.319390779070513,0.109375,22
Stocks-UK.csv,187,0.1273193359375,0.125,0.008533579246385042,0.0023375984251968506,0.005573204553595537,0.4,0.031746031746031744,0.015625,0.1955774090988214,0.140625,332
Stocks-UK.csv,188,0.1258544921875,0.125,0.011101689251384852,0.0015994094488188976,0.004736313128671294,0.5714285714285714,0.007936507936507936,0.015625,0.24915589832233487,0.078125,60
Stocks-UK.csv,189,0.126708984375,0.125,0.014515592281440184,0.0027066929133858267,0.005913196279871021,0.34782608695652173,0.007936507936507936,0.015625,0.2849600414198065,0.1171875,24
Stocks-UK.csv,190,0.137451171875,0.140625,0.013441044539551566,0.0017224409448818897,0.0052717237415424644,0.5714285714285714,0.0,0.0,0.2768754979280157,0.078125,35
Stocks-UK.csv,191,0.125244140625,0.125,0.01903514212160234,0.003937007874015748,0.006783488559099513,0.24242424242424243,0.023809523809523808,0.015625,0.32403916074447053,0.203125,53
Stocks-UK.csv,192,0.1273193359375,0.125,0.00958621202991351,0.0022145669291338582,0.005449614810617647,0.42105263157894735,0.031746031746031744,0.015625,0.21508781290430035,0.109375,37
Stocks-UK.csv,193,0.1268310546875,0.140625,0.018695099245569592,0.0023375984251968506,0.005908074411192409,0.42105263157894735,0.007936507936507936,0.015625,0.28722404365082393,0.109375,39
Stocks-UK.csv,194,0.1220703125,0.125,0.014319217088491386,0.0027066929133858267,0.0065311070078676115,0.38095238095238093,0.007936507936507936,0.015625,0.3037060452980824,0.1171875,21
Stocks-UK.csv,195,0.13345588235294117,0.125,0.031756279519605815,0.004092261904761905,0.017571972736040987,0.5714285714285714,0.024096385542168676,0.015625,0.3274985852130034,0.08235294117647059,41
Bird-migration.csv,196,0.3201904296875,0.328125,0.011047869085882858,8.612204724409449E-4,0.0049243346693379755,1.6,0.0,0.0,0.19966475853231344,0.0234375,450
Bird-migration.csv,197,0.33349609375,0.328125,0.014410502503294636,0.0013533464566929134,0.00899056393033716,1.6,0.0,0.0,0.1947741722180845,0.0390625,43
Bird-migration.csv,198,0.314697265625,0.3125,0.011002592128167723,8.612204724409449E-4,0.0040693492639127075,1.1428571428571428,0.0,0.0,0.21687737614550218,0.0234375,75
Bird-migration.csv,199,0.315185546875,0.3125,0.013963050993973443,0.0015994094488188976,0.007293184220117591,0.8888888888888888,0.007936507936507936,0.0234375,0.300593020827778,0.0390625,40
Bird-migration.csv,200,0.3177490234375,0.296875,0.025486398678530735,0.0013533464566929134,0.006207911324578183,1.0,0.007936507936507936,0.03125,0.25186048696067703,0.0546875,71
Bird-migration.csv,201,0.297119140625,0.3125,0.02612989104267562,0.0024606299212598425,0.009285414500055742,0.6666666666666666,0.007936507936507936,0.0234375,0.18664220144481566,0.0625,200
Bird-migration.csv,202,0.3028564453125,0.296875,0.021137206912814527,0.0014763779527559055,0.004973273359106236,0.6666666666666666,0.015873015873015872,0.01953125,0.282286155779591,0.0546875,45
Bird-migration.csv,203,0.302978515625,0.3125,0.02831926015016778,7.381889763779527E-4,0.00828615070889898,4.0,0.0,0.0,0.07898818724682638,0.015625,919
Bird-migration.csv,204,0.310302734375,0.3125,0.011002592128167723,0.0018454724409448819,0.006079797785731216,0.6153846153846154,0.0,0.0,0.21776876238064743,0.046875,55
Bird-migration.csv,205,0.32421875,0.328125,0.02260905645076216,0.0017224409448818897,0.00881887841410307,1.0,0.0,0.0,0.322867176120557,0.0390625,65
Bird-migration.csv,206,0.3197021484375,0.328125,0.011702844634218374,0.001968503937007874,0.005879824382553403,0.5333333333333333,0.0,0.0,0.2325905753445473,0.0859375,79
Bird-migration.csv,207,0.3330078125,0.34375,0.015097289876699518,0.0011072834645669291,0.0059412876317173355,1.3333333333333333,0.0,0.0,0.2567961371793592,0.0234375,194
Bird-migration.csv,208,0.3011474609375,0.3125,0.024057144460801018,0.002952755905511811,0.008710073828950721,0.4444444444444444,0.015873015873015872,0.015625,0.32187154443712124,0.109375,43
Bird-migration.csv,209,0.2125244140625,0.21875,0.021602996723374162,0.011934055118110236,0.017805169798351943,0.14285714285714285,0.07936507936507936,0.02890625,0.2740029616196341,0.375,6
Bird-migration.csv,210,0.21875,0.21875,0.009959022487485907,0.007627952755905512,0.00873956724172148,0.13559322033898305,0.15079365079365079,0.017269736842105265,0.23012323389967537,0.390625,14
Bird-migration.csv,211,0.221923828125,0.21875,0.006582748419293342,0.003937007874015748,0.006783488559099511,0.24242424242424243,0.07936507936507936,0.015625,0.13441721154181496,0.25,23
Bird-migration.csv,212,0.2218017578125,0.21875,0.0064950124972768695,0.003937007874015748,0.0067834885590995105,0.24242424242424243,0.10317460317460317,0.015625,0.12384419833856136,0.2421875,25
Bird-migration.csv,213,0.2205810546875,0.21875,0.0060581812469128705,0.0036909448818897637,0.007192872038505645,0.27586206896551724,0.0873015873015873,0.015625,0.10490047293103083,0.21875,16
Bird-migration.csv,214,0.3275146484375,0.328125,0.01603494734633829,0.0015994094488188976,0.0082806686370393,1.0,0.007936507936507936,0.015625,0.16154300238671235,0.0546875,58
Bird-migration.csv,215,0.3231201171875,0.328125,0.007796270679607307,4.921259842519685E-4,0.0027289705970495698,1.6,0.0,0.0,0.1626431642131764,0.03125,79
Bird-migration.csv,216,0.3184814453125,0.3125,0.012059039434828932,0.0030757874015748033,0.00734694814312677,0.34782608695652173,0.015873015873015872,0.015625,0.275441251354083,0.140625,28
Bird-migration.csv,217,0.32080078125,0.328125,0.014210578330913328,9.84251968503937E-4,0.006121976035740519,1.6,0.0,0.0,0.14493715111159505,0.0234375,799
Bird-migration.csv,218,0.326171875,0.328125,0.008950343154210625,9.84251968503937E-4,0.00427257759699444,1.0,0.0,0.0,0.13987140759009994,0.03125,44
Bird-migration.csv,219,0.2955322265625,0.296875,0.006485829017961539,0.0011072834645669291,0.005608401240177879,1.1428571428571428,0.0,0.0,0.05886446330122039,0.046875,1024
Bird-migration.csv,220,0.29052734375,0.3125,0.028467257513961737,0.0031988188976377952,0.007679373294452381,0.34782608695652173,0.031746031746031744,0.015625,0.3045586644768617,0.15625,34
Bird-migration.csv,221,0.2947998046875,0.296875,0.026375945720621383,0.0015994094488188976,0.010157365866412547,1.0,0.007936507936507936,0.015625,0.22785959982766765,0.0546875,38
Bird-migration.csv,222,0.29736328125,0.3125,0.030316721828662865,9.84251968503937E-4,0.005457941194099139,1.3333333333333333,0.007936507936507936,0.03125,0.2289412675617123,0.03125,126
Bird-migration.csv,223,0.27001953125,0.265625,0.009147946286716403,0.003813976377952756,0.008016896927974875,0.2857142857142857,0.023809523809523808,0.018229166666666668,0.18678192234693455,0.1875,32
Bird-migration.csv,224,0.2811279296875,0.28125,0.0013756625573223442,2.4606299212598425E-4,0.0019452987574854717,2.6666666666666665,0.0,0.0,0.010985735390540282,0.0234375,1024
Bird-migration.csv,225,0.265625,0.265625,0.0,0.0,0.0,8.0,0.0,0.0,0.0,0.0078125,1024
Bird-migration.csv,226,0.2198486328125,0.21875,0.003994889690418352,0.0014763779527559055,0.004570417229578424,0.6153846153846154,0.031746031746031744,0.015625,0.06118145983512229,0.1015625,27
Bird-migration.csv,227,0.331787109375,0.328125,0.014283791480771557,0.0018454724409448819,0.009528390244051794,1.0,0.0,0.0,0.20627897253755498,0.0546875,38
Bird-migration.csv,228,0.2840576171875,0.28125,0.013592626591005769,0.0024606299212598425,0.006331043469620377,0.42105263157894735,0.023809523809523808,0.015625,0.2504260151848599,0.140625,52
Bird-migration.csv,229,0.3336181640625,0.328125,0.008862506454314772,0.0015994094488188976,0.007552169908082094,0.8888888888888888,0.007936507936507936,0.015625,0.16917073028566842,0.0703125,64
Bird-migration.csv,230,0.3109130859375,0.3125,0.013649513486079907,0.0018454724409448819,0.006682320676181229,0.6666666666666666,0.0,0.0,0.2892827768040207,0.0859375,34
Bird-migration.csv,231,0.325439453125,0.328125,0.02227841729218388,0.0011072834645669291,0.007383940003997861,1.3333333333333333,0.0,0.0,0.27080028492711583,0.0390625,80
Bird-migration.csv,232,0.3260498046875,0.328125,0.017833549376394215,0.0018454724409448819,0.007748054376886696,0.7272727272727273,0.015873015873015872,0.015625,0.09721035521408168,0.0546875,23
Bird-migration.csv,233,0.3260498046875,0.34375,0.025716886228051416,0.002583661417322835,0.010331715932685556,0.7272727272727273,0.0,0.0,0.3069875569124499,0.0390625,45
Bird-migration.csv,234,0.333740234375,0.34375,0.020272494314373807,0.0012303149606299212,0.005407790594447828,0.8888888888888888,0.0,0.0,0.21731427085977398,0.0234375,46
Bird-migration.csv,235,0.2191162109375,0.21875,0.0023638814368941753,7.381889763779527E-4,0.0033150082641012508,1.1428571428571428,0.023809523809523808,0.015625,0.026721454316504755,0.0546875,41
Bird-migration.csv,236,0.2744140625,0.28125,0.03780949352071473,0.002952755905511811,0.008486498209143968,0.4444444444444444,0.03968253968253968,0.0203125,0.2431620888892548,0.1015625,28
Bird-migration.csv,237,0.3131103515625,0.328125,0.025793257720220536,0.0033218503937007876,0.013813538945187675,0.6666666666666666,0.0,0.0,0.2715423449622803,0.078125,47
Bird-migration.csv,238,0.31494140625,0.3359375,0.03127669148189608,0.0022145669291338582,0.008926356863787897,0.6666666666666666,0.015873015873015872,0.015625,0.3193835502244356,0.0859375,120
Bird-migration.csv,239,0.3074951171875,0.296875,0.01690706879330594,0.0020915354330708663,0.008170254781438966,0.7272727272727273,0.0,0.0,0.2897344446993963,0.0703125,25
Bird-migration.csv,240,0.328125,0.328125,0.0033829117335329633,7.381889763779527E-4,0.0033150082641012508,1.1428571428571428,0.007936507936507936,0.015625,0.053307642985678305,0.046875,49
Bird-migration.csv,241,0.33251953125,0.34375,0.03185076222128991,0.001968503937007874,0.00898382690134287,0.8,0.007936507936507936,0.015625,0.2800600077016714,0.0546875,37
Bird-migration.csv,242,0.2471923828125,0.234375,0.022561222600307858,0.004552165354330708,0.009627951548481221,0.25806451612903225,0.047619047619047616,0.018229166666666668,0.37551401769806886,0.203125,16
Bird-migration.csv,243,0.24658203125,0.25,0.014607690724269132,0.0031988188976377952,0.0074248259200859305,0.34782608695652173,0.007936507936507936,0.015625,0.3093703020403789,0.15625,46
Bird-migration.csv,244,0.2559814453125,0.25,0.008314233986258702,0.0017224409448818897,0.00527172374154246,0.5714285714285714,0.023809523809523808,0.015625,0.18478837358774255,0.09375,44
Bird-migration.csv,245,0.260498046875,0.265625,0.00875849175520122,0.0013533464566929134,0.004394825565819831,0.6666666666666666,0.015873015873015872,0.015625,0.19910478633400427,0.078125,46
Bird-migration.csv,246,0.322509765625,0.34375,0.030926941890699337,0.0022145669291338582,0.01050893528743238,0.8,0.0,0.0,0.22987250625738564,0.0546875,40
Bird-migration.csv,247,0.3251953125,0.34375,0.024059931630380702,0.0012303149606299212,0.00464270725002787,0.8,0.0,0.0,0.3074345555054163,0.03125,46
Bird-migration.csv,248,0.313720703125,0.3125,0.014564783924096342,7.381889763779527E-4,0.0033150082641012508,1.1428571428571428,0.007936507936507936,0.015625,0.23558766922931987,0.0390625,95
Bird-migration.csv,249,0.30810546875,0.3125,0.011544521892125868,0.0022145669291338582,0.005449614810617647,0.42105263157894735,0.03968253968253968,0.015625,0.24746276905984996,0.1328125,46
Bird-migration.csv,250,0.305908203125,0.3125,0.016411989207283505,6.151574803149606E-4,0.0036163726517468193,1.6,0.007936507936507936,0.015625,0.1190279944536247,0.0234375,80
Bird-migration.csv,251,0.296630859375,0.3125,0.026564250215201812,7.381889763779527E-4,0.004745891122535904,1.6,0.0,0.0,0.168949134271305,0.03125,46
Bird-migration.csv,252,0.2913818359375,0.3125,0.032364751290895485,0.0027066929133858267,0.010016305333192737,0.5,0.0,0.0,0.29902482311717565,0.109375,37
Bird-migration.csv,253,0.2974853515625,0.296875,0.01740390483734444,0.002583661417322835,0.01033171593268554,0.6666666666666666,0.007936507936507936,0.046875,0.28324420698976793,0.0546875,40
Bird-migration.csv,254,0.3358154296875,0.34375,0.02359938345847315,0.0012303149606299212,0.009726493787427324,2.6666666666666665,0.0,0.0,0.07898818724682638,0.0234375,55
Bird-migration.csv,255,0.2818603515625,0.28125,0.017729636075910195,0.0022145669291338582,0.007524057505620405,0.5714285714285714,0.007936507936507936,0.015625,0.31054828692422665,0.0625,40
Bird-migration.csv,256,0.3070068359375,0.3046875,0.012595739884218632,0.0012303149606299212,0.004642707250027862,0.8,0.015873015873015872,0.015625,0.2732877696417138,0.0546875,29
Bird-migration.csv,257,0.2940673828125,0.296875,0.014801748985614574,0.0018454724409448819,0.0054105889338818885,0.5333333333333333,0.0,0.0,0.28048641271085406,0.1015625,50
Bird-migration.csv,258,0.337890625,0.34375,0.022439697838039174,0.0017224409448818897,0.010041963054828679,1.1428571428571428,0.007936507936507936,0.015625,0.12024114486051296,0.046875,46
Bird-migration.csv,259,0.3271484375,0.328125,0.007501118894402937,0.0012303149606299212,0.008227486957332887,1.6,0.0,0.0,0.032912714084946774,0.0234375,1024
Bird-migration.csv,260,0.3309326171875,0.328125,0.010596237520726028,0.0013533464566929134,0.006510214840217971,1.0,0.0,0.0,0.19088057416328943,0.0390625,758
Bird-migration.csv,261,0.311279296875,0.3125,0.010627831474452596,0.0014763779527559055,0.00534585654094499,0.7272727272727273,0.0,0.0,0.20519602114496818,0.0625,60
Bird-migration.csv,262,0.326904296875,0.34375,0.02710620696715496,0.0023375984251968506,0.011446558414973416,0.8888888888888888,0.007936507936507936,0.015625,0.24975395507225792,0.0390625,27
Bird-migration.csv,263,0.3197021484375,0.328125,0.023018913764381428,0.001968503937007874,0.01159894069822117,0.8,0.0,0.0,0.2479350837415686,0.0625,34
Bird-migration.csv,264,0.3341064453125,0.34375,0.026285397867925345,0.0013533464566929134,0.008090197944278343,1.3333333333333333,0.0,0.0,0.13173161038148654,0.0234375,90
Bird-migration.csv,265,0.3275146484375,0.328125,0.004539637202584729,3.6909448818897637E-4,0.0030782470480307097,2.6666666666666665,0.0,0.0,0.030308547418280107,0.015625,1024
Bird-migration.csv,266,0.2969970703125,0.3125,0.021966891062241117,3.6909448818897637E-4,0.0030782470480307097,2.6666666666666665,0.0,0.0,0.16240161285362945,0.015625,688
Bird-migration.csv,267,0.3016357421875,0.3125,0.019682867928196977,7.381889763779527E-4,0.005134999201454038,2.0,0.0,0.0,0.13916274273178386,0.0234375,160
Bird-migration.csv,268,0.3333740234375,0.34375,0.01793021340523484,7.381889763779527E-4,0.0070311181408609985,2.6666666666666665,0.0,0.0,0.20510893303649494,0.0234375,194
Bird-migration.csv,269,0.3194580078125,0.3203125,0.023011144322336002,0.0011072834645669291,0.0044631784318939546,0.8888888888888888,0.0,0.0,0.3490909453978765,0.046875,150
Bird-migration.csv,270,0.3282470703125,0.34375,0.027238643817247374,0.0017224409448818897,0.006856729721010201,0.6666666666666666,0.007936507936507936,0.015625,0.2684403866485954,0.046875,45
Bird-migration.csv,271,0.3447265625,0.34375,0.004256737249551439,4.921259842519685E-4,0.0027289705970495646,1.6,0.0,0.0,0.07202968120094001,0.03125,80
Bird-migration.csv,272,0.3121337890625,0.328125,0.029131358209853825,0.0036909448818897637,0.012316675635637113,0.4444444444444444,0.015873015873015872,0.015625,0.3836632664723642,0.09375,35
Bird-migration.csv,273,0.3299560546875,0.34375,0.024207807960871772,0.001968503937007874,0.007841267406067021,0.7272727272727273,0.0,0.0,0.23408137295271103,0.0625,41
Bird-migration.csv,274,0.3223876953125,0.328125,0.023589278548990282,0.0013533464566929134,0.007848985190815243,1.1428571428571428,0.0,0.0,0.3042369334014317,0.0390625,56
Bird-migration.csv,275,0.3240966796875,0.34375,0.02686850491483174,0.0012303149606299212,0.007990419724965302,1.6,0.0,0.0,0.2343773807613616,0.0390625,47
Bird-migration.csv,276,0.32421875,0.3359375,0.022777155839239456,0.0014763779527559055,0.005694112433762862,0.8,0.007936507936507936,0.015625,0.3129426087651253,0.0390625,77
Bird-migration.csv,277,0.3203125,0.3125,0.01295556558732578,9.84251968503937E-4,0.003796074955841906,0.8888888888888888,0.007936507936507936,0.015625,0.2522968045747828,0.0390625,68
Bird-migration.csv,278,0.299560546875,0.328125,0.030453056793371378,4.921259842519685E-4,0.0027289705970495654,1.6,0.0,0.0,0.22081436051322767,0.015625,583
Bird-migration.csv,279,0.334228515625,0.34375,0.015653584083896915,0.0014763779527559055,0.004973273359106236,0.6666666666666666,0.007936507936507936,0.015625,0.24150551594880942,0.046875,77
Bird-migration.csv,280,0.317138671875,0.3125,0.013582208052442504,0.0023375984251968506,0.009002341599373362,0.6153846153846154,0.015873015873015872,0.015625,0.24962524017242907,0.0859375,91
Bird-migration.csv,281,0.3204345703125,0.3125,0.017359325529040036,0.0011072834645669291,0.005608401240177894,1.1428571428571428,0.0,0.0,0.2829187917660437,0.0390625,80
Bird-migration.csv,282,0.3199462890625,0.328125,0.013526690589322111,2.4606299212598425E-4,0.0019452987574854704,2.6666666666666665,0.0,0.0,0.16029081128227815,0.015625,766
Bird-migration.csv,283,0.33338647959183676,0.34375,0.02372211095298877,0.0020940721649484535,0.01043436516797786,1.1428571428571428,0.0,0.0,0.28836615708642915,0.061224489795918366,64
TY-Fuel.csv,284,0.08740234375,0.09375,0.026668382430510496,0.014763779527559055,0.019832890866553498,0.11594202898550725,0.1111111111111111,0.01953125,0.3468156700514649,0.359375,7
TY-Fuel.csv,285,0.08251953125,0.09375,0.03185076222128991,0.009965551181102362,0.014094491625609933,0.13793103448275862,0.06349206349206349,0.0166015625,0.3391805787093059,0.296875,7
TY-Fuel.csv,286,0.081298828125,0.09375,0.031210874860602818,0.012057086614173228,0.01755862477845598,0.12307692307692308,0.10317460317460317,0.02403846153846154,0.36519835239610415,0.3828125,6
TY-Fuel.csv,287,0.0850830078125,0.09375,0.030621648721864268,0.013779527559055118,0.01927318917659041,0.12121212121212122,0.10317460317460317,0.0234375,0.3619451272441762,0.3671875,5
TY-Fuel.csv,288,0.0789794921875,0.09375,0.03211145361787697,0.012918307086614173,0.017104475587581457,0.11940298507462686,0.09523809523809523,0.022786458333333332,0.35781099755887597,0.3515625,7
TY-Fuel.csv,289,0.08642578125,0.09375,0.026560884314373333,0.012672244094488189,0.017726785092842402,0.13114754098360656,0.07142857142857142,0.025173611111111112,0.3345646592507217,0.3359375,6
TY-Fuel.csv,290,0.08447265625,0.09375,0.025795857308344317,0.010580708661417323,0.015548767005885408,0.14285714285714285,0.10317460317460317,0.02283653846153846,0.32951529376656136,0.3203125,7
TY-Fuel.csv,291,0.0887451171875,0.09375,0.023268727768798503,0.012057086614173228,0.01677474781768205,0.13114754098360656,0.0873015873015873,0.02130681818181818,0.31759823183912306,0.328125,7
TY-Fuel.csv,292,0.07763671875,0.09375,0.03214878754176079,0.015871062992125984,0.02200854308562787,0.11594202898550725,0.11904761904761904,0.024479166666666666,0.37463881509485275,0.34375,4
TY-Fuel.csv,293,0.078125,0.09375,0.034221514585811,0.012426181102362205,0.016209370424229288,0.11764705882352941,0.10317460317460317,0.019831730769230768,0.3904230147659102,0.4140625,5
TY-Fuel.csv,294,0.0718994140625,0.09375,0.03440715846110537,0.01513287401574803,0.019105171183546935,0.1111111111111111,0.0873015873015873,0.022727272727272728,0.4146048684720282,0.34375,5
TY-Fuel.csv,295,0.075927734375,0.09375,0.032899251427294184,0.013164370078740157,0.020228114089138396,0.14545454545454545,0.03968253968253968,0.025,0.3697682575637149,0.265625,6
TY-Fuel.csv,296,0.08154296875,0.09375,0.028767184221983273,0.010703740157480315,0.016487138592368836,0.14814814814814814,0.07936507936507936,0.02265625,0.3664358078282175,0.25,8
TY-Fuel.csv,297,0.081298828125,0.09375,0.02886130473031467,0.007874015748031496,0.013707939392107928,0.18604651162790697,0.007936507936507936,0.015625,0.3868245599530275,0.1875,6
TY-Fuel.csv,298,0.0736083984375,0.09375,0.03274921490550858,0.014763779527559055,0.020025809063020587,0.12121212121212122,0.07142857142857142,0.019097222222222224,0.3904858126279942,0.2734375,5
TY-Fuel.csv,299,0.08349609375,0.09375,0.02906401599498658,0.01390255905511811,0.017780498871088506,0.12121212121212122,0.06349206349206349,0.0244140625,0.3682587318429659,0.3046875,8
TY-Fuel.csv,300,0.0775146484375,0.09375,0.03322622953885366,0.013410433070866142,0.019678886833791532,0.13114754098360656,0.1111111111111111,0.025111607142857144,0.3755527735184934,0.328125,7
TY-Fuel.csv,301,0.088623046875,0.09375,0.020772049093169712,0.011811023622047244,0.018572459092631596,0.14545454545454545,0.06349206349206349,0.0185546875,0.26740783218812286,0.265625,4
TY-Fuel.csv,302,0.0899658203125,0.09375,0.01960397532008559,0.00812007874015748,0.013421151715841174,0.17777777777777778,0.047619047619047616,0.015625,0.2660558906454084,0.2109375,6
TY-Fuel.csv,303,0.0758056640625,0.09375,0.03505246419638295,0.013779527559055118,0.018869999576808887,0.11428571428571428,0.1349206349206349,0.02068014705882353,0.3888070745266841,0.40625,8
TY-Fuel.csv,304,0.0714111328125,0.09375,0.03557066907060926,0.009719488188976378,0.014265288425822597,0.14814814814814814,0.047619047619047616,0.01953125,0.3974842620563836,0.2578125,9
TY-Fuel.csv,305,0.07666015625,0.09375,0.03555747073366701,0.011811023622047244,0.01625413231938682,0.14035087719298245,0.07142857142857142,0.027777777777777776,0.3847723594595822,0.296875,8
TY-Fuel.csv,306,0.0919189453125,0.09375,0.022064356717661104,0.009719488188976378,0.017309442803600604,0.16666666666666666,0.05555555555555555,0.017857142857142856,0.2729786363144932,0.28125,9
TY-Fuel.csv,307,0.0748291015625,0.09375,0.03207245014607549,0.015255905511811024,0.019357824227575718,0.11940298507462686,0.05555555555555555,0.030133928571428572,0.43451102354909965,0.328125,5
TY-Fuel.csv,308,0.085693359375,0.09375,0.029490530207470406,0.010826771653543307,0.015378444874015483,0.14545454545454545,0.031746031746031744,0.01953125,0.35973479471113046,0.28125,6
TY-Fuel.csv,309,0.083251953125,0.09375,0.027490494559159494,0.009473425196850394,0.013321533153188155,0.1509433962264151,0.023809523809523808,0.015625,0.35946225155590605,0.1875,7
TY-Fuel.csv,310,0.0706787109375,0.09375,0.03488200563734302,0.013410433070866142,0.01783405087134555,0.12307692307692308,0.06349206349206349,0.0234375,0.42064053096317783,0.2734375,6
TY-Fuel.csv,311,0.056396484375,0.046875,0.038235103274425794,0.013533464566929134,0.01924804065610673,0.13114754098360656,0.1111111111111111,0.021763392857142856,0.4010209720260644,0.3125,8
TY-Fuel.csv,312,0.0721435546875,0.09375,0.0338922677457578,0.015009842519685039,0.01905121959574862,0.11428571428571428,0.07936507936507936,0.02421875,0.40556541802714213,0.3359375,4
TY-Fuel.csv,313,0.0777587890625,0.09375,0.03247506248638435,0.012549212598425197,0.01980692457679946,0.14814814814814814,0.06349206349206349,0.033203125,0.38572748800376866,0.2578125,8
TY-Fuel.csv,314,0.0731201171875,0.078125,0.030442045197499126,0.015625,0.020658303462978367,0.12121212121212122,0.09523809523809523,0.026692708333333332,0.4344528267052387,0.3671875,4
TY-Fuel.csv,315,0.0833740234375,0.09375,0.028254729001715592,0.012549212598425197,0.01721034296264343,0.12698412698412698,0.07142857142857142,0.021701388888888888,0.3743414023471807,0.3046875,7
TY-Fuel.csv,316,0.078857421875,0.09375,0.033877535848260074,0.013041338582677165,0.0204491522690589,0.14285714285714285,0.07936507936507936,0.02734375,0.38730219214830325,0.2890625,8
TY-Fuel.csv,317,0.08642578125,0.09375,0.027617042465584517,0.01218011811023622,0.020650241971705487,0.1568627450980392,0.023809523809523808,0.0234375,0.33627635496959946,0.28125,8
TY-Fuel.csv,318,0.0791015625,0.09375,0.03442988781993007,0.011934055118110236,0.017587910707193358,0.14035087719298245,0.09523809523809523,0.026041666666666668,0.39201563180845217,0.3046875,5
TY-Fuel.csv,319,0.090087890625,0.09375,0.02489635919204427,0.012549212598425197,0.015568224862335812,0.11940298507462686,0.10317460317460317,0.019831730769230768,0.34672364733488775,0.3671875,6
TY-Fuel.csv,320,0.0882568359375,0.09375,0.02388807166596743,0.012549212598425197,0.016757594334627385,0.12121212121212122,0.1111111111111111,0.020647321428571428,0.34661795524823874,0.3515625,6
TY-Fuel.csv,321,0.0838623046875,0.09375,0.029932626331521228,0.01513287401574803,0.018800887298123094,0.10666666666666667,0.1111111111111111,0.025111607142857144,0.38627724084382214,0.390625,5
TY-Fuel.csv,322,0.078125,0.09375,0.03094331937061496,0.011687992125984252,0.015804639584177955,0.12121212121212122,0.12698412698412698,0.01904296875,0.3897907613711949,0.3671875,7
TY-Fuel.csv,323,0.089111328125,0.09375,0.027920765552135816,0.010826771653543307,0.014208939386013876,0.125,0.07142857142857142,0.017361111111111112,0.3469418274723017,0.3359375,6
TY-Fuel.csv,324,0.0906982421875,0.09375,0.02706742308417829,0.010703740157480315,0.01463402628070793,0.13333333333333333,0.07936507936507936,0.021875,0.3416244555531813,0.3203125,6
TY-Fuel.csv,325,0.0758056640625,0.09375,0.037267848494311535,0.01033464566929134,0.01788744254662196,0.16666666666666666,0.047619047619047616,0.033854166666666664,0.37508579365116673,0.2578125,7
TY-Fuel.csv,326,0.0765380859375,0.09375,0.036005362415945104,0.01107283464566929,0.01569989876077684,0.12698412698412698,0.0873015873015873,0.016335227272727272,0.363507729729133,0.3515625,11
TY-Fuel.csv,327,0.0826416015625,0.09375,0.03389402635037161,0.014886811023622047,0.021286937749884032,0.12121212121212122,0.0873015873015873,0.02130681818181818,0.3604563642185504,0.390625,4
TY-Fuel.csv,328,0.0831298828125,0.09375,0.03256121189549699,0.012918307086614173,0.01829904811452835,0.13333333333333333,0.06349206349206349,0.0234375,0.3823243789354387,0.3359375,5
TY-Fuel.csv,329,0.086181640625,0.09375,0.028902579409580378,0.010580708661417323,0.016624282350556588,0.14035087719298245,0.06349206349206349,0.021484375,0.37108410697489175,0.328125,6
TY-Fuel.csv,330,0.0826416015625,0.09375,0.03274921490550858,0.014640748031496063,0.018883631364109126,0.1111111111111111,0.09523809523809523,0.024088541666666668,0.3636177484246361,0.3828125,6
TY-Fuel.csv,331,0.077392578125,0.09375,0.03465679149703412,0.006766732283464567,0.012796458531023423,0.21052631578947367,0.031746031746031744,0.017578125,0.36462012973311003,0.1796875,11
TY-Fuel.csv,332,0.076416015625,0.09375,0.03389864225341121,0.014640748031496063,0.021900297476485517,0.13793103448275862,0.06349206349206349,0.03515625,0.39484404867326606,0.296875,8
TY-Fuel.csv,333,0.075927734375,0.09375,0.036052718186246974,0.011934055118110236,0.015119364528738227,0.125,0.07142857142857142,0.024305555555555556,0.40672029023070194,0.2890625,5
TY-Fuel.csv,334,0.076416015625,0.09375,0.034067022740791875,0.01107283464566929,0.015576972968027956,0.13793103448275862,0.07936507936507936,0.02265625,0.40963995066863346,0.3125,6
TY-Fuel.csv,335,0.07861328125,0.09375,0.03405039721017801,0.013041338582677165,0.017512011169939053,0.12698412698412698,0.047619047619047616,0.01953125,0.3986409717611306,0.2734375,5
TY-Fuel.csv,336,0.0814208984375,0.09375,0.02959821223904406,0.014271653543307087,0.01675578768330041,0.1095890410958904,0.07936507936507936,0.025,0.4056224537520139,0.3671875,7
TY-Fuel.csv,337,0.0609130859375,0.0625,0.0403517630942308,0.016486220472440943,0.022976276002510013,0.13114754098360656,0.05555555555555555,0.026785714285714284,0.3895330991005215,0.296875,5
TY-Fuel.csv,338,0.0751953125,0.09375,0.036941953748784645,0.01328740157480315,0.017546551659455758,0.125,0.07936507936507936,0.025,0.40471261736359015,0.3046875,6
TY-Fuel.csv,339,0.0665283203125,0.078125,0.037632319337267635,0.013164370078740157,0.0204172982568002,0.14814814814814814,0.05555555555555555,0.030133928571428572,0.40516314038478657,0.265625,6
TY-Fuel.csv,340,0.075439453125,0.09375,0.035216386013353966,0.014640748031496063,0.02006809269759306,0.12698412698412698,0.06349206349206349,0.03515625,0.40403190136322736,0.3125,6
TY-Fuel.csv,341,0.08630952380952381,0.09375,0.027958771172702287,0.01484375,0.018798764711743694,0.7272727272727273,0.0,0.0,0.3490000267608219,0.23809523809523808,4
Stocks-DE.csv,342,0.1546630859375,0.15625,0.013367117261228289,0.0027066929133858267,0.005913196279871024,0.34782608695652173,0.007936507936507936,0.015625,0.26539404354004575,0.1328125,27
Stocks-DE.csv,343,0.1815185546875,0.1875,0.012371330834716582,6.151574803149606E-4,0.003616372651746818,1.6,0.0,0.0,0.18867490594852895,0.0234375,250
Stocks-DE.csv,344,0.1617431640625,0.15625,0.013614534295754335,0.0022145669291338582,0.006421254109596404,0.5,0.007936507936507936,0.015625,0.26740137024718985,0.078125,32
Stocks-DE.csv,345,0.1591796875,0.15625,0.012158105076160872,0.0024606299212598425,0.005691453497155697,0.38095238095238093,0.015873015873015872,0.015625,0.25699323067944513,0.1484375,85
Stocks-DE.csv,346,0.1673583984375,0.171875,0.015148035556601392,0.0027066929133858267,0.005913196279871024,0.34782608695652173,0.007936507936507936,0.015625,0.32273095934844714,0.140625,36
Stocks-DE.csv,347,0.1539306640625,0.15625,0.012054095685749657,0.0023375984251968506,0.005573204553595537,0.4,0.015873015873015872,0.015625,0.2750830927196933,0.1171875,25
Stocks-DE.csv,348,0.15234375,0.15625,0.013948102399497755,0.001968503937007874,0.005543248191962994,0.5,0.007936507936507936,0.015625,0.2850010133495571,0.09375,24
Stocks-DE.csv,349,0.168701171875,0.1875,0.022128085249967608,0.0014763779527559055,0.005694112433762863,0.7272727272727273,0.015873015873015872,0.015625,0.269631047226706,0.078125,67
Stocks-DE.csv,350,0.160888671875,0.15625,0.012860905460025315,0.002829724409448819,0.006328652140556933,0.34782608695652173,0.031746031746031744,0.015625,0.2632262025696648,0.1484375,21
Stocks-DE.csv,351,0.1668701171875,0.171875,0.019328399113505354,0.0017224409448818897,0.005271723741542465,0.5714285714285714,0.007936507936507936,0.015625,0.34045992187138757,0.0703125,30
Stocks-DE.csv,352,0.1732177734375,0.171875,0.016344207436339853,7.381889763779527E-4,0.0033150082641012503,1.1428571428571428,0.007936507936507936,0.015625,0.29706007413464747,0.03125,81
Stocks-DE.csv,353,0.157958984375,0.15625,0.01716466600679302,0.002829724409448819,0.006328652140556944,0.34782608695652173,0.023809523809523808,0.015625,0.35031255267227124,0.140625,25
Stocks-DE.csv,354,0.166015625,0.171875,0.01188039556698871,0.0015994094488188976,0.004736313128671299,0.5714285714285714,0.007936507936507936,0.015625,0.18965783238363762,0.0859375,141
Stocks-DE.csv,355,0.1754150390625,0.171875,0.013420519190777852,0.0013533464566929134,0.004394825565819829,0.6666666666666666,0.015873015873015872,0.015625,0.27329144799067673,0.046875,61
Stocks-DE.csv,356,0.1484375,0.15625,0.012506102026236032,0.0024606299212598425,0.00601974892850643,0.4,0.023809523809523808,0.018229166666666668,0.2697256809884504,0.078125,21
Stocks-DE.csv,357,0.15478515625,0.15625,0.014143308943320545,0.0033218503937007876,0.0072390210055884065,0.3076923076923077,0.023809523809523808,0.015625,0.303218743370669,0.1640625,24
Stocks-DE.csv,358,0.162109375,0.171875,0.02260905645076216,0.002583661417322835,0.006433029755118778,0.4,0.007936507936507936,0.015625,0.34041351681772375,0.1015625,50
Stocks-DE.csv,359,0.1920166015625,0.171875,0.034892256634114896,0.0027066929133858267,0.00810701944366909,0.4444444444444444,0.007936507936507936,0.015625,0.3007764421094686,0.1015625,49
Stocks-DE.csv,360,0.173828125,0.171875,0.017686299097924643,0.0013533464566929134,0.0048124033502972416,0.7272727272727273,0.007936507936507936,0.015625,0.30319718749444474,0.046875,65
Stocks-DE.csv,361,0.1502685546875,0.15625,0.014890076474056784,0.0024606299212598425,0.005691453497155697,0.38095238095238093,0.007936507936507936,0.015625,0.31709969029355994,0.140625,54
Stocks-DE.csv,362,0.1685791015625,0.171875,0.01998041564994013,0.0014763779527559055,0.004973273359106236,0.6666666666666666,0.0,0.0,0.34448823807637546,0.0546875,81
Stocks-DE.csv,363,0.1490478515625,0.15625,0.011864706898962098,0.002952755905511811,0.006996588192968968,0.34782608695652173,0.023809523809523808,0.015625,0.22954170465211488,0.1328125,24
Stocks-DE.csv,364,0.1458740234375,0.140625,0.013142273752965587,0.0027066929133858267,0.006229817372624095,0.36363636363636365,0.007936507936507936,0.015625,0.29585634834468716,0.09375,26
Stocks-DE.csv,365,0.157958984375,0.15625,0.014250369284680164,0.002583661417322835,0.005804688047286142,0.36363636363636365,0.0,0.0,0.28933951351856896,0.140625,101
Stocks-DE.csv,366,0.20556640625,0.21875,0.02196180287504787,0.0012303149606299212,0.0054077905944478165,0.8888888888888888,0.007936507936507936,0.015625,0.19553078918651315,0.046875,83
Stocks-DE.csv,367,0.2117919921875,0.234375,0.03261242677586071,0.0012303149606299212,0.006385796886004424,1.0,0.0,0.0,0.20541400787759856,0.0546875,683
Stocks-DE.csv,368,0.203125,0.203125,0.0,0.0,0.0,8.0,0.0,0.0,0.0,0.0078125,1024
Stocks-DE.csv,369,0.17041015625,0.171875,0.012108981218395747,0.0030757874015748033,0.0065148633340913935,0.32,0.015873015873015872,0.01953125,0.2597109844545304,0.1484375,79
Stocks-DE.csv,370,0.212890625,0.21875,0.02039122365021592,0.0012303149606299212,0.007493820045689512,1.1428571428571428,0.0,0.0,0.0857397398115921,0.046875,87
Stocks-DE.csv,371,0.171142578125,0.171875,0.013081472973260561,0.002583661417322835,0.00580468804728614,0.36363636363636365,0.023809523809523808,0.015625,0.282959759535139,0.15625,32
Stocks-DE.csv,372,0.162841796875,0.15625,0.016983135048279963,0.0024606299212598425,0.005691453497155697,0.38095238095238093,0.015873015873015872,0.015625,0.35036368352040625,0.1171875,25
Stocks-DE.csv,373,0.1575927734375,0.15625,0.01251027162051176,0.0018454724409448819,0.005042790731279318,0.5,0.015873015873015872,0.015625,0.2724001401040042,0.078125,22
Stocks-DE.csv,374,0.1754150390625,0.1875,0.015651204070794733,0.0017224409448818897,0.005271723741542462,0.5714285714285714,0.007936507936507936,0.015625,0.2761551406132987,0.0703125,33
Stocks-DE.csv,375,0.1593017578125,0.171875,0.023442267886616852,0.0023375984251968506,0.00590807441119241,0.42105263157894735,0.007936507936507936,0.015625,0.39563097740487946,0.1015625,31
Stocks-DE.csv,376,0.145751953125,0.140625,0.013262477397989327,0.004183070866141733,0.007453312613612682,0.24242424242424243,0.015873015873015872,0.015625,0.2903828768129854,0.1796875,18
Stocks-DE.csv,377,0.162109375,0.171875,0.012197261715621872,0.0017224409448818897,0.004893499458993936,0.5333333333333333,0.007936507936507936,0.015625,0.24800602116152706,0.0703125,40
Stocks-DE.csv,378,0.2239990234375,0.234375,0.032346329517056696,0.0014763779527559055,0.011337604363689247,1.3333333333333333,0.007936507936507936,0.015625,0.0910740619169542,0.03125,923
Stocks-DE.csv,379,0.141845703125,0.140625,0.02136056075470902,0.0031988188976377952,0.007925749708861419,0.3333333333333333,0.023809523809523808,0.015625,0.340909753106115,0.109375,20
Stocks-DE.csv,380,0.1734619140625,0.171875,0.016322311753694765,0.0013533464566929134,0.00519653348473004,0.8,0.0,0.0,0.30727771798169295,0.0390625,58
Stocks-DE.csv,381,0.1544189453125,0.15625,0.01939612375349961,0.0024606299212598425,0.00601974892850643,0.4,0.023809523809523808,0.015625,0.32323397690657074,0.1171875,62
Stocks-DE.csv,382,0.1483154296875,0.15625,0.013246175789923527,0.002583661417322835,0.006126919093498383,0.38095238095238093,0.007936507936507936,0.0234375,0.27655788971916345,0.125,42
Stocks-DE.csv,383,0.1544189453125,0.15625,0.0185927953394876,0.0024606299212598425,0.00601974892850643,0.4,0.023809523809523808,0.015625,0.3117962882351179,0.1328125,70
Stocks-DE.csv,384,0.1353759765625,0.140625,0.011763803976914235,0.0022145669291338582,0.006421254109596405,0.5,0.015873015873015872,0.0234375,0.22440851947192017,0.109375,43
Stocks-DE.csv,385,0.1497802734375,0.15625,0.014155419971645824,0.0027066929133858267,0.0059131962798710195,0.34782608695652173,0.007936507936507936,0.015625,0.2986641196280892,0.15625,37
Stocks-DE.csv,386,0.2110595703125,0.234375,0.045554148124389356,0.0024606299212598425,0.009490187389604804,0.5,0.0,0.0,0.18744416332386918,0.0859375,44
Stocks-DE.csv,387,0.1907958984375,0.1875,0.011497312770844436,9.84251968503937E-4,0.003796074955841907,0.8888888888888888,0.0,0.0,0.2506000860880829,0.0546875,129
Stocks-DE.csv,388,0.162353515625,0.171875,0.013980115529512118,0.002583661417322835,0.00643302975511878,0.4,0.015873015873015872,0.015625,0.2999485693803359,0.1171875,35
Stocks-DE.csv,389,0.171142578125,0.171875,0.01756285958244404,0.0027066929133858267,0.005913196279871021,0.34782608695652173,0.023809523809523808,0.015625,0.32738918543699097,0.140625,48
Stocks-DE.csv,390,0.162841796875,0.171875,0.0195906688938571,0.0015994094488188976,0.005828109883034954,0.6666666666666666,0.0,0.0,0.22020276559695853,0.046875,37
Stocks-DE.csv,391,0.166748046875,0.171875,0.012369523965716212,0.0013533464566929134,0.004394825565819832,0.6666666666666666,0.007936507936507936,0.015625,0.16969083175703184,0.0703125,85
Stocks-DE.csv,392,0.1461181640625,0.15625,0.014692621352749515,0.0027066929133858267,0.005913196279871019,0.34782608695652173,0.0,0.0,0.2943149469729643,0.109375,23
Stocks-DE.csv,393,0.1268310546875,0.109375,0.051771486023665304,0.0036909448818897637,0.012316675635637122,0.3333333333333333,0.015873015873015872,0.015625,0.36902233186372807,0.1328125,24
Stocks-DE.csv,394,0.1253662109375,0.125,0.018780984708464246,0.0014763779527559055,0.004973273359106237,0.6666666666666666,0.007936507936507936,0.015625,0.3164927694498289,0.0703125,41
Stocks-DE.csv,395,0.1248779296875,0.125,0.015316297877579413,0.0020915354330708663,0.005320312084261728,0.4444444444444444,0.007936507936507936,0.015625,0.3054106046768618,0.0859375,50
Stocks-DE.csv,396,0.1204833984375,0.125,0.008767844124929461,0.0011072834645669291,0.004009392405708743,0.8,0.007936507936507936,0.015625,0.16353778858877632,0.0625,81
Stocks-DE.csv,397,0.130126953125,0.125,0.011736538419650307,0.0024606299212598425,0.006911698772238256,0.4444444444444444,0.007936507936507936,0.015625,0.25742023392572416,0.109375,43
Stocks-DE.csv,398,0.11328125,0.1171875,0.014218964627501012,0.0024606299212598425,0.005691453497155697,0.38095238095238093,0.015873015873015872,0.015625,0.27881019908713905,0.1015625,25
Stocks-DE.csv,399,0.1119384765625,0.109375,0.014716941868220302,0.0031988188976377952,0.006304688964231774,0.2962962962962963,0.023809523809523808,0.015625,0.2843386435887746,0.1640625,24
Stocks-DE.csv,400,0.1187744140625,0.125,0.008133034768122521,0.0011072834645669291,0.004009392405708737,0.8,0.0,0.0,0.17569745425151032,0.0625,153
Stocks-DE.csv,401,0.1824951171875,0.1875,0.020938884063067438,0.0012303149606299212,0.0077461005111698795,1.3333333333333333,0.007936507936507936,0.015625,0.06356451600230999,0.03125,963
Stocks-DE.csv,402,0.1019287109375,0.109375,0.012950388767784362,0.004306102362204725,0.007251556116285134,0.22857142857142856,0.03968253968253968,0.015625,0.2866163334270244,0.2109375,14
Stocks-DE.csv,403,0.129638671875,0.125,0.02630268259908025,0.002829724409448819,0.00864028044590524,0.4,0.015873015873015872,0.015625,0.3718888773242824,0.1171875,22
Stocks-DE.csv,404,0.125732421875,0.125,0.008703878647449164,0.0020915354330708663,0.005670137117028995,0.47058823529411764,0.007936507936507936,0.015625,0.19841174898840055,0.1015625,24
Stocks-DE.csv,405,0.1190185546875,0.125,0.013548704910322952,0.0023375984251968506,0.0055732045535955375,0.4,0.015873015873015872,0.015625,0.29288157041243634,0.125,32
Stocks-DE.csv,406,0.1185302734375,0.125,0.008630811364410905,9.84251968503937E-4,0.003796074955841906,0.8888888888888888,0.007936507936507936,0.015625,0.18602595255100715,0.0625,146
Stocks-DE.csv,407,0.12353515625,0.125,0.011626836816201814,0.001968503937007874,0.005184868972860596,0.47058823529411764,0.031746031746031744,0.015625,0.23523937270878234,0.1171875,25
Stocks-DE.csv,408,0.1097412109375,0.109375,0.012576797130934922,0.0027066929133858267,0.006229817372624089,0.36363636363636365,0.023809523809523808,0.015625,0.2718088334005736,0.125,20
Stocks-DE.csv,409,0.2125244140625,0.265625,0.0790796131716844,0.0036909448818897637,0.01725689428281643,0.4,0.031746031746031744,0.015625,0.3428641696599395,0.1328125,39
Stocks-DE.csv,410,0.188720703125,0.1875,0.015577243301708272,0.001968503937007874,0.005184868972860596,0.47058823529411764,0.023809523809523808,0.015625,0.276637883605862,0.1015625,131
Stocks-DE.csv,411,0.1802978515625,0.1875,0.016561572210848637,0.001968503937007874,0.005543248191962996,0.5,0.007936507936507936,0.015625,0.3338012631850383,0.0859375,32
Stocks-DE.csv,412,0.1993408203125,0.203125,0.019309887533428306,0.0011072834645669291,0.004463178431893958,0.8888888888888888,0.0,0.0,0.18088187670304812,0.0390625,79
Stocks-DE.csv,413,0.19287109375,0.203125,0.013870969444669718,0.0017224409448818897,0.004893499458993937,0.5333333333333333,0.007936507936507936,0.015625,0.2622622187387116,0.0703125,28
Stocks-DE.csv,414,0.1849365234375,0.203125,0.023662441375708165,0.0023375984251968506,0.00590807441119241,0.42105263157894735,0.007936507936507936,0.015625,0.32959280255910756,0.109375,27
Stocks-DE.csv,415,0.17822265625,0.171875,0.008829658847668518,0.0024606299212598425,0.005691453497155697,0.38095238095238093,0.007936507936507936,0.015625,0.19920002192775388,0.1484375,45
Stocks-DE.csv,416,0.1724853515625,0.171875,0.014926059795177572,0.0023375984251968506,0.005908074411192409,0.42105263157894735,0.0,0.0,0.30364852816778326,0.1015625,23
Stocks-DE.csv,417,0.22314453125,0.265625,0.06252860368412622,0.0020915354330708663,0.011660114910628435,0.7272727272727273,0.007936507936507936,0.015625,0.25450581576923853,0.0703125,99
Stocks-DE.csv,418,0.1597900390625,0.171875,0.018029665317020906,0.0024606299212598425,0.005691453497155697,0.38095238095238093,0.007936507936507936,0.015625,0.298673332727243,0.125,20
Stocks-DE.csv,419,0.1639404296875,0.171875,0.021395064167087842,0.001968503937007874,0.005184868972860599,0.47058823529411764,0.015873015873015872,0.015625,0.36275793519114025,0.09375,50
Stocks-DE.csv,420,0.150390625,0.140625,0.01953125,0.0033218503937007876,0.006968406623280653,0.3076923076923077,0.031746031746031744,0.015625,0.31787931544882303,0.1484375,47
Stocks-DE.csv,421,0.15283203125,0.15625,0.016216525298257435,0.0020915354330708663,0.005320312084261728,0.4444444444444444,0.007936507936507936,0.015625,0.32573174723629933,0.078125,30
Stocks-DE.csv,422,0.1673583984375,0.171875,0.014239385533255466,0.0017224409448818897,0.005271723741542465,0.5714285714285714,0.007936507936507936,0.015625,0.21136462478650528,0.078125,23
Stocks-DE.csv,423,0.16162109375,0.171875,0.015057757758895776,0.0013533464566929134,0.0048124033502972416,0.7272727272727273,0.0,0.0,0.2573584954938188,0.0625,49
Stocks-DE.csv,424,0.159423828125,0.15625,0.013997159260961097,0.0014763779527559055,0.004570417229578424,0.6153846153846154,0.007936507936507936,0.015625,0.2791729210177502,0.078125,29
Stocks-DE.csv,425,0.14892578125,0.15625,0.009354123076498055,0.002583661417322835,0.006126919093498389,0.38095238095238093,0.007936507936507936,0.0234375,0.20195737471325928,0.1328125,34
Stocks-DE.csv,426,0.198974609375,0.25,0.0573262774798012,0.0018454724409448819,0.010303841887898693,0.8,0.0,0.0,0.24205677679109341,0.0546875,460
Stocks-DE.csv,427,0.169189453125,0.171875,0.015016137026056427,0.0024606299212598425,0.00601974892850643,0.4,0.0,0.0,0.29130188773067867,0.1015625,24
Stocks-DE.csv,428,0.1744384765625,0.171875,0.00868588390000987,0.0020915354330708663,0.005320312084261728,0.4444444444444444,0.007936507936507936,0.015625,0.18616449140524258,0.109375,33
Stocks-DE.csv,429,0.1866455078125,0.1875,0.014260299674706663,0.0020915354330708663,0.005320312084261728,0.4444444444444444,0.015873015873015872,0.015625,0.2982625471584084,0.0859375,63
Stocks-DE.csv,430,0.16455078125,0.171875,0.013381044537153048,0.0024606299212598425,0.005691453497155698,0.38095238095238093,0.007936507936507936,0.015625,0.2551420036838286,0.109375,43
Stocks-DE.csv,431,0.1544189453125,0.15625,0.012137865575280186,0.0044291338582677165,0.007041874026207778,0.21621621621621623,0.05555555555555555,0.015625,0.27497333386833533,0.234375,20
Stocks-DE.csv,432,0.2213134765625,0.265625,0.06840894808966021,0.001968503937007874,0.012856644170879075,0.8888888888888888,0.007936507936507936,0.015625,0.21508815495196862,0.0390625,80
Stocks-DE.csv,433,0.128173828125,0.125,0.014132769178131156,0.001968503937007874,0.0051848689728605955,0.47058823529411764,0.015873015873015872,0.015625,0.2524052604393728,0.109375,26
Stocks-DE.csv,434,0.1361083984375,0.140625,0.019151816696766917,0.0011072834645669291,0.00400939240570874,0.8,0.007936507936507936,0.015625,0.326949591312812,0.046875,41
Stocks-DE.csv,435,0.1309814453125,0.140625,0.013407188649429242,0.002583661417322835,0.005804688047286138,0.36363636363636365,0.015873015873015872,0.015625,0.2507760321646942,0.1328125,37
Stocks-DE.csv,436,0.1236572265625,0.125,0.011224496331416476,0.0015994094488188976,0.004736313128671294,0.5714285714285714,0.0,0.0,0.23543889428654474,0.0859375,42
Stocks-DE.csv,437,0.1302490234375,0.140625,0.012548329384240286,0.0015994094488188976,0.004736313128671302,0.5714285714285714,0.007936507936507936,0.015625,0.25398969581816644,0.0859375,41
Stocks-DE.csv,438,0.11376953125,0.109375,0.012648275241199823,0.002583661417322835,0.00580468804728614,0.36363636363636365,0.023809523809523808,0.015625,0.25339952289627776,0.140625,49
Stocks-DE.csv,439,0.10496323529411765,0.109375,0.014698987354193982,0.003162202380952381,0.007539794717080075,0.5,0.012048192771084338,0.015625,0.2990064969782827,0.12941176470588237,28
Air-pressure.csv,440,0.243408203125,0.2421875,0.020633855132539222,7.381889763779527E-4,0.0033150082641012503,1.1428571428571428,0.0,0.0,0.34807416688496423,0.015625,85
Air-pressure.csv,441,0.2425537109375,0.25,0.014347806170038866,0.0011072834645669291,0.00625648727120625,1.1428571428571428,0.0,0.0,0.23486324855994536,0.0234375,126
Air-pressure.csv,442,0.220703125,0.234375,0.024316210152321743,0.0020915354330708663,0.005320312084261728,0.4444444444444444,0.007936507936507936,0.015625,0.36621072325421583,0.0703125,37
Air-pressure.csv,443,0.219482421875,0.21875,0.020840802443242715,0.0024606299212598425,0.00601974892850643,0.4,0.023809523809523808,0.015625,0.3592249943179881,0.078125,33
Air-pressure.csv,444,0.242919921875,0.25,0.015850349451298273,7.381889763779527E-4,0.003851495039984875,1.3333333333333333,0.0,0.0,0.20285859057107417,0.015625,63
Air-pressure.csv,445,0.216064453125,0.21875,0.01681382853991552,0.0012303149606299212,0.00420832464972616,0.7272727272727273,0.0,0.0,0.3154952366221595,0.046875,76
Air-pressure.csv,446,0.22021484375,0.21875,0.024739047931432424,0.0015994094488188976,0.004736313128671296,0.5714285714285714,0.007936507936507936,0.015625,0.42156889303482625,0.046875,46
Air-pressure.csv,447,0.245361328125,0.25,0.01728922478159689,0.0012303149606299212,0.004642707250027859,0.8,0.0,0.0,0.3380391461873285,0.0390625,69
Air-pressure.csv,448,0.2178955078125,0.21875,0.014260299674706663,0.0012303149606299212,0.004208324649726155,0.7272727272727273,0.007936507936507936,0.015625,0.2971928162697015,0.046875,86
Air-pressure.csv,449,0.2327880859375,0.234375,0.014594934027464881,0.0014763779527559055,0.005694112433762864,0.7272727272727273,0.007936507936507936,0.015625,0.2993944388172736,0.046875,83
Air-pressure.csv,450,0.23974609375,0.25,0.015433086552030378,0.0011072834645669291,0.0040093924057087275,0.8,0.0,0.0,0.24579928228310055,0.046875,122
Air-pressure.csv,451,0.22216796875,0.21875,0.019816038952834986,0.0015994094488188976,0.0047363131286712904,0.5714285714285714,0.007936507936507936,0.015625,0.3594557581405908,0.078125,47
Air-pressure.csv,452,0.213134765625,0.21875,0.01619261660038128,0.0024606299212598425,0.005691453497155697,0.38095238095238093,0.007936507936507936,0.015625,0.33034268584246707,0.109375,23
Air-pressure.csv,453,0.2210693359375,0.234375,0.016234433714656743,0.0012303149606299212,0.0046427072500278615,0.8,0.0,0.0,0.2918749138043221,0.0390625,69
Air-pressure.csv,454,0.247802734375,0.25,0.019209694318349874,7.381889763779527E-4,0.0033150082641012508,1.1428571428571428,0.0,0.0,0.3360292216696623,0.0234375,67
Air-pressure.csv,455,0.2197265625,0.234375,0.02317150491739194,0.0015994094488188976,0.004736313128671288,0.5714285714285714,0.007936507936507936,0.015625,0.3552233693080065,0.0546875,50
Air-pressure.csv,456,0.222900390625,0.234375,0.02248083145816758,0.0020915354330708663,0.005320312084261728,0.4444444444444444,0.007936507936507936,0.015625,0.36960627055857204,0.0703125,58
Air-pressure.csv,457,0.2523193359375,0.265625,0.020492911601971267,7.381889763779527E-4,0.0033150082641012503,1.1428571428571428,0.0,0.0,0.30298511252581184,0.015625,101
Air-pressure.csv,458,0.23779296875,0.25,0.021300482530456286,0.0011072834645669291,0.0044631784318939615,0.8888888888888888,0.0,0.0,0.3747711981736998,0.03125,62
Air-pressure.csv,459,0.231689453125,0.234375,0.02376956936559701,0.0015994094488188976,0.005126148291338497,0.6153846153846154,0.0,0.0,0.3639101660594843,0.0390625,31
Air-pressure.csv,460,0.259765625,0.265625,0.013389950391408289,6.151574803149606E-4,0.0030386537980385095,1.3333333333333333,0.0,0.0,0.18646876180463653,0.015625,100
Air-pressure.csv,461,0.2349853515625,0.234375,0.017836891339295682,0.0011072834645669291,0.004463178431893961,0.8888888888888888,0.007936507936507936,0.015625,0.29175639844826107,0.03125,48
Air-pressure.csv,462,0.2052001953125,0.203125,0.020519071848701283,0.0031988188976377952,0.006304688964231772,0.2962962962962963,0.007936507936507936,0.015625,0.4026465208470245,0.1171875,22
Air-pressure.csv,463,0.2459716796875,0.25,0.01760480762947546,7.381889763779527E-4,0.0033150082641012508,1.1428571428571428,0.0,0.0,0.32886285386998615,0.015625,99
Air-pressure.csv,464,0.224853515625,0.234375,0.020599161782849464,0.0013533464566929134,0.004394825565819825,0.6666666666666666,0.0,0.0,0.3666360544780603,0.03125,43
Air-pressure.csv,465,0.2279052734375,0.25,0.028872403098242783,0.0015994094488188976,0.0047363131286713,0.5714285714285714,0.007936507936507936,0.015625,0.36632945364115416,0.0390625,44
Air-pressure.csv,466,0.2418212890625,0.25,0.015124408268978835,7.381889763779527E-4,0.0038514950399848743,1.3333333333333333,0.0,0.0,0.23174532002062917,0.015625,228
Air-pressure.csv,467,0.2354736328125,0.234375,0.012225937507425998,9.84251968503937E-4,0.003796074955841906,0.8888888888888888,0.0,0.0,0.2564032408065286,0.0234375,73
Air-pressure.csv,468,0.220458984375,0.21875,0.029441982762180026,0.0022145669291338582,0.005791634988159365,0.4444444444444444,0.007936507936507936,0.015625,0.421697566164388,0.0546875,65
Air-pressure.csv,469,0.242431640625,0.25,0.018527362177640793,7.381889763779527E-4,0.0033150082641012508,1.1428571428571428,0.0,0.0,0.31198013943769826,0.015625,66
Air-pressure.csv,470,0.2110595703125,0.21875,0.013810139829851693,0.0014763779527559055,0.004973273359106236,0.6666666666666666,0.0,0.0,0.2516886661509157,0.046875,24
Air-pressure.csv,471,0.227294921875,0.234375,0.029222521207059145,0.0014763779527559055,0.0049732733591062355,0.6666666666666666,0.0,0.0,0.38235465403199903,0.03125,62
Air-pressure.csv,472,0.212646484375,0.2109375,0.01671427444019799,0.001968503937007874,0.005184868972860597,0.47058823529411764,0.007936507936507936,0.015625,0.3346007655105931,0.078125,40
Air-pressure.csv,473,0.228515625,0.25,0.030383494504109463,0.0011072834645669291,0.004009392405708741,0.8,0.0,0.0,0.3887751296626718,0.0234375,72
Air-pressure.csv,474,0.2314453125,0.234375,0.018295892573432806,0.0012303149606299212,0.004208324649726151,0.7272727272727273,0.007936507936507936,0.015625,0.32065139792968494,0.0625,54
Air-pressure.csv,475,0.2266845703125,0.234375,0.018631225134453214,0.0024606299212598425,0.005691453497155698,0.38095238095238093,0.007936507936507936,0.015625,0.3411119859439236,0.0859375,43
Air-pressure.csv,476,0.238525390625,0.25,0.01685631459258776,0.0017224409448818897,0.00489349945899394,0.5333333333333333,0.007936507936507936,0.015625,0.2739015460624409,0.0703125,41
Air-pressure.csv,477,0.2261962890625,0.234375,0.022351537561119378,0.0013533464566929134,0.004812403350297241,0.7272727272727273,0.0,0.0,0.38841615566507154,0.0234375,29
Air-pressure.csv,478,0.225341796875,0.234375,0.014300473286726045,9.84251968503937E-4,0.003796074955841906,0.8888888888888888,0.0,0.0,0.23892952706894022,0.0390625,62
Air-pressure.csv,479,0.2279052734375,0.234375,0.012123124714978372,8.612204724409449E-4,0.003565791522192284,1.0,0.0,0.0,0.20213819270467825,0.0390625,34
Air-pressure.csv,480,0.240478515625,0.25,0.015774960917138776,8.612204724409449E-4,0.0035657915221922842,1.0,0.0,0.0,0.2532899756505212,0.03125,69
Air-pressure.csv,481,0.2281494140625,0.234375,0.029383974936266107,0.0022145669291338582,0.007524057505620403,0.5333333333333333,0.0,0.0,0.4437934656411013,0.0390625,40
Air-pressure.csv,482,0.2381591796875,0.234375,0.01583671190789458,0.0015994094488188976,0.004736313128671292,0.5714285714285714,0.007936507936507936,0.015625,0.31434436697987733,0.078125,47
Air-pressure.csv,483,0.232666015625,0.234375,0.020599161782849464,9.84251968503937E-4,0.004272577596994434,1.0,0.0,0.0,0.33997370169265007,0.0234375,74
Air-pressure.csv,484,0.2093505859375,0.203125,0.018357280855259166,0.0015994094488188976,0.004736313128671297,0.5714285714285714,0.0,0.0,0.3583741081983005,0.046875,21
Air-pressure.csv,485,0.22021484375,0.21875,0.01986410703789843,0.001968503937007874,0.005184868972860597,0.47058823529411764,0.007936507936507936,0.015625,0.37142275841400346,0.0546875,37
Air-pressure.csv,486,0.2205810546875,0.234375,0.023569055733003958,0.0015994094488188976,0.005126148291338498,0.6153846153846154,0.0,0.0,0.2690131909494659,0.0546875,71
Air-pressure.csv,487,0.2445068359375,0.25,0.011319676899359627,4.921259842519685E-4,0.0027289705970495615,1.6,0.0,0.0,0.1847894583009003,0.015625,157
Air-pressure.csv,488,0.2156982421875,0.21875,0.018118705314167944,0.0044291338582677165,0.009585409045660666,0.27586206896551724,0.023809523809523808,0.018229166666666668,0.3311579234016205,0.1328125,37
Air-pressure.csv,489,0.24755859375,0.25,0.014410502503294636,0.0014763779527559055,0.004570417229578424,0.6153846153846154,0.007936507936507936,0.015625,0.28440137698472373,0.0703125,165
Air-pressure.csv,490,0.2242431640625,0.234375,0.01389190190800097,0.002952755905511811,0.0064236109656528656,0.3333333333333333,0.007936507936507936,0.015625,0.2588152293093117,0.1015625,26
Air-pressure.csv,491,0.243896484375,0.25,0.017818920919026097,0.0012303149606299212,0.00420832464972616,0.7272727272727273,0.0,0.0,0.26600358408513886,0.046875,37
Air-pressure.csv,492,0.2147216796875,0.21875,0.02665468935406043,0.003937007874015748,0.007586166343242117,0.26666666666666666,0.0,0.0,0.43985505063896424,0.109375,28
Air-pressure.csv,493,0.2191162109375,0.21875,0.017300856189819563,0.0027066929133858267,0.0073613559555371945,0.42105263157894735,0.0,0.0,0.31831837426317033,0.0703125,31
Air-pressure.csv,494,0.2247314453125,0.21875,0.01904883661096877,0.0013533464566929134,0.0043948255658198205,0.6666666666666666,0.015873015873015872,0.015625,0.3615014464684352,0.0625,85
Air-pressure.csv,495,0.2169189453125,0.21875,0.01939612375349961,0.001968503937007874,0.005184868972860597,0.47058823529411764,0.007936507936507936,0.015625,0.33475604499265615,0.0859375,38
Air-pressure.csv,496,0.228515625,0.234375,0.025390625,0.0014763779527559055,0.005345856540944991,0.7272727272727273,0.0,0.0,0.32561582056669053,0.0390625,68
Air-pressure.csv,497,0.211669921875,0.21875,0.022765376920271307,0.0017224409448818897,0.004893499458993938,0.5333333333333333,0.007936507936507936,0.015625,0.3866261563202649,0.046875,41
Air-pressure.csv,498,0.232177734375,0.25,0.030051122657763444,0.0012303149606299212,0.004208324649726149,0.7272727272727273,0.0,0.0,0.4034771857150998,0.03125,33
Air-pressure.csv,499,0.244873046875,0.25,0.02068002239513845,7.381889763779527E-4,0.0033150082641012503,1.1428571428571428,0.0,0.0,0.35764016907927626,0.015625,98
Air-pressure.csv,500,0.21337890625,0.21875,0.022306491758789883,0.003937007874015748,0.008077090335713499,0.27586206896551724,0.007936507936507936,0.015625,0.4098220077756789,0.125,30
Air-pressure.csv,501,0.2318115234375,0.25,0.02822095608457615,0.0017224409448818897,0.005271723741542459,0.5714285714285714,0.0,0.0,0.3379316498477943,0.046875,47
Air-pressure.csv,502,0.236083984375,0.234375,0.011917964108846605,0.0014763779527559055,0.004570417229578424,0.6153846153846154,0.015873015873015872,0.015625,0.20484993687478384,0.0625,69
Air-pressure.csv,503,0.226806640625,0.234375,0.025613830737371647,0.0017224409448818897,0.004893499458993939,0.5333333333333333,0.015873015873015872,0.015625,0.323087316229183,0.09375,40
Air-pressure.csv,504,0.231689453125,0.234375,0.012214353272801747,0.0011072834645669291,0.0040093924057087406,0.8,0.007936507936507936,0.015625,0.22639509619525958,0.046875,154
Air-pressure.csv,505,0.2342529296875,0.234375,0.021616787778896952,0.0012303149606299212,0.00420832464972615,0.7272727272727273,0.0,0.0,0.32639643777539634,0.046875,75
Air-pressure.csv,506,0.2138671875,0.21875,0.025521746768304647,0.001968503937007874,0.005543248191962996,0.5,0.023809523809523808,0.015625,0.36408571261898465,0.0625,42
Air-pressure.csv,507,0.235107421875,0.25,0.028226499724773643,0.0015994094488188976,0.006149113680905431,0.7272727272727273,0.007936507936507936,0.03125,0.4359068430044706,0.0390625,36
Air-pressure.csv,508,0.237060546875,0.25,0.024636438414425952,7.381889763779527E-4,0.0033150082641012508,1.1428571428571428,0.0,0.0,0.25378648243958063,0.015625,70
Air-pressure.csv,509,0.220947265625,0.21875,0.015469733312930554,7.381889763779527E-4,0.0033150082641012508,1.1428571428571428,0.0,0.0,0.2765918912050663,0.0234375,53
Air-pressure.csv,510,0.2218017578125,0.21875,0.018118705314167944,0.0033218503937007876,0.007751960630917008,0.3333333333333333,0.015873015873015872,0.01953125,0.34305679895325625,0.140625,36
Air-pressure.csv,511,0.2266845703125,0.234375,0.015866792945332595,9.84251968503937E-4,0.003796074955841906,0.8888888888888888,0.0,0.0,0.21952652509082315,0.03125,59
Air-pressure.csv,512,0.217529296875,0.21875,0.014564783924096342,0.0012303149606299212,0.004208324649726148,0.7272727272727273,0.0,0.0,0.30256650286289594,0.0390625,77
Air-pressure.csv,513,0.196533203125,0.203125,0.02109098063056197,0.0023375984251968506,0.005573204553595537,0.4,0.007936507936507936,0.015625,0.3683504175807159,0.0703125,23
Air-pressure.csv,514,0.21875,0.21875,0.023840928936979887,0.001968503937007874,0.005184868972860598,0.47058823529411764,0.0,0.0,0.4154984746116204,0.0546875,57
Air-pressure.csv,515,0.238037109375,0.25,0.022310499512993586,0.0011072834645669291,0.004009392405708742,0.8,0.007936507936507936,0.015625,0.27036659410030245,0.0390625,43
Air-pressure.csv,516,0.2213134765625,0.234375,0.017113805049289176,0.0027066929133858267,0.006229817372624097,0.36363636363636365,0.007936507936507936,0.015625,0.2932521866573308,0.09375,23
Air-pressure.csv,517,0.240234375,0.25,0.018112536124015047,0.0022145669291338582,0.005449614810617647,0.42105263157894735,0.007936507936507936,0.015625,0.2526117238994265,0.0703125,66
Air-pressure.csv,518,0.2305908203125,0.234375,0.015956695814587522,0.0013533464566929134,0.005196533484730044,0.8,0.0,0.0,0.32920267421463795,0.0390625,79
Air-pressure.csv,519,0.241455078125,0.25,0.019122617386148306,0.0013533464566929134,0.004812403350297244,0.7272727272727273,0.0,0.0,0.27658541930570774,0.046875,96
Air-pressure.csv,520,0.2498779296875,0.25,0.011636444979824965,0.0012303149606299212,0.0042083246497261525,0.7272727272727273,0.0,0.0,0.21566333896730186,0.0546875,74
Air-pressure.csv,521,0.2298583984375,0.25,0.026360122299229002,0.0020915354330708663,0.005670137117028995,0.47058823529411764,0.023809523809523808,0.015625,0.3360341913304015,0.0859375,49
Air-pressure.csv,522,0.2205810546875,0.234375,0.03242546888908003,0.0023375984251968506,0.005908074411192408,0.42105263157894735,0.007936507936507936,0.015625,0.4243136574280902,0.0625,32
Air-pressure.csv,523,0.2255859375,0.234375,0.025371838001497227,0.0013533464566929134,0.004394825565819827,0.6666666666666666,0.0,0.0,0.3942848381671274,0.0234375,69
Air-pressure.csv,524,0.239990234375,0.25,0.01665711924161688,0.0012303149606299212,0.005039788176246092,0.8888888888888888,0.0,0.0,0.2516615412828052,0.0234375,179
Air-pressure.csv,525,0.2252197265625,0.234375,0.015069133864726414,0.0023375984251968506,0.005573204553595537,0.4,0.0,0.0,0.305285108932558,0.09375,39
Air-pressure.csv,526,0.231201171875,0.234375,0.019856604069911073,0.0017224409448818897,0.004893499458993936,0.5333333333333333,0.007936507936507936,0.015625,0.3888657884721624,0.0546875,44
Air-pressure.csv,527,0.230224609375,0.234375,0.011301891600686237,0.0015994094488188976,0.005828109883034957,0.6666666666666666,0.0,0.0,0.23249271628018794,0.0390625,52
Air-pressure.csv,528,0.2459716796875,0.25,0.020414229721161106,8.612204724409449E-4,0.004069349263912701,1.1428571428571428,0.0,0.0,0.3324207196887008,0.015625,75
Air-pressure.csv,529,0.2135009765625,0.21875,0.02078746673985044,0.0017224409448818897,0.0062709866817788696,0.6666666666666666,0.0,0.0,0.3562119713583429,0.0390625,42
Air-pressure.csv,530,0.2374267578125,0.25,0.021666362894814228,7.381889763779527E-4,0.0033150082641012503,1.1428571428571428,0.0,0.0,0.2781483873734654,0.015625,68
Air-pressure.csv,531,0.23193359375,0.234375,0.020244543400027227,9.84251968503937E-4,0.003796074955841907,0.8888888888888888,0.0,0.0,0.3493739612504245,0.03125,70
Air-pressure.csv,532,0.212646484375,0.21875,0.015653584083896915,0.0013533464566929134,0.00439482556581983,0.6666666666666666,0.007936507936507936,0.015625,0.297849441376856,0.0390625,39
Air-pressure.csv,533,0.20689655172413793,0.21875,0.01938657150648512,0.001998546511627907,0.005736792661281596,0.7272727272727273,0.0,0.0,0.33092770344563616,0.04597701149425287,29
Food-price.csv,534,0.3248291015625,0.296875,0.07167336334685727,0.011687992125984252,0.030751967936899022,0.19047619047619047,0.031746031746031744,0.015625,0.5132524961874819,0.1875,18
Food-price.csv,535,0.3291015625,0.3125,0.06697111549062472,0.015255905511811024,0.03488154469066447,0.17391304347826086,0.023809523809523808,0.057291666666666664,0.5437006064449321,0.1953125,13
Food-price.csv,536,0.3096923828125,0.3125,0.025572783605121913,0.01513287401574803,0.020559148322149928,0.13114754098360656,0.023809523809523808,0.033854166666666664,0.41751681760190823,0.3125,10
Food-price.csv,537,0.3089599609375,0.296875,0.02777388002281841,0.010580708661417323,0.018795250695598537,0.18181818181818182,0.015873015873015872,0.0234375,0.43295047004458626,0.21875,12
Food-price.csv,538,0.2969970703125,0.296875,0.02535274320653721,0.011195866141732283,0.016275537100544978,0.14545454545454545,0.031746031746031744,0.015625,0.4404437596406279,0.3046875,12
Food-price.csv,539,0.3233642578125,0.296875,0.0657004830535712,0.010949803149606299,0.029757348972558634,0.23529411764705882,0.007936507936507936,0.0234375,0.521881953505089,0.15625,17
Food-price.csv,540,0.2884521484375,0.28125,0.02120758704600558,0.0063976377952755905,0.012300688730265744,0.21621621621621623,0.0,0.0,0.3817445534863834,0.171875,13
Food-price.csv,541,0.322021484375,0.296875,0.060333367725313336,0.00984251968503937,0.029202297280964604,0.26666666666666666,0.031746031746031744,0.03125,0.48006046267396246,0.125,18
Food-price.csv,542,0.3209228515625,0.296875,0.06145061239677684,0.010826771653543307,0.029117165260480363,0.22857142857142856,0.015873015873015872,0.05859375,0.5156202949246126,0.1796875,12
Food-price.csv,543,0.3050537109375,0.3125,0.05059177556464717,0.02878937007874016,0.060034579726929264,0.1111111111111111,0.03968253968253968,0.0296875,0.4276209891498814,0.328125,5
Food-price.csv,544,0.290771484375,0.28125,0.02237452594958172,0.007504921259842519,0.01268477993974605,0.18604651162790697,0.047619047619047616,0.016927083333333332,0.39072391387509847,0.2265625,24
Food-price.csv,545,0.32958984375,0.3125,0.0676705670790759,0.0203001968503937,0.04587243808376281,0.15384615384615385,0.031746031746031744,0.04296875,0.5124566235696733,0.2265625,11
Food-price.csv,546,0.3099365234375,0.3125,0.029020660390747067,0.018700787401574805,0.02401794132071921,0.11940298507462686,0.007936507936507936,0.03125,0.43154282498160007,0.3046875,11
Food-price.csv,547,0.3145751953125,0.3125,0.02504048645445842,0.017101377952755906,0.02088348660700663,0.11764705882352941,0.047619047619047616,0.02734375,0.4078638977535692,0.3359375,9
Food-price.csv,548,0.3104248046875,0.3046875,0.02511654154420032,0.008243110236220472,0.014650566581303344,0.1951219512195122,0.015873015873015872,0.015625,0.40479194318938067,0.203125,11
Food-price.csv,549,0.3212890625,0.328125,0.05239874384881372,0.0296505905511811,0.06654696172485057,0.10810810810810811,0.07142857142857142,0.05642361111111111,0.4083451733242776,0.3828125,6
Food-price.csv,550,0.3309326171875,0.328125,0.01847057350309248,0.011687992125984252,0.015925808194177566,0.12903225806451613,0.06349206349206349,0.0205078125,0.3605875916332999,0.390625,8
Food-price.csv,551,0.3526611328125,0.34375,0.03177558467336083,0.0072588582677165355,0.018989942304699553,0.23529411764705882,0.015873015873015872,0.06640625,0.4855138120491909,0.09375,14
Food-price.csv,552,0.2637939453125,0.265625,0.05598424545984296,0.010580708661417323,0.027652269593489577,0.16666666666666666,0.023809523809523808,0.0625,0.6119535681736687,0.1953125,12
Food-price.csv,553,0.3563232421875,0.359375,0.02692612110733103,0.006643700787401575,0.011520373927873638,0.2,0.03968253968253968,0.0171875,0.4362297971002269,0.234375,14
Food-price.csv,554,0.3521728515625,0.34375,0.02243139563274327,0.007627952755905512,0.013279424916906321,0.1702127659574468,0.05555555555555555,0.021205357142857144,0.3845278705050255,0.2578125,16
Food-price.csv,555,0.360107421875,0.359375,0.022765376920271307,0.006643700787401575,0.012935285992421941,0.21052631578947367,0.06349206349206349,0.021484375,0.41108193125205794,0.2265625,14
Food-price.csv,556,0.357421875,0.359375,0.0235996991671769,0.006520669291338582,0.012157105636846082,0.20512820512820512,0.047619047619047616,0.018229166666666668,0.4141764195564818,0.2265625,17
Food-price.csv,557,0.35302734375,0.359375,0.023635031856017476,0.006643700787401575,0.014210004643681997,0.21052631578947367,0.047619047619047616,0.024739583333333332,0.40385922070110364,0.234375,15
Food-price.csv,558,0.3634033203125,0.359375,0.023538688932709006,0.00406003937007874,0.008594610825085128,0.2857142857142857,0.03968253968253968,0.0171875,0.40962915020528784,0.15625,15
Food-price.csv,559,0.359619140625,0.359375,0.019431814754471585,0.006028543307086614,0.012714577443665172,0.23529411764705882,0.031746031746031744,0.021484375,0.3490052965742223,0.2421875,19
Food-price.csv,560,0.3511962890625,0.34375,0.025009523008481298,0.007750984251968504,0.013135016763210867,0.18181818181818182,0.07142857142857142,0.016493055555555556,0.40603107546644956,0.234375,12
Food-price.csv,561,0.3673095703125,0.375,0.023920486798611692,0.0044291338582677165,0.01035659227644438,0.27586206896551724,0.023809523809523808,0.015625,0.3826146927178266,0.1875,18
Food-price.csv,562,0.3565673828125,0.359375,0.0206175998937047,0.0052903543307086616,0.010416343744348782,0.24242424242424243,0.023809523809523808,0.018229166666666668,0.38447605083672615,0.1875,19
Food-price.csv,563,0.358154296875,0.359375,0.02340568926843675,0.007874015748031496,0.014916776147861872,0.18604651162790697,0.05555555555555555,0.017857142857142856,0.3995425436873113,0.25,14
Food-price.csv,564,0.357421875,0.359375,0.0235996991671769,0.007504921259842519,0.01222167907301933,0.17391304347826086,0.07936507936507936,0.01953125,0.4241749616251607,0.296875,18
Food-price.csv,565,0.3626708984375,0.359375,0.023080975149270613,0.0062746062992125986,0.012594964460698568,0.21052631578947367,0.05555555555555555,0.021205357142857144,0.38923629521242314,0.203125,17
Food-price.csv,566,0.352294921875,0.34375,0.024461623594932258,0.008366141732283465,0.013974774985708075,0.16,0.06349206349206349,0.0166015625,0.39884149187815954,0.28125,14
Food-price.csv,567,0.36279296875,0.359375,0.021918335632288517,0.004306102362204725,0.010500289514444809,0.32,0.007936507936507936,0.03125,0.38647750216238813,0.1484375,26
Food-price.csv,568,0.3572998046875,0.359375,0.021781599373115728,0.0063976377952755905,0.011153197006917193,0.19047619047619047,0.047619047619047616,0.016927083333333332,0.39235503737157384,0.2578125,16
Food-price.csv,569,0.3621826171875,0.359375,0.02230615774676955,0.007012795275590551,0.01577300247100132,0.24242424242424243,0.015873015873015872,0.06640625,0.3793478978403546,0.1953125,15
Food-price.csv,570,0.3480224609375,0.34375,0.02452823644703384,0.007627952755905512,0.013984519919668136,0.17777777777777778,0.06349206349206349,0.0205078125,0.4112858709195868,0.25,11
Food-price.csv,571,0.3699951171875,0.375,0.020571292539460898,0.004306102362204725,0.008474003620926455,0.25806451612903225,0.031746031746031744,0.021484375,0.3940063792521169,0.171875,29
Food-price.csv,572,0.3536376953125,0.34375,0.02156157063126091,0.007012795275590551,0.011717094931898738,0.18604651162790697,0.07936507936507936,0.02109375,0.39379394365229703,0.2734375,18
Food-price.csv,573,0.3013916015625,0.3125,0.04492834293407876,0.006151574803149607,0.020486129537457938,0.24242424242424243,0.007936507936507936,0.015625,0.4229388151213598,0.1875,30
Food-price.csv,574,0.298095703125,0.3125,0.01807135436884478,0.008366141732283465,0.01297617802503467,0.16326530612244897,0.03968253968253968,0.0234375,0.30790024273042554,0.25,19
Food-price.csv,575,0.3095703125,0.3125,0.03775901353355704,0.006028543307086614,0.012408505593624972,0.21621621621621623,0.023809523809523808,0.028645833333333332,0.3989070118866263,0.2109375,25
Food-price.csv,576,0.3428955078125,0.375,0.056448643991961305,0.008858267716535433,0.023821134469056992,0.22857142857142856,0.007936507936507936,0.015625,0.42151091465957796,0.1796875,19
Food-price.csv,577,0.307861328125,0.296875,0.04204254679267431,0.011441929133858268,0.02079268682996861,0.13793103448275862,0.03968253968253968,0.025,0.38495926964198035,0.375,14
Food-price.csv,578,0.296630859375,0.296875,0.016912796642693354,0.00861220472440945,0.012510554939848588,0.14285714285714285,0.05555555555555555,0.021205357142857144,0.31275559217620635,0.3203125,15
Food-price.csv,579,0.2958984375,0.296875,0.017221867273973044,0.007750984251968504,0.011070100274805107,0.16326530612244897,0.03968253968253968,0.021875,0.3028085154042923,0.3125,18
Food-price.csv,580,0.3026123046875,0.3125,0.016208712873289108,0.00812007874015748,0.012532314545518545,0.1702127659574468,0.03968253968253968,0.021875,0.2690819692683139,0.2734375,12
Food-price.csv,581,0.3013916015625,0.3125,0.022282095723199155,0.006151574803149607,0.01257933123387917,0.22857142857142856,0.023809523809523808,0.0234375,0.37219030757269556,0.1640625,20
Food-price.csv,582,0.3072509765625,0.3125,0.02133089208294248,0.0062746062992125986,0.010237521684406843,0.19047619047619047,0.047619047619047616,0.020833333333333332,0.4021525834376349,0.265625,19
Food-price.csv,583,0.29248046875,0.296875,0.029096810381717932,0.005659448818897638,0.013250897655350667,0.25806451612903225,0.015873015873015872,0.02734375,0.4579050255086445,0.15625,20
Food-price.csv,584,0.2843017578125,0.28125,0.023765494161292075,0.006028543307086614,0.011441267655081381,0.2,0.07142857142857142,0.019097222222222224,0.42571882808393857,0.234375,24
Food-price.csv,585,0.3104248046875,0.3125,0.03187671694151808,0.008858267716535433,0.03342519177842351,0.2222222222222222,0.031746031746031744,0.015625,0.3232991275454847,0.234375,10
Food-price.csv,586,0.28857421875,0.296875,0.021210748661106907,0.006028543307086614,0.010384324727366733,0.1951219512195122,0.047619047619047616,0.0234375,0.37428090238694267,0.21875,16
Food-price.csv,587,0.3096923828125,0.3125,0.02222048550680525,0.007627952755905512,0.013279424916906321,0.19047619047619047,0.047619047619047616,0.026041666666666668,0.3833404423920212,0.3046875,12
Food-price.csv,588,0.309326171875,0.3125,0.019760314469248308,0.009965551181102362,0.012957500537088176,0.13333333333333333,0.05555555555555555,0.022321428571428572,0.3729973962479605,0.3203125,13
Food-price.csv,589,0.305908203125,0.3125,0.021449667900022142,0.011195866141732283,0.01579601756466933,0.13333333333333333,0.047619047619047616,0.020833333333333332,0.3998488117455982,0.28125,9
Food-price.csv,590,0.29541015625,0.296875,0.0276515529975933,0.004675196850393701,0.011652323319440527,0.27586206896551724,0.031746031746031744,0.015625,0.44853550435725165,0.1640625,23
Food-price.csv,591,0.2933349609375,0.296875,0.021325302775694336,0.005659448818897638,0.010314120036975722,0.21621621621621623,0.031746031746031744,0.017578125,0.3980049869854511,0.234375,19
Food-price.csv,592,0.29736328125,0.296875,0.026775448966514053,0.004552165354330708,0.015576972968027953,0.3333333333333333,0.031746031746031744,0.03515625,0.382868065931869,0.125,15
Food-price.csv,593,0.2999267578125,0.296875,0.024940312181582304,0.01033464566929134,0.014961358379488464,0.14285714285714285,0.11904761904761904,0.025520833333333333,0.42226099161829356,0.359375,9
Food-price.csv,594,0.313720703125,0.3125,0.04754603413951831,0.00578248031496063,0.016026239653478134,0.25806451612903225,0.023809523809523808,0.026041666666666668,0.5039672723280453,0.1640625,14
Food-price.csv,595,0.294677734375,0.296875,0.030554664964894368,0.004798228346456693,0.011519059941678561,0.27586206896551724,0.0,0.0,0.45202848007563906,0.15625,28
Food-price.csv,596,0.297119140625,0.28125,0.04082845944232221,0.005659448818897638,0.014890369360637104,0.24242424242424243,0.047619047619047616,0.018229166666666668,0.45868567902975393,0.203125,21
Food-price.csv,597,0.3055419921875,0.3125,0.019017520430799503,0.0073818897637795275,0.010886723329541804,0.16666666666666666,0.10317460317460317,0.019831730769230768,0.3792798362441496,0.2890625,14
Food-price.csv,598,0.3055419921875,0.3125,0.022166772213543552,0.010457677165354331,0.015068219382278413,0.14545454545454545,0.015873015873015872,0.0234375,0.40175482575164495,0.265625,9
Food-price.csv,599,0.322998046875,0.328125,0.01769809052679632,0.01328740157480315,0.012869588486626731,0.10526315789473684,0.11904761904761904,0.022916666666666665,0.3407616569352589,0.421875,6
Food-price.csv,600,0.3079833984375,0.296875,0.043679855518294244,0.0031988188976377952,0.014185483478485455,0.5333333333333333,0.0,0.0,0.4515161123782581,0.0859375,36
Food-price.csv,601,0.314208984375,0.28125,0.05928094340774492,0.007750984251968504,0.022771797207225337,0.2222222222222222,0.05555555555555555,0.015625,0.49370322853287857,0.21875,24
Food-price.csv,602,0.30078125,0.296875,0.02286074201312427,0.006889763779527559,0.010677546237080275,0.17777777777777778,0.07936507936507936,0.01953125,0.41068013440465695,0.265625,12
Food-price.csv,603,0.2991943359375,0.3125,0.02699907228854046,0.0054133858267716535,0.012764480658802086,0.22857142857142856,0.03968253968253968,0.015625,0.4270608832837723,0.2109375,17
Food-price.csv,604,0.3035888671875,0.3046875,0.020548099727898766,0.006151574803149607,0.011290779436154993,0.21621621621621623,0.06349206349206349,0.0263671875,0.3886570369114168,0.2109375,23
Food-price.csv,605,0.29248046875,0.296875,0.030253742333319667,0.004675196850393701,0.010247866349881304,0.25806451612903225,0.031746031746031744,0.015625,0.4321008459316598,0.2109375,24
Food-price.csv,606,0.2833251953125,0.28125,0.02247121824414323,0.003937007874015748,0.009599610828312573,0.2962962962962963,0.015873015873015872,0.015625,0.40085438260432776,0.171875,35
Food-price.csv,607,0.3101806640625,0.3125,0.01658315198725678,0.005905511811023622,0.009389165368277039,0.19047619047619047,0.047619047619047616,0.018229166666666668,0.3452026481962991,0.2421875,13
Food-price.csv,608,0.28857421875,0.296875,0.02084795121114179,0.006028543307086614,0.012094690676618614,0.21621621621621623,0.007936507936507936,0.0234375,0.39300169402538065,0.203125,24
Food-price.csv,609,0.3095703125,0.3125,0.01787402853293274,0.006028543307086614,0.01000723396046397,0.1951219512195122,0.047619047619047616,0.020833333333333332,0.3625950507236826,0.2578125,18
Food-price.csv,610,0.29736328125,0.296875,0.022005184256335446,0.007504921259842519,0.01398235496572378,0.19047619047619047,0.031746031746031744,0.02734375,0.41788780715839485,0.203125,17
Food-price.csv,611,0.3017578125,0.3046875,0.019506820659607595,0.0063976377952755905,0.010255249007959991,0.19047619047619047,0.047619047619047616,0.01953125,0.3863810961031427,0.234375,13
Food-price.csv,612,0.2947998046875,0.3125,0.027715875607745834,0.005905511811023622,0.013288540706493261,0.22857142857142856,0.03968253968253968,0.025,0.43131183475440754,0.21875,24
Food-price.csv,613,0.2994384765625,0.296875,0.022249972547021282,0.0072588582677165355,0.010703033056560816,0.16326530612244897,0.05555555555555555,0.021205357142857144,0.41360301868872623,0.296875,11
Food-price.csv,614,0.3011474609375,0.3125,0.020643602131964495,0.004675196850393701,0.010795969964803304,0.27586206896551724,0.015873015873015872,0.03515625,0.38060947004543966,0.15625,19
Food-price.csv,615,0.3070068359375,0.3125,0.019491154522940552,0.005044291338582677,0.009780810489346353,0.23529411764705882,0.047619047619047616,0.020833333333333332,0.37178270799420404,0.1875,24
Food-price.csv,616,0.3018798828125,0.296875,0.020291229261609672,0.006151574803149607,0.011290779436154978,0.20512820512820512,0.05555555555555555,0.024553571428571428,0.39988179405042223,0.2265625,17
Food-price.csv,617,0.2974853515625,0.296875,0.01846734621551216,0.004921259842519685,0.010319988669050574,0.24242424242424243,0.031746031746031744,0.021484375,0.3710058738653157,0.203125,16
Food-price.csv,618,0.308837890625,0.3125,0.02005968486488913,0.006889763779527559,0.012190676843912469,0.19047619047619047,0.05555555555555555,0.026785714285714284,0.3871594721530948,0.2734375,20
Food-price.csv,619,0.2813720703125,0.28125,0.016514719293133435,0.0036909448818897637,0.00842383994518882,0.2962962962962963,0.007936507936507936,0.015625,0.3495088701776418,0.140625,26
Food-price.csv,620,0.3115234375,0.3125,0.01583718236350279,0.0054133858267716535,0.009877827909285961,0.22857142857142856,0.047619047619047616,0.01953125,0.32990044136029306,0.203125,25
Food-price.csv,621,0.302978515625,0.3125,0.02700928076432258,0.00812007874015748,0.012684779939746064,0.1702127659574468,0.015873015873015872,0.015625,0.44356928758562325,0.265625,13
Food-price.csv,622,0.2872314453125,0.28125,0.017806791093397042,0.003813976377952756,0.009345535932496535,0.32,0.031746031746031744,0.017578125,0.36975313286257955,0.1328125,20
Food-price.csv,623,0.3062744140625,0.3125,0.023465140256854734,0.006766732283464567,0.010666199213431711,0.18181818181818182,0.05555555555555555,0.022321428571428572,0.42615818858702187,0.2734375,20
Food-price.csv,624,0.2847900390625,0.296875,0.05313845632334611,0.008858267716535433,0.030665708369999205,0.22857142857142856,0.031746031746031744,0.05078125,0.4193275167549231,0.1875,17
Food-price.csv,625,0.3095703125,0.3125,0.0180861906029806,0.006520669291338582,0.010271472177530409,0.17777777777777778,0.06349206349206349,0.021484375,0.37190656482653567,0.28125,12
Food-price.csv,626,0.3126220703125,0.3125,0.021260920130967254,0.009104330708661417,0.013647071480179187,0.15384615384615385,0.06349206349206349,0.0263671875,0.37195583994226333,0.2890625,17
Food-price.csv,627,0.309326171875,0.3125,0.018565927413842918,0.008858267716535433,0.013239469539679747,0.16,0.05555555555555555,0.026785714285714284,0.37066550407018534,0.265625,10
Food-price.csv,628,0.30517578125,0.3125,0.019816038952834986,0.006520669291338582,0.010818379890246357,0.19047619047619047,0.06349206349206349,0.0185546875,0.37370135199396826,0.28125,29
Food-price.csv,629,0.298828125,0.296875,0.020762003540497363,0.0054133858267716535,0.010259676052849125,0.21052631578947367,0.03968253968253968,0.015625,0.3640905564059134,0.2265625,18
Food-price.csv,630,0.29931640625,0.3125,0.028998315959572737,0.006766732283464567,0.012492392982622067,0.20512820512820512,0.031746031746031744,0.021484375,0.4419029352498354,0.234375,20
Food-price.csv,631,0.293701171875,0.296875,0.022214113848980314,0.0052903543307086616,0.011636724486049061,0.23529411764705882,0.015873015873015872,0.015625,0.4104473052321915,0.2109375,17
Food-price.csv,632,0.306884765625,0.3125,0.02198757089296572,0.0072588582677165355,0.012369408196414194,0.18181818181818182,0.047619047619047616,0.018229166666666668,0.3831763126429761,0.265625,13
Food-price.csv,633,0.29541015625,0.296875,0.03047360112623032,0.007997047244094488,0.013565861366964117,0.19047619047619047,0.015873015873015872,0.01953125,0.46495559533078473,0.203125,25
Food-price.csv,634,0.2838134765625,0.28125,0.02374291113415646,0.00516732283464567,0.010385782278742742,0.22857142857142856,0.03968253968253968,0.015625,0.41581364642932545,0.21875,21
Food-price.csv,635,0.31103515625,0.3125,0.017297841390545264,0.005659448818897638,0.01085888000177963,0.22857142857142856,0.047619047619047616,0.01953125,0.34719313829116333,0.234375,17
Food-price.csv,636,0.2860107421875,0.28125,0.02108638776232715,0.005659448818897638,0.01234981308201733,0.23529411764705882,0.023809523809523808,0.020833333333333332,0.40536953046600765,0.1796875,19
Food-price.csv,637,0.31201171875,0.3125,0.016680362160682347,0.005536417322834645,0.010654840105615614,0.23529411764705882,0.031746031746031744,0.03125,0.3394805004988705,0.2265625,14
Food-price.csv,638,0.2935791015625,0.296875,0.02274802463465229,0.007627952755905512,0.01425679718195964,0.18604651162790697,0.031746031746031744,0.025390625,0.4172425313752423,0.2109375,17
Food-price.csv,639,0.30126953125,0.3125,0.019816038952834986,0.0054133858267716535,0.010445366770074375,0.22857142857142856,0.007936507936507936,0.0234375,0.3682894119298568,0.21875,17
Food-price.csv,640,0.3065185546875,0.3125,0.020495819944948757,0.0063976377952755905,0.011822552198361432,0.2,0.05555555555555555,0.021205357142857144,0.3820706421398495,0.21875,19
Food-price.csv,641,0.3101806640625,0.3125,0.021134386832496077,0.012672244094488189,0.015405980159939499,0.11764705882352941,0.05555555555555555,0.027901785714285716,0.3919007771220279,0.328125,9
Food-price.csv,642,0.31298828125,0.3125,0.04835463788768378,0.005044291338582677,0.016155117661693235,0.3076923076923077,0.015873015873015872,0.015625,0.5160650498149097,0.125,37
Food-price.csv,643,0.3038330078125,0.296875,0.05020741713810447,0.0062746062992125986,0.017998797254286325,0.25,0.03968253968253968,0.015625,0.4977694221843833,0.1875,13
Food-price.csv,644,0.3114013671875,0.296875,0.0431982328049046,0.009965551181102362,0.018148709561600185,0.1509433962264151,0.07142857142857142,0.022569444444444444,0.4909373666201858,0.3203125,9
Food-price.csv,645,0.310302734375,0.3125,0.016884579235524153,0.0052903543307086616,0.010040455592078326,0.2222222222222222,0.031746031746031744,0.015625,0.3176998386614534,0.25,15
Food-price.csv,646,0.2896728515625,0.28125,0.01644600184937144,0.003937007874015748,0.008077090335713502,0.27586206896551724,0.023809523809523808,0.015625,0.3491057468484116,0.1484375,20
Food-price.csv,647,0.31005859375,0.3125,0.020710263730906734,0.006520669291338582,0.011507227314064875,0.1951219512195122,0.06349206349206349,0.025390625,0.37979003244129667,0.2578125,22
Food-price.csv,648,0.2890625,0.28125,0.018321936561810272,0.0062746062992125986,0.011136899097080075,0.1951219512195122,0.03968253968253968,0.0171875,0.3688000899420636,0.2265625,19
Food-price.csv,649,0.311767578125,0.3125,0.018411181788186397,0.0062746062992125986,0.012285913122854254,0.20512820512820512,0.047619047619047616,0.026041666666666668,0.33193406288248367,0.2421875,13
Food-price.csv,650,0.2906494140625,0.296875,0.03390457606248734,0.007504921259842519,0.012684779939746054,0.18181818181818182,0.031746031746031744,0.025390625,0.4864782479304545,0.1796875,13
Food-price.csv,651,0.2926025390625,0.296875,0.019008115515937504,0.0052903543307086616,0.00964993678697223,0.21621621621621623,0.015873015873015872,0.015625,0.37575707618449244,0.2109375,15
Food-price.csv,652,0.3076171875,0.3125,0.02333555301825883,0.006028543307086614,0.011772513497938663,0.2,0.031746031746031744,0.021484375,0.38574522744092715,0.234375,24
Food-price.csv,653,0.2989501953125,0.296875,0.03523055806599635,0.011811023622047244,0.031294047170704484,0.2,0.023809523809523808,0.0234375,0.4459446507436393,0.21875,9
Food-price.csv,654,0.3056640625,0.3125,0.021639179498203456,0.004552165354330708,0.01001932729896768,0.2857142857142857,0.023809523809523808,0.018229166666666668,0.3676603168366975,0.171875,21
Food-price.csv,655,0.294677734375,0.296875,0.01776531998264296,0.006520669291338582,0.009693757678933169,0.16666666666666666,0.05555555555555555,0.016741071428571428,0.3623661528082431,0.2734375,17
Food-price.csv,656,0.3028564453125,0.3125,0.03143991933504099,0.006766732283464567,0.012645339721977957,0.18604651162790697,0.047619047619047616,0.018229166666666668,0.39476685563056835,0.28125,19
Food-price.csv,657,0.284423828125,0.28125,0.021604721086745923,0.00516732283464567,0.013014615690558942,0.27586206896551724,0.015873015873015872,0.01953125,0.3945957179856356,0.140625,28
Food-price.csv,658,0.3092041015625,0.3125,0.013482554112769121,0.005044291338582677,0.008520319730896054,0.21621621621621623,0.05555555555555555,0.017857142857142856,0.3025167940467103,0.2109375,17
Food-price.csv,659,0.2908935546875,0.296875,0.01801974482547226,0.0054133858267716535,0.011662710950939025,0.25806451612903225,0.03968253968253968,0.0296875,0.36778736626817515,0.1640625,16
Food-price.csv,660,0.3028564453125,0.3125,0.020495819944948757,0.00578248031496063,0.010523329124184595,0.21621621621621623,0.047619047619047616,0.024739583333333332,0.3854326413334043,0.2421875,25
Food-price.csv,661,0.29345703125,0.296875,0.017787114843834946,0.007012795275590551,0.01235593989346829,0.1951219512195122,0.07142857142857142,0.022569444444444444,0.35898796080046186,0.25,17
Food-price.csv,662,0.2979736328125,0.3125,0.025554130527137602,0.00516732283464567,0.011273337784404822,0.23529411764705882,0.023809523809523808,0.018229166666666668,0.4014849483436607,0.1953125,20
Food-price.csv,663,0.30615234375,0.3125,0.01773341777083484,0.006889763779527559,0.01120465065947585,0.17391304347826086,0.0873015873015873,0.018465909090909092,0.3405561736035502,0.265625,16
Food-price.csv,664,0.305908203125,0.3125,0.021714795527891007,0.013410433070866142,0.015404997604362109,0.10810810810810811,0.05555555555555555,0.03125,0.407425401107254,0.3828125,8
Food-price.csv,665,0.2928466796875,0.296875,0.022204385161963783,0.008366141732283465,0.012213006381622425,0.1568627450980392,0.07142857142857142,0.0234375,0.40661980414434656,0.265625,19
Food-price.csv,666,0.302734375,0.3125,0.024079742199097563,0.003567913385826772,0.009643660404658177,0.34782608695652173,0.007936507936507936,0.015625,0.39336727308568636,0.1484375,17
Food-price.csv,667,0.298828125,0.296875,0.021484375,0.0062746062992125986,0.010237521684406852,0.1951219512195122,0.03968253968253968,0.0234375,0.4022174273757904,0.2265625,20
Food-price.csv,668,0.3001708984375,0.3125,0.024909224214146503,0.003813976377952756,0.010134987857588082,0.2962962962962963,0.015873015873015872,0.03515625,0.4132003407038179,0.1484375,21
Food-price.csv,669,0.303955078125,0.296875,0.02047144981225735,0.006520669291338582,0.010082579354600331,0.18181818181818182,0.06349206349206349,0.0224609375,0.3949014642320432,0.25,13
Food-price.csv,670,0.2913818359375,0.296875,0.029465002199849672,0.004798228346456693,0.010469973086315587,0.25806451612903225,0.031746031746031744,0.017578125,0.45439002679716184,0.1796875,29
Food-price.csv,671,0.281494140625,0.28125,0.022523213174042232,0.006151574803149607,0.011626313636739596,0.20512820512820512,0.03968253968253968,0.0171875,0.4233792876853209,0.2265625,23
Food-price.csv,672,0.310302734375,0.3125,0.01665711924161688,0.0062746062992125986,0.010962927859225119,0.1951219512195122,0.05555555555555555,0.018973214285714284,0.334950731162118,0.2265625,13
Food-price.csv,673,0.2890625,0.2890625,0.0166875073150733,0.00578248031496063,0.011732586910809193,0.2222222222222222,0.023809523809523808,0.026041666666666668,0.35437799349639687,0.21875,25
Food-price.csv,674,0.30615234375,0.3125,0.024193338167651356,0.007750984251968504,0.014656764381727774,0.19047619047619047,0.031746031746031744,0.02734375,0.42231731408452466,0.296875,18
Food-price.csv,675,0.2991943359375,0.296875,0.01864082020403967,0.006889763779527559,0.009735826743792475,0.16326530612244897,0.07936507936507936,0.01796875,0.37302512578802016,0.2578125,18
Food-price.csv,676,0.3079833984375,0.3125,0.020028089229309546,0.0062746062992125986,0.012594964460698552,0.21052631578947367,0.06349206349206349,0.0244140625,0.3550849424507912,0.2421875,16
Food-price.csv,677,0.317138671875,0.3125,0.048998117177172826,0.00812007874015748,0.019494960745843778,0.17777777777777778,0.07142857142857142,0.018229166666666668,0.5507670047427812,0.2265625,14
Food-price.csv,678,0.3109130859375,0.296875,0.04682776932681534,0.004921259842519685,0.017284064300035387,0.34782608695652173,0.015873015873015872,0.015625,0.49089842632168357,0.109375,26
Food-price.csv,679,0.29150390625,0.296875,0.022897215015026083,0.006520669291338582,0.010082579354600335,0.17777777777777778,0.07936507936507936,0.01796875,0.398490219365158,0.25,27
Food-price.csv,680,0.3040771484375,0.3125,0.026630080029478014,0.005905511811023622,0.012234057967181163,0.21052631578947367,0.015873015873015872,0.01953125,0.40018331535972723,0.234375,15
Food-price.csv,681,0.2962646484375,0.296875,0.013160402598556447,0.0052903543307086616,0.009032556517213412,0.21052631578947367,0.06349206349206349,0.0185546875,0.2923926311527844,0.2421875,29
Food-price.csv,682,0.3033447265625,0.3125,0.02535509411116767,0.004798228346456693,0.011350947435699591,0.26666666666666666,0.007936507936507936,0.0234375,0.4192616311411643,0.1796875,17
Food-price.csv,683,0.306884765625,0.3125,0.019892592507358572,0.0054133858267716535,0.009877827909285958,0.2222222222222222,0.06349206349206349,0.0205078125,0.3862073414050146,0.2421875,19
Food-price.csv,684,0.30712890625,0.3125,0.02387590464530791,0.009350393700787402,0.015346915481803825,0.16326530612244897,0.031746031746031744,0.029296875,0.42286921070240996,0.25,18
Food-price.csv,685,0.296142578125,0.296875,0.030374665372284705,0.009227362204724409,0.01405146804652486,0.16,0.007936507936507936,0.0234375,0.4664001031149468,0.2109375,22
Food-price.csv,686,0.3011474609375,0.296875,0.01969800335888384,0.007012795275590551,0.010865847522549023,0.1702127659574468,0.0873015873015873,0.019176136363636364,0.37241841641399304,0.3125,14
Food-price.csv,687,0.2972412109375,0.296875,0.020434657817913,0.004552165354330708,0.010395979416475194,0.26666666666666666,0.007936507936507936,0.015625,0.364911088546732,0.1796875,15
Food-price.csv,688,0.30419921875,0.3125,0.021743597732629218,0.0062746062992125986,0.010786150981448658,0.20512820512820512,0.06349206349206349,0.021484375,0.40899168169851957,0.2421875,12
Food-price.csv,689,0.2947998046875,0.296875,0.018360527489383726,0.004798228346456693,0.010096081810496371,0.25806451612903225,0.007936507936507936,0.015625,0.3592937942415168,0.1640625,35
Food-price.csv,690,0.3057861328125,0.3125,0.02109769148559679,0.005659448818897638,0.008914478805480701,0.19047619047619047,0.03968253968253968,0.01875,0.37321840312008076,0.2734375,22
Food-price.csv,691,0.2889404296875,0.296875,0.025465341819717564,0.003567913385826772,0.009442216463754859,0.36363636363636365,0.007936507936507936,0.015625,0.4345530814986622,0.1171875,30
Food-price.csv,692,0.286865234375,0.28125,0.02683215429744588,0.007504921259842519,0.011408144814299834,0.1568627450980392,0.07142857142857142,0.019097222222222224,0.4496510201206992,0.3125,13
Food-price.csv,693,0.3037109375,0.3125,0.026475472093214762,0.004798228346456693,0.012325275380283648,0.3076923076923077,0.007936507936507936,0.0234375,0.3972393278805065,0.140625,25
Food-price.csv,694,0.292724609375,0.296875,0.019085177081243236,0.007997047244094488,0.012837792776324396,0.17777777777777778,0.0873015873015873,0.0234375,0.38300160710502856,0.25,14
Food-price.csv,695,0.3084716796875,0.3125,0.026221828329994694,0.0054133858267716535,0.012147140794485714,0.25,0.023809523809523808,0.03125,0.41421090704559393,0.1796875,22
Food-price.csv,696,0.3148193359375,0.328125,0.021224443551038235,0.011687992125984252,0.013001815761439864,0.11267605633802817,0.07936507936507936,0.01953125,0.36127393041692263,0.3515625,13
Food-price.csv,697,0.28369140625,0.28125,0.022391834937105667,0.006028543307086614,0.010748193734173997,0.2,0.05555555555555555,0.018973214285714284,0.4145629062497586,0.2421875,18
Food-price.csv,698,0.3114013671875,0.3125,0.013973185575343435,0.004921259842519685,0.00934229601701261,0.24242424242424243,0.03968253968253968,0.0203125,0.30360245600312713,0.1953125,22
Food-price.csv,699,0.287109375,0.2890625,0.027063293868263706,0.005905511811023622,0.01517931466291175,0.27586206896551724,0.031746031746031744,0.029296875,0.40991658031309863,0.15625,19
Food-price.csv,700,0.312744140625,0.3125,0.014216868517129558,0.005659448818897638,0.008914478805480698,0.1951219512195122,0.03968253968253968,0.0203125,0.29894926378920844,0.2265625,21
Food-price.csv,701,0.3082275390625,0.3125,0.02476042154323052,0.01033464566929134,0.0136159796577332,0.13559322033898305,0.031746031746031744,0.01953125,0.4080316960518617,0.265625,12
Food-price.csv,702,0.296630859375,0.296875,0.022691948488717306,0.008489173228346457,0.012670452246988671,0.16326530612244897,0.06349206349206349,0.0185546875,0.4092859088136988,0.3046875,12
Food-price.csv,703,0.3017578125,0.3125,0.02317150491739194,0.005659448818897638,0.011034491793690282,0.21621621621621623,0.031746031746031744,0.01953125,0.410586208747572,0.234375,18
Food-price.csv,704,0.3074951171875,0.3125,0.022938502630205717,0.005536417322834645,0.009306582504467233,0.21052631578947367,0.031746031746031744,0.021484375,0.40623386317520854,0.2265625,33
Food-price.csv,705,0.2899169921875,0.28125,0.018301999958378907,0.005905511811023622,0.0115884959048392,0.21052631578947367,0.031746031746031744,0.017578125,0.37491114388582053,0.2109375,19
Food-price.csv,706,0.3111572265625,0.3125,0.019436031936206317,0.00516732283464567,0.010749601948229713,0.24242424242424243,0.023809523809523808,0.028645833333333332,0.3622985865564306,0.203125,25
Food-price.csv,707,0.308837890625,0.3125,0.02015454425543498,0.009473425196850394,0.013029726668182808,0.14285714285714285,0.05555555555555555,0.022321428571428572,0.3930758966103314,0.2734375,13
Food-price.csv,708,0.2947998046875,0.296875,0.01650027624534785,0.006889763779527559,0.01154268880741527,0.18604651162790697,0.0873015873015873,0.020596590909090908,0.34668585521378653,0.265625,15
Food-price.csv,709,0.3126220703125,0.3125,0.020623381002056712,0.0054133858267716535,0.01132825486212314,0.25,0.03968253968253968,0.025,0.3688212027097129,0.21875,23
Food-price.csv,710,0.3033447265625,0.296875,0.017956787771582907,0.008243110236220472,0.01356028123371543,0.18181818181818182,0.05555555555555555,0.025669642857142856,0.33996271850629073,0.2734375,13
Food-price.csv,711,0.3138427734375,0.3125,0.0180098188693413,0.0052903543307086616,0.008596371835415069,0.20512820512820512,0.031746031746031744,0.015625,0.36419759331220236,0.25,17
Food-price.csv,712,0.2867431640625,0.28125,0.018069292817329514,0.004183070866141733,0.00989160986330797,0.3076923076923077,0.0,0.0,0.35655471371750025,0.1484375,19
Food-price.csv,713,0.3094482421875,0.3125,0.022948894092617137,0.006520669291338582,0.011673089338711036,0.1951219512195122,0.047619047619047616,0.020833333333333332,0.3936974693690169,0.25,16
Food-price.csv,714,0.2808837890625,0.296875,0.05165507358289157,0.010457677165354331,0.0171000502231992,0.14035087719298245,0.023809523809523808,0.018229166666666668,0.48103288637197045,0.28125,14
Food-price.csv,715,0.3271484375,0.34375,0.04943953147987164,0.008489173228346457,0.014901547173858049,0.1568627450980392,0.0873015873015873,0.01775568181818182,0.40389273534624803,0.3046875,12
Food-price.csv,716,0.3505859375,0.34375,0.018809922152595922,0.009965551181102362,0.013105020199168288,0.13559322033898305,0.07142857142857142,0.024305555555555556,0.3763189827599552,0.3359375,17
Food-price.csv,717,0.3553466796875,0.359375,0.0181384326224446,0.01107283464566929,0.013458318573104802,0.125,0.07142857142857142,0.025173611111111112,0.36658308691730107,0.34375,13
Food-price.csv,718,0.349609375,0.34375,0.020203282095290237,0.009350393700787402,0.012594964460698561,0.14035087719298245,0.047619047619047616,0.01953125,0.38635746585144054,0.3125,20
Food-price.csv,719,0.351806640625,0.34375,0.017899021360614234,0.009104330708661417,0.01150722731406489,0.13333333333333333,0.07142857142857142,0.017361111111111112,0.3640761843622678,0.3359375,14
Food-price.csv,720,0.353515625,0.359375,0.018835255392564365,0.010703740157480315,0.013961771160014326,0.12903225806451613,0.07142857142857142,0.024305555555555556,0.3742506173908898,0.3671875,11
Food-price.csv,721,0.35693359375,0.359375,0.017187222565232464,0.010457677165354331,0.01345044327629572,0.13333333333333333,0.0873015873015873,0.022017045454545456,0.3568197581861698,0.375,11
Food-price.csv,722,0.3565673828125,0.359375,0.016507499348838155,0.009104330708661417,0.014599852730383951,0.1509433962264151,0.047619047619047616,0.022135416666666668,0.30342090694638474,0.2890625,13
Food-price.csv,723,0.360595703125,0.359375,0.02016637030559764,0.01107283464566929,0.014687714154452157,0.13114754098360656,0.06349206349206349,0.021484375,0.3551106651171822,0.3671875,8
Food-price.csv,724,0.358642578125,0.359375,0.019419541382172147,0.009227362204724409,0.013775132876258289,0.1568627450980392,0.047619047619047616,0.02734375,0.33824602706575874,0.2734375,12
Food-price.csv,725,0.358642578125,0.359375,0.017778735366833505,0.011811023622047244,0.013685836927888806,0.11764705882352941,0.07142857142857142,0.025173611111111112,0.33564490591791,0.390625,9
Food-price.csv,726,0.35888671875,0.359375,0.017787114843834946,0.009596456692913386,0.01225260285878285,0.13559322033898305,0.05555555555555555,0.022321428571428572,0.36233521579428557,0.296875,13
Food-price.csv,727,0.357421875,0.359375,0.019236050394133015,0.009473425196850394,0.011790500542038323,0.13559322033898305,0.047619047619047616,0.018229166666666668,0.37651482044725365,0.3203125,12
Food-price.csv,728,0.3463134765625,0.34375,0.017444953856687345,0.008489173228346457,0.01502999808471995,0.17777777777777778,0.023809523809523808,0.018229166666666668,0.3462001881617203,0.28125,20
Food-price.csv,729,0.3514404296875,0.34375,0.020013203434968405,0.01107283464566929,0.01569989876077684,0.13559322033898305,0.0873015873015873,0.024147727272727272,0.390444546138522,0.34375,13
Food-price.csv,730,0.358642578125,0.359375,0.015361470914784544,0.008858267716535433,0.012021883366443033,0.14814814814814814,0.047619047619047616,0.020833333333333332,0.32371997457759355,0.296875,13
Food-price.csv,731,0.3599853515625,0.359375,0.020051883514861923,0.00861220472440945,0.014369952337379565,0.17391304347826086,0.031746031746031744,0.0234375,0.34402399438891634,0.265625,20
Food-price.csv,732,0.347412109375,0.34375,0.017522086783201284,0.008366141732283465,0.01122894115069355,0.14814814814814814,0.047619047619047616,0.0234375,0.36568976555135096,0.28125,11
Food-price.csv,733,0.3511962890625,0.34375,0.023838116161462516,0.012918307086614173,0.01776602067537863,0.12903225806451613,0.07936507936507936,0.0265625,0.4298663429349194,0.328125,8
Food-price.csv,734,0.3575439453125,0.359375,0.015821649942260978,0.007750984251968504,0.011579348982138221,0.16326530612244897,0.031746031746031744,0.015625,0.33522621428393307,0.28125,14
Food-price.csv,735,0.3538818359375,0.359375,0.01686824451436844,0.011195866141732283,0.012842508219192809,0.11764705882352941,0.11904761904761904,0.020833333333333332,0.3431644736725319,0.3984375,9
Food-price.csv,736,0.355712890625,0.359375,0.01898497529513239,0.011687992125984252,0.013860577859751632,0.12307692307692308,0.0873015873015873,0.0234375,0.3609387376980547,0.359375,10
Food-price.csv,737,0.3558349609375,0.359375,0.019842716099995904,0.010088582677165354,0.013230319939734317,0.13333333333333333,0.07142857142857142,0.018229166666666668,0.384084796062855,0.3203125,19
Food-price.csv,738,0.3538818359375,0.359375,0.01664056124249633,0.008735236220472441,0.011204650659475856,0.13559322033898305,0.07142857142857142,0.019965277777777776,0.3536305043380698,0.3125,11
Food-price.csv,739,0.3494873046875,0.359375,0.016325963073410187,0.0062746062992125986,0.011308194186098469,0.21052631578947367,0.031746031746031744,0.015625,0.32334191391156436,0.1953125,27
Food-price.csv,740,0.35986328125,0.359375,0.01872735245191905,0.008981299212598425,0.01487104243936203,0.1568627450980392,0.047619047619047616,0.016927083333333332,0.32701970812439324,0.328125,13
Food-price.csv,741,0.35546875,0.359375,0.0234375,0.011195866141732283,0.01900030168735298,0.16326530612244897,0.031746031746031744,0.01953125,0.39220554021460274,0.2578125,17
Food-price.csv,742,0.356201171875,0.359375,0.02151625608628181,0.011441929133858268,0.015495131913305087,0.12903225806451613,0.09523809523809523,0.022786458333333332,0.3948460974043157,0.3203125,10
Food-price.csv,743,0.3555908203125,0.359375,0.01839944241445987,0.010088582677165354,0.013517796943720831,0.14545454545454545,0.05555555555555555,0.017857142857142856,0.32320802343772254,0.296875,12
Food-price.csv,744,0.3582763671875,0.359375,0.016708478535364488,0.009350393700787402,0.013761940407588168,0.1568627450980392,0.07142857142857142,0.021701388888888888,0.3323418689202721,0.296875,16
Food-price.csv,745,0.360595703125,0.359375,0.022406470559709204,0.010457677165354331,0.014282255768633319,0.14285714285714285,0.03968253968253968,0.0171875,0.4043441612317555,0.28125,12
Food-price.csv,746,0.3553466796875,0.359375,0.01803297093474443,0.007874015748031496,0.013135016763210862,0.17391304347826086,0.047619047619047616,0.02734375,0.3383438694972414,0.2421875,15
Food-price.csv,747,0.3563232421875,0.359375,0.01873968158361843,0.008981299212598425,0.013229175794798587,0.14545454545454545,0.05555555555555555,0.018973214285714284,0.3368607060613793,0.3125,13
Food-price.csv,748,0.35693359375,0.359375,0.021611617164385477,0.011195866141732283,0.01504811501124081,0.13333333333333333,0.07142857142857142,0.0234375,0.3963038123156591,0.3203125,10
Food-price.csv,749,0.3538818359375,0.359375,0.016980941383272777,0.008981299212598425,0.0118494085903883,0.14035087719298245,0.05555555555555555,0.0234375,0.33243937460583034,0.3203125,9
Food-price.csv,750,0.35693359375,0.359375,0.022897215015026083,0.01107283464566929,0.01606303283488357,0.14035087719298245,0.05555555555555555,0.026785714285714284,0.38721177068213025,0.3359375,13
Food-price.csv,751,0.3597412109375,0.359375,0.020434657817913,0.00984251968503937,0.014907640630327732,0.14545454545454545,0.047619047619047616,0.018229166666666668,0.3626786939316478,0.3125,14
Food-price.csv,752,0.361328125,0.359375,0.017686299097924643,0.008243110236220472,0.012374302126653705,0.16326530612244897,0.031746031746031744,0.021484375,0.34583120655552874,0.2578125,15
Food-price.csv,753,0.3421630859375,0.34375,0.03398885587770537,0.00984251968503937,0.015784514212568525,0.14035087719298245,0.03968253968253968,0.0171875,0.46133446970054454,0.3359375,12
Food-price.csv,754,0.248779296875,0.265625,0.06920816172609713,0.008243110236220472,0.03208929358166873,0.3076923076923077,0.015873015873015872,0.015625,0.4140691304724615,0.140625,36
Food-price.csv,755,0.2806396484375,0.265625,0.04355960698420718,0.004306102362204725,0.014891385872182819,0.47058823529411764,0.007936507936507936,0.0546875,0.41520853266484997,0.0859375,41
Food-price.csv,756,0.2738037109375,0.328125,0.10417619502675446,0.011318897637795276,0.03795436906428906,0.20512820512820512,0.03968253968253968,0.015625,0.4584448961597513,0.2265625,9
Food-price.csv,757,0.2647705078125,0.265625,0.03333547803813812,0.0044291338582677165,0.012385306399283362,0.3076923076923077,0.007936507936507936,0.015625,0.40975898900085533,0.109375,23
Food-price.csv,758,0.248046875,0.25,0.062194075500354135,0.00861220472440945,0.023176338706703666,0.24242424242424243,0.03968253968253968,0.015625,0.4644180758175909,0.1640625,22
Food-price.csv,759,0.30322265625,0.3125,0.031398420733931204,0.005659448818897638,0.011545311251799308,0.22857142857142856,0.047619047619047616,0.015625,0.4871175165917671,0.203125,25
Food-price.csv,760,0.2994384765625,0.328125,0.06483013975405807,0.00578248031496063,0.0219051351067481,0.4,0.007936507936507936,0.03125,0.47194505311910656,0.1015625,21
Food-price.csv,761,0.2772216796875,0.28125,0.053675275581053956,0.00578248031496063,0.01740623935416082,0.34782608695652173,0.007936507936507936,0.015625,0.503799155654292,0.109375,19
Food-price.csv,762,0.3148193359375,0.328125,0.04189395504001691,0.0054133858267716535,0.012459634745248159,0.24242424242424243,0.015873015873015872,0.015625,0.3829878380143836,0.2109375,17
Food-price.csv,763,0.254150390625,0.25,0.058804451078504995,0.0073818897637795275,0.026801106099582413,0.32,0.015873015873015872,0.01953125,0.49481538552748566,0.0859375,20
Food-price.csv,764,0.287841796875,0.265625,0.042817978334412754,0.008243110236220472,0.017186579661018678,0.18181818181818182,0.05555555555555555,0.021205357142857144,0.4716817137096682,0.28125,11
Food-price.csv,765,0.260009765625,0.265625,0.10718607598518251,0.006520669291338582,0.035589505261920576,0.47058823529411764,0.007936507936507936,0.0234375,0.42840415055450815,0.109375,16
Food-price.csv,766,0.25439453125,0.28125,0.07498416733519249,0.00812007874015748,0.025479106972572337,0.32,0.031746031746031744,0.0625,0.4097733905445222,0.1171875,26
Food-price.csv,767,0.259033203125,0.265625,0.06818083198874512,0.0072588582677165355,0.029201778935328403,0.47058823529411764,0.007936507936507936,0.125,0.3869518573652553,0.09375,18
Food-price.csv,768,0.286865234375,0.28125,0.04077002242887927,0.00861220472440945,0.017939831597247914,0.16326530612244897,0.11904761904761904,0.0234375,0.47562166919235066,0.3046875,12
Food-price.csv,769,0.2618408203125,0.265625,0.08707841057681806,0.007135826771653544,0.032383235977090766,0.4,0.0,0.0,0.4511912949355927,0.109375,18
Food-price.csv,770,0.2568359375,0.265625,0.046497093191864895,0.004921259842519685,0.021542108800263804,0.32,0.015873015873015872,0.015625,0.3746543820028541,0.1171875,16
Food-price.csv,771,0.3125,0.328125,0.0660029111277961,0.013779527559055118,0.03934392586078575,0.1951219512195122,0.047619047619047616,0.045572916666666664,0.3088717147169064,0.234375,11
Food-price.csv,772,0.3865966796875,0.4375,0.0642826252717411,0.00812007874015748,0.02327084727861593,0.2222222222222222,0.023809523809523808,0.015625,0.4574472775852853,0.1640625,17
Food-price.csv,773,0.3760986328125,0.34375,0.05559321127379098,0.008243110236220472,0.023920689509006065,0.26666666666666666,0.007936507936507936,0.015625,0.42868259183801305,0.1640625,14
Food-price.csv,774,0.33154296875,0.328125,0.015617368741913551,0.006643700787401575,0.010653419365545893,0.18604651162790697,0.047619047619047616,0.0234375,0.3242237912343759,0.2578125,14
Food-price.csv,775,0.3304443359375,0.34375,0.01658315198725678,0.006520669291338582,0.010639201530082897,0.1951219512195122,0.023809523809523808,0.015625,0.3079454830004367,0.2109375,14
Food-price.csv,776,0.326416015625,0.328125,0.014383592110991637,0.00578248031496063,0.008943298152257011,0.18604651162790697,0.047619047619047616,0.016927083333333332,0.31867857356741264,0.2421875,19
Food-price.csv,777,0.348876953125,0.34375,0.04083429854413508,0.0052903543307086616,0.012588953978628439,0.23529411764705882,0.031746031746031744,0.0234375,0.39129740124476414,0.1953125,13
Food-price.csv,778,0.3531494140625,0.328125,0.052529253983573186,0.00812007874015748,0.019296736148324486,0.1951219512195122,0.015873015873015872,0.0234375,0.4331026898152906,0.2265625,16
Food-price.csv,779,0.3719482421875,0.34375,0.0544798861055542,0.006520669291338582,0.021696840660123517,0.3333333333333333,0.015873015873015872,0.01953125,0.44471514372980026,0.1328125,15
Food-price.csv,780,0.36328125,0.328125,0.053094832886985105,0.007135826771653544,0.020635576646390253,0.25,0.015873015873015872,0.01953125,0.3635549694532297,0.15625,24
Food-price.csv,781,0.3349609375,0.34375,0.01167798900693496,0.004183070866141733,0.007706919174884762,0.24242424242424243,0.015873015873015872,0.015625,0.26335933913388293,0.1796875,18
Food-price.csv,782,0.3590087890625,0.34375,0.051876148762679875,0.007997047244094488,0.017849321932403687,0.18181818181818182,0.023809523809523808,0.015625,0.40094618919225194,0.21875,21
Food-price.csv,783,0.353271484375,0.328125,0.0500333436412322,0.006766732283464567,0.01946932122716247,0.23529411764705882,0.031746031746031744,0.015625,0.34446141739759756,0.203125,22
Food-price.csv,784,0.3311767578125,0.328125,0.013255172259788166,0.005905511811023622,0.008970337664152655,0.18181818181818182,0.031746031746031744,0.017578125,0.2987493584583697,0.265625,15
Food-price.csv,785,0.33154296875,0.328125,0.009753410329803798,0.004306102362204725,0.008007450834287888,0.24242424242424243,0.031746031746031744,0.01953125,0.22734660851737898,0.203125,16
Food-price.csv,786,0.3218994140625,0.3125,0.01661188141508555,0.007135826771653544,0.010330250752796907,0.16666666666666666,0.015873015873015872,0.015625,0.3292911696158224,0.2734375,22
Food-price.csv,787,0.3316650390625,0.34375,0.016938767924130037,0.006889763779527559,0.009735826743792468,0.16326530612244897,0.03968253968253968,0.015625,0.33423462028215695,0.296875,21
Food-price.csv,788,0.3424072265625,0.34375,0.0358028293487869,0.005659448818897638,0.01462988828365625,0.23529411764705882,0.007936507936507936,0.015625,0.3779278370098733,0.171875,15
Food-price.csv,789,0.356689453125,0.328125,0.05164194633420881,0.007012795275590551,0.01948097973709596,0.24242424242424243,0.03968253968253968,0.015625,0.4383429172344362,0.1796875,17
Food-price.csv,790,0.3465576171875,0.328125,0.04231721926675525,0.008243110236220472,0.017298070837423154,0.17777777777777778,0.047619047619047616,0.018229166666666668,0.3632035324292435,0.2578125,14
Food-price.csv,791,0.3359375,0.34375,0.013810679320049757,0.0044291338582677165,0.008060206375078356,0.24242424242424243,0.05555555555555555,0.018973214285714284,0.3053822256058087,0.2109375,16
Food-price.csv,792,0.3314208984375,0.328125,0.01545961591981258,0.006889763779527559,0.009931316963883151,0.16666666666666666,0.07142857142857142,0.018229166666666668,0.3214763447354405,0.28125,16
Food-price.csv,793,0.3743896484375,0.34375,0.05876934443222581,0.006520669291338582,0.015740340149330186,0.21621621621621623,0.023809523809523808,0.018229166666666668,0.4608157756156515,0.2265625,25
Food-price.csv,794,0.3309326171875,0.328125,0.015799030070170198,0.005905511811023622,0.008530972354015617,0.17777777777777778,0.023809523809523808,0.015625,0.3184131560399321,0.25,44
Food-price.csv,795,0.32666015625,0.328125,0.01805320463607046,0.007750984251968504,0.010895062452426395,0.15384615384615385,0.07142857142857142,0.018229166666666668,0.35771989520405695,0.2890625,18
Food-price.csv,796,0.3231201171875,0.328125,0.015738551474812717,0.006889763779527559,0.009931316963883153,0.16666666666666666,0.05555555555555555,0.020089285714285716,0.3254607390339898,0.2578125,17
Food-price.csv,797,0.3302001953125,0.328125,0.013723548241218105,0.0063976377952755905,0.009061000314725372,0.16666666666666666,0.05555555555555555,0.018973214285714284,0.29511000411498345,0.2734375,16
Food-price.csv,798,0.327392578125,0.328125,0.016671426411307658,0.007504921259842519,0.010160345876999302,0.15384615384615385,0.047619047619047616,0.020833333333333332,0.3477170282698676,0.28125,14
Food-price.csv,799,0.34912109375,0.328125,0.05105983903691419,0.0063976377952755905,0.014849651840171873,0.2222222222222222,0.031746031746031744,0.015625,0.37284643425842456,0.1953125,16
Food-price.csv,800,0.349609375,0.328125,0.04449525683552546,0.0063976377952755905,0.016092218687738642,0.20512820512820512,0.031746031746031744,0.015625,0.3476101861785164,0.203125,11
Food-price.csv,801,0.3511962890625,0.328125,0.043188573169761935,0.006151574803149607,0.014562481032406783,0.21621621621621623,0.023809523809523808,0.015625,0.3713642187421446,0.21875,17
Food-price.csv,802,0.3389892578125,0.34375,0.01481784769092142,0.005905511811023622,0.008753412109397526,0.18181818181818182,0.031746031746031744,0.021484375,0.32468910588907535,0.2578125,22
Food-price.csv,803,0.330078125,0.328125,0.012039871099548781,0.004675196850393701,0.007920018178853886,0.2222222222222222,0.031746031746031744,0.017578125,0.27546148045187824,0.2109375,21
Food-price.csv,804,0.3338623046875,0.34375,0.01472908706679501,0.00406003937007874,0.008815444939799641,0.3076923076923077,0.007936507936507936,0.015625,0.2719046828714999,0.1484375,22
Food-price.csv,805,0.344970703125,0.34375,0.023729413797924197,0.00578248031496063,0.010523329124184595,0.21052631578947367,0.0,0.0,0.40766104085129345,0.203125,13
Food-price.csv,806,0.3843994140625,0.375,0.026373685813090568,0.007627952755905512,0.014121314798401865,0.1951219512195122,0.023809523809523808,0.018229166666666668,0.44545525978780814,0.21875,13
Food-price.csv,807,0.3839111328125,0.375,0.02316603808156292,0.007012795275590551,0.010687465000238186,0.1702127659574468,0.06349206349206349,0.0166015625,0.3963442831716815,0.2734375,16
Food-price.csv,808,0.3787841796875,0.375,0.027045393314248545,0.006643700787401575,0.011520373927873641,0.18181818181818182,0.05555555555555555,0.016741071428571428,0.4304127206517769,0.2109375,11
Food-price.csv,809,0.378173828125,0.375,0.016266069536245042,0.00516732283464567,0.008331694366799713,0.20512820512820512,0.007936507936507936,0.015625,0.34571764577427816,0.21875,15
Food-price.csv,810,0.3868408203125,0.375,0.029410333283036338,0.009227362204724409,0.013634865291105858,0.1509433962264151,0.06349206349206349,0.0234375,0.4399678592729,0.265625,17
Food-price.csv,811,0.3773193359375,0.375,0.02478929177030041,0.009104330708661417,0.012923578789378647,0.14814814814814814,0.047619047619047616,0.018229166666666668,0.4161032785200313,0.2890625,20
Food-price.csv,812,0.3824462890625,0.375,0.023189182909330384,0.006766732283464567,0.010299433826996236,0.17391304347826086,0.047619047619047616,0.015625,0.4037029238559046,0.265625,13
Food-price.csv,813,0.393310546875,0.390625,0.025323632700274813,0.00861220472440945,0.012814189533751522,0.14814814814814814,0.07142857142857142,0.019097222222222224,0.42845345211248903,0.28125,17
Food-price.csv,814,0.3846435546875,0.375,0.02440398962125884,0.00812007874015748,0.012835434405260797,0.16,0.07142857142857142,0.020833333333333332,0.4319437383329761,0.265625,12
Food-price.csv,815,0.3770751953125,0.375,0.025568121611399038,0.009350393700787402,0.013900925797729316,0.13793103448275862,0.06349206349206349,0.017578125,0.42661293605196365,0.3203125,16
Food-price.csv,816,0.3798828125,0.375,0.027604089892778457,0.008366141732283465,0.014646433257316085,0.17391304347826086,0.05555555555555555,0.016741071428571428,0.4600909256208862,0.265625,15
Food-price.csv,817,0.385986328125,0.375,0.024500579126481053,0.008858267716535433,0.013526752093390519,0.14814814814814814,0.06349206349206349,0.017578125,0.4112733272402917,0.2734375,10
Food-price.csv,818,0.380126953125,0.375,0.02554859027295445,0.009596456692913386,0.013871494280960042,0.14285714285714285,0.05555555555555555,0.015625,0.44660841792164635,0.3203125,23
Food-price.csv,819,0.38037109375,0.375,0.023554193545297534,0.008489173228346457,0.012821275069008885,0.1568627450980392,0.03968253968253968,0.025,0.42344218696025354,0.265625,11
Food-price.csv,820,0.37646484375,0.375,0.023309996606015647,0.009350393700787402,0.0163182624326666,0.16,0.031746031746031744,0.03125,0.4204912605879351,0.2578125,20
Food-price.csv,821,0.381103515625,0.375,0.022963499130748365,0.009473425196850394,0.01722353062999904,0.16,0.031746031746031744,0.0234375,0.41543184242509135,0.3125,12
Food-price.csv,822,0.3870849609375,0.375,0.024721875462142058,0.00812007874015748,0.015544872511896728,0.1702127659574468,0.03968253968253968,0.015625,0.4212514806137148,0.2734375,13
Food-price.csv,823,0.3853759765625,0.375,0.023460059435021965,0.00578248031496063,0.010523329124184595,0.20512820512820512,0.031746031746031744,0.015625,0.39146585728819416,0.203125,13
Food-price.csv,824,0.369873046875,0.375,0.032040143522876936,0.0063976377952755905,0.012760922615343768,0.1951219512195122,0.031746031746031744,0.015625,0.44562528569356913,0.234375,18
Food-price.csv,825,0.3843994140625,0.375,0.0273674453518476,0.009596456692913386,0.015320262085172067,0.14545454545454545,0.07142857142857142,0.015625,0.44975623365224066,0.34375,12
Food-price.csv,826,0.3848876953125,0.375,0.024462537325137146,0.007750984251968504,0.012688359334993831,0.16326530612244897,0.07142857142857142,0.017361111111111112,0.4182300885054669,0.2734375,13
Food-price.csv,827,0.3818359375,0.375,0.024059931630380702,0.009473425196850394,0.01195243227480392,0.12903225806451613,0.03968253968253968,0.01875,0.4305196512031388,0.3203125,15
Food-price.csv,828,0.383544921875,0.375,0.024461623594932258,0.008735236220472441,0.011031747919025534,0.13793103448275862,0.05555555555555555,0.016741071428571428,0.4242533479198282,0.3203125,12
Food-price.csv,829,0.3841552734375,0.375,0.0244357203740481,0.008366141732283465,0.011894034486817879,0.14814814814814814,0.07142857142857142,0.020833333333333332,0.4305543016932181,0.2890625,14
Food-price.csv,830,0.3759765625,0.375,0.022587956066836674,0.009719488188976378,0.014794505428698253,0.14035087719298245,0.047619047619047616,0.015625,0.42161341952040593,0.328125,11
Food-price.csv,831,0.387451171875,0.375,0.025937571697825415,0.009104330708661417,0.014199348470721969,0.14814814814814814,0.05555555555555555,0.016741071428571428,0.4224197365821197,0.296875,10
Food-price.csv,832,0.38037109375,0.375,0.024506660334628134,0.008489173228346457,0.01340761095061543,0.16,0.023809523809523808,0.0234375,0.4316934810676669,0.25,16
Food-price.csv,833,0.3809814453125,0.375,0.02040254733973516,0.007750984251968504,0.011744192484037118,0.16,0.05555555555555555,0.018973214285714284,0.3871918629910591,0.3125,10
Food-price.csv,834,0.3807373046875,0.375,0.02669937546746137,0.007504921259842519,0.01452188649574752,0.18181818181818182,0.015873015873015872,0.015625,0.4269077431188048,0.25,19
Food-price.csv,835,0.3756103515625,0.375,0.025719203847632828,0.008981299212598425,0.015127371607032186,0.1509433962264151,0.07142857142857142,0.015625,0.451722356816284,0.3359375,13
Food-price.csv,836,0.384765625,0.375,0.022439697838039174,0.009473425196850394,0.013029726668182801,0.14545454545454545,0.05555555555555555,0.025669642857142856,0.40269159261896265,0.3359375,16
Food-price.csv,837,0.3822021484375,0.375,0.02200213679860501,0.007997047244094488,0.012837792776324403,0.16326530612244897,0.031746031746031744,0.015625,0.41291768638323645,0.2578125,10
Food-price.csv,838,0.380615234375,0.375,0.021637802215352032,0.008858267716535433,0.012337550331418985,0.14035087719298245,0.07142857142857142,0.016493055555555556,0.40239675769588046,0.359375,15
Food-price.csv,839,0.38134765625,0.375,0.023063214216053795,0.009719488188976378,0.016629744575889,0.1509433962264151,0.05555555555555555,0.021205357142857144,0.4316325727115551,0.3125,16
Food-price.csv,840,0.3878173828125,0.390625,0.024661526597655956,0.007504921259842519,0.010890893689139142,0.15384615384615385,0.07142857142857142,0.016493055555555556,0.4282270069118663,0.2734375,14
Food-price.csv,841,0.3798828125,0.375,0.02390085595804769,0.007750984251968504,0.011070100274805102,0.1568627450980392,0.031746031746031744,0.017578125,0.405936048977452,0.296875,13
Food-price.csv,842,0.38330078125,0.375,0.026344572187922285,0.008735236220472441,0.01339292633924537,0.15384615384615385,0.047619047619047616,0.015625,0.4209634380793113,0.296875,14
Food-price.csv,843,0.3858642578125,0.375,0.02617177251539519,0.009104330708661417,0.01524399458832042,0.15384615384615385,0.05555555555555555,0.017857142857142856,0.4476386297821067,0.2890625,17
Food-price.csv,844,0.3912353515625,0.390625,0.02899600348393665,0.008735236220472441,0.012805918120954001,0.14545454545454545,0.05555555555555555,0.020089285714285716,0.4521131961176639,0.28125,13
Food-price.csv,845,0.3765869140625,0.375,0.024146174314613012,0.010088582677165354,0.015128372193837987,0.13333333333333333,0.06349206349206349,0.017578125,0.4317852880005011,0.3359375,16
Food-price.csv,846,0.367919921875,0.375,0.020840802443242715,0.007874015748031496,0.013424534773084964,0.1702127659574468,0.05555555555555555,0.017857142857142856,0.4041360400252003,0.2578125,9
Food-price.csv,847,0.385009765625,0.375,0.026618046743611155,0.008858267716535433,0.014487448428202408,0.1509433962264151,0.06349206349206349,0.021484375,0.4346803501969389,0.296875,12
Food-price.csv,848,0.3812255859375,0.375,0.023465140256854734,0.009227362204724409,0.012760922615343782,0.14035087719298245,0.047619047619047616,0.0234375,0.4310871392985985,0.3125,11
Food-price.csv,849,0.377197265625,0.375,0.023899609011081506,0.01033464566929134,0.01375643981165814,0.12698412698412698,0.05555555555555555,0.020089285714285716,0.4335093161245774,0.375,15
Food-price.csv,850,0.379150390625,0.375,0.02116996277904527,0.008366141732283465,0.01503503275410201,0.17391304347826086,0.015873015873015872,0.03515625,0.40556699038227007,0.265625,20
Food-price.csv,851,0.3873291015625,0.375,0.024985678862425323,0.008735236220472441,0.015766283406811077,0.16,0.07936507936507936,0.02421875,0.4335229375964964,0.265625,15
Food-price.csv,852,0.3804931640625,0.375,0.02126932891945632,0.008243110236220472,0.012374302126653696,0.1509433962264151,0.031746031746031744,0.021484375,0.40409929259570654,0.2890625,12
Food-price.csv,853,0.3779296875,0.375,0.022587956066836674,0.007012795275590551,0.014099860342380106,0.21052631578947367,0.05555555555555555,0.027901785714285716,0.394532497606767,0.203125,19
Food-price.csv,854,0.3758544921875,0.375,0.024651857069370838,0.009104330708661417,0.0173661909336554,0.16,0.03968253968253968,0.0203125,0.434764186149801,0.2890625,12
Food-price.csv,855,0.37939453125,0.375,0.030629676928832412,0.008366141732283465,0.014514588279005583,0.16,0.07142857142857142,0.017361111111111112,0.4861459348651538,0.2734375,10
Food-price.csv,856,0.3792724609375,0.375,0.020918948366964438,0.010211614173228346,0.012147140794485714,0.12121212121212122,0.05555555555555555,0.0234375,0.40163356573647163,0.359375,14
Food-price.csv,857,0.379638671875,0.375,0.024733023861425316,0.00812007874015748,0.012532314545518543,0.1568627450980392,0.03968253968253968,0.021875,0.4360798652179527,0.2890625,24
Food-price.csv,858,0.382080078125,0.375,0.024461623594932258,0.009596456692913386,0.016986368354828515,0.16,0.05555555555555555,0.025669642857142856,0.4397141858140176,0.3125,13
Food-price.csv,859,0.3861083984375,0.390625,0.026861848940266286,0.010457677165354331,0.014810866512413578,0.14035087719298245,0.05555555555555555,0.0234375,0.454555596714414,0.3359375,12
Food-price.csv,860,0.3778076171875,0.375,0.026810764905724288,0.012426181102362205,0.018636733702373558,0.13114754098360656,0.03968253968253968,0.0296875,0.4492218174051659,0.328125,11
Food-price.csv,861,0.3692626953125,0.375,0.02037916248607209,0.007135826771653544,0.011559724061561355,0.1702127659574468,0.05555555555555555,0.020089285714285716,0.3992269800372121,0.2421875,12
Food-price.csv,862,0.3843994140625,0.375,0.025788635583190802,0.009227362204724409,0.016211237970802046,0.16,0.03968253968253968,0.0203125,0.4396254917573324,0.2421875,15
Food-price.csv,863,0.3828125,0.375,0.02157297073669387,0.008243110236220472,0.012217962959091744,0.1568627450980392,0.031746031746031744,0.01953125,0.40063978432217917,0.2578125,13
Food-price.csv,864,0.3800048828125,0.375,0.026344289373666063,0.011195866141732283,0.016741327453911475,0.12903225806451613,0.09523809523809523,0.021484375,0.4546638508302396,0.3359375,14
Food-price.csv,865,0.402099609375,0.390625,0.02489635919204427,0.010457677165354331,0.01652840120447508,0.1509433962264151,0.07936507936507936,0.021875,0.4170236533175218,0.328125,9
Food-price.csv,866,0.405029296875,0.40625,0.028877821681222604,0.010211614173228346,0.018328802683959346,0.17391304347826086,0.047619047619047616,0.024739583333333332,0.4505258056623252,0.25,10
Food-price.csv,867,0.39892578125,0.390625,0.0230218266291529,0.007874015748031496,0.014916776147861872,0.1951219512195122,0.07142857142857142,0.020833333333333332,0.42487107889776304,0.2421875,18
Food-price.csv,868,0.413330078125,0.40625,0.02712379270055437,0.010088582677165354,0.018344487027180903,0.18181818181818182,0.05555555555555555,0.021205357142857144,0.42799351809481684,0.265625,12
Food-price.csv,869,0.4044189453125,0.40625,0.02660992819927267,0.012918307086614173,0.01765748442972589,0.12307692307692308,0.1111111111111111,0.017857142857142856,0.4518431877425492,0.359375,11
Food-price.csv,870,0.4072265625,0.40625,0.027465549043799282,0.007135826771653544,0.0159001252256221,0.23529411764705882,0.047619047619047616,0.0234375,0.4191378240555174,0.1875,16
Food-price.csv,871,0.4110107421875,0.421875,0.02840830845188772,0.011687992125984252,0.01950660393181486,0.1568627450980392,0.05555555555555555,0.033482142857142856,0.40167016656982385,0.2578125,15
Food-price.csv,872,0.4110107421875,0.40625,0.02443815949469641,0.007874015748031496,0.015793142512153822,0.1951219512195122,0.03968253968253968,0.0171875,0.42587479434413017,0.2421875,15
Food-price.csv,873,0.4149169921875,0.40625,0.03359196680348594,0.009719488188976378,0.01579985015421128,0.16666666666666666,0.06349206349206349,0.0224609375,0.49139257325619795,0.25,12
Food-price.csv,874,0.40869140625,0.40625,0.024193338167651356,0.011811023622047244,0.019183447090116136,0.14814814814814814,0.06349206349206349,0.0283203125,0.43321678285768533,0.2578125,12
Food-price.csv,875,0.414794921875,0.40625,0.023098077309259345,0.013779527559055118,0.01927318917659041,0.13559322033898305,0.0873015873015873,0.024147727272727272,0.40646426330330127,0.34375,9
Food-price.csv,876,0.4111328125,0.421875,0.02986110322543097,0.01156496062992126,0.019920467173237297,0.16666666666666666,0.023809523809523808,0.015625,0.43732596173750243,0.2734375,11
Food-price.csv,877,0.401611328125,0.40625,0.029320262474873224,0.008981299212598425,0.017811969557927045,0.1951219512195122,0.03968253968253968,0.01875,0.4580794359430897,0.1796875,13
Food-price.csv,878,0.4085693359375,0.40625,0.02509517434758291,0.01033464566929134,0.018931665097882612,0.18604651162790697,0.06349206349206349,0.0234375,0.4241802921108064,0.25,13
Food-price.csv,879,0.4080810546875,0.40625,0.02307839259029313,0.009350393700787402,0.01883386780819738,0.19047619047619047,0.06349206349206349,0.025390625,0.4132162675634848,0.234375,18
Food-price.csv,880,0.405029296875,0.40625,0.02689428125734847,0.009350393700787402,0.01430978479187866,0.1568627450980392,0.07936507936507936,0.0234375,0.4287621422019296,0.2734375,17
Food-price.csv,881,0.4136962890625,0.40625,0.024547669085230994,0.009596456692913386,0.018082700362656138,0.2,0.031746031746031744,0.017578125,0.38958207391980865,0.1640625,14
Food-price.csv,882,0.4052734375,0.40625,0.030178783477270398,0.01033464566929134,0.017005961508922505,0.15384615384615385,0.03968253968253968,0.01875,0.4529994690980963,0.3046875,11
Food-price.csv,883,0.4111328125,0.40625,0.025371838001497227,0.008366141732283465,0.01626344220749731,0.20512820512820512,0.031746031746031744,0.015625,0.4275107224779049,0.21875,14
Food-price.csv,884,0.4097900390625,0.40625,0.026000403456125188,0.010949803149606299,0.020594458177830642,0.18604651162790697,0.047619047619047616,0.028645833333333332,0.43497363691734997,0.21875,9
Food-price.csv,885,0.410888671875,0.40625,0.02798899509241014,0.011318897637795276,0.018149543582397995,0.15384615384615385,0.047619047619047616,0.022135416666666668,0.46465278931877574,0.3046875,13
Food-price.csv,886,0.421630859375,0.421875,0.026492351579847053,0.017593503937007874,0.02311682909755521,0.13114754098360656,0.06349206349206349,0.04296875,0.4383423643202209,0.34375,7
Food-price.csv,887,0.356689453125,0.34375,0.04074077248973444,0.008243110236220472,0.019393760329958706,0.22857142857142856,0.031746031746031744,0.02734375,0.45504546512507366,0.1640625,18
Food-price.csv,888,0.3511962890625,0.359375,0.0395460714667779,0.0073818897637795275,0.016847679890377654,0.23529411764705882,0.015873015873015872,0.015625,0.5262001120860099,0.1484375,24
Food-price.csv,889,0.3692626953125,0.375,0.03244017119241363,0.006028543307086614,0.014809844474216686,0.2857142857142857,0.0,0.0,0.4596729581751873,0.1484375,29
Food-price.csv,890,0.398681640625,0.390625,0.03348822765463969,0.009965551181102362,0.020905219869841972,0.24242424242424243,0.023809523809523808,0.0546875,0.46948858472426075,0.171875,10
Food-price.csv,891,0.428466796875,0.4375,0.030421724465051127,0.025713582677165354,0.030156021087565862,0.1095890410958904,0.10317460317460317,0.04447115384615385,0.4065064671156228,0.3671875,5
Food-price.csv,892,0.4375,0.4375,0.024158822025103478,0.013041338582677165,0.022076527015329868,0.15384615384615385,0.06349206349206349,0.029296875,0.35223427947935954,0.296875,10
Food-price.csv,893,0.4437255859375,0.4375,0.018460889947792054,0.008243110236220472,0.017518924715873595,0.21052631578947367,0.06349206349206349,0.021484375,0.29488522899202585,0.21875,13
Food-price.csv,894,0.4407958984375,0.4375,0.019300625085343675,0.009473425196850394,0.01882341682963118,0.17391304347826086,0.07142857142857142,0.026041666666666668,0.33039548757898324,0.25,13
Food-price.csv,895,0.4461669921875,0.453125,0.013645145991052146,0.007135826771653544,0.012821275069008884,0.17777777777777778,0.0873015873015873,0.017045454545454544,0.26387451528639094,0.2890625,17
Food-price.csv,896,0.4461669921875,0.453125,0.014849992744366963,0.009104330708661417,0.0157403401493302,0.16326530612244897,0.0873015873015873,0.026278409090909092,0.29619881840170054,0.3359375,11
Food-price.csv,897,0.4085693359375,0.4375,0.04960667760529406,0.012303149606299213,0.02223843214113188,0.1509433962264151,0.11904761904761904,0.034895833333333334,0.4132862305925713,0.28125,10
Food-price.csv,898,0.3465576171875,0.34375,0.029712776666812747,0.003937007874015748,0.009797819262827034,0.3333333333333333,0.031746031746031744,0.02734375,0.42310145894884427,0.140625,19
Food-price.csv,899,0.37451171875,0.390625,0.026488976543005555,0.004675196850393701,0.012904825173419654,0.36363636363636365,0.0,0.0,0.39815729440280356,0.09375,20
Food-price.csv,900,0.383056640625,0.390625,0.030756874308522066,0.004921259842519685,0.013683624717912677,0.36363636363636365,0.023809523809523808,0.03125,0.4505185081681269,0.0859375,23
Food-price.csv,901,0.4415283203125,0.453125,0.016369715383871598,0.00812007874015748,0.010347819219150728,0.14035087719298245,0.0873015873015873,0.017045454545454544,0.31713107950489555,0.3046875,12
Food-price.csv,902,0.44091796875,0.4375,0.016794319845624843,0.0072588582677165355,0.009361718690820288,0.1509433962264151,0.05555555555555555,0.015625,0.3190395400861731,0.2421875,17
Food-price.csv,903,0.447265625,0.453125,0.012506102026236032,0.006151574803149607,0.008121942639812503,0.16326530612244897,0.03968253968253968,0.015625,0.2796301269323925,0.234375,22
Food-price.csv,904,0.398193359375,0.4296875,0.05609871334973601,0.0072588582677165355,0.017070814046213037,0.21052631578947367,0.05555555555555555,0.015625,0.4988219174470004,0.1875,16
Food-price.csv,905,0.3697509765625,0.34375,0.042534979562132307,0.008366141732283465,0.01988015384758212,0.21621621621621623,0.047619047619047616,0.015625,0.47174428097094534,0.2109375,20
Food-price.csv,906,0.408447265625,0.421875,0.03821015275778407,0.014763779527559055,0.0205001634112609,0.13114754098360656,0.05555555555555555,0.022321428571428572,0.42155283641769553,0.3515625,9
Food-price.csv,907,0.3502197265625,0.34375,0.02933118718236264,0.00812007874015748,0.0128354344052608,0.1702127659574468,0.06349206349206349,0.021484375,0.4334664861094883,0.2734375,27
Food-price.csv,908,0.3599853515625,0.375,0.06618766713323915,0.011318897637795276,0.01986872956514404,0.15384615384615385,0.07936507936507936,0.0203125,0.5237005544473377,0.3125,9
Food-price.csv,909,0.3043212890625,0.3125,0.018422104825178916,0.0033218503937007876,0.009531566903664654,0.42105263157894735,0.0,0.0,0.35496544236606214,0.1171875,24
Food-price.csv,910,0.3280029296875,0.3125,0.03463679241612694,0.0063976377952755905,0.010441018459289917,0.18604651162790697,0.03968253968253968,0.0171875,0.4803422657289198,0.21875,16
Food-price.csv,911,0.3619384765625,0.359375,0.01960701552098319,0.010580708661417323,0.01328170445085442,0.12903225806451613,0.07142857142857142,0.019097222222222224,0.3905983720166695,0.3046875,14
Food-price.csv,912,0.361328125,0.359375,0.023840928936979887,0.010211614173228346,0.016332170440332854,0.1702127659574468,0.047619047619047616,0.032552083333333336,0.39206216742378075,0.2265625,16
Food-price.csv,913,0.3575439453125,0.359375,0.023810595959411048,0.00984251968503937,0.014647466697660086,0.14545454545454545,0.047619047619047616,0.018229166666666668,0.42523150058716247,0.28125,13
Food-price.csv,914,0.36376953125,0.359375,0.019912059086038752,0.009350393700787402,0.012896611891120732,0.14035087719298245,0.0873015873015873,0.022017045454545456,0.36459436966068615,0.34375,16
Food-price.csv,915,0.3626708984375,0.359375,0.022831717457177252,0.010088582677165354,0.01474223329347982,0.1509433962264151,0.07936507936507936,0.0203125,0.39095902187489023,0.3046875,10
Food-price.csv,916,0.3619384765625,0.359375,0.02046380543864461,0.008735236220472441,0.01381682592654182,0.17391304347826086,0.03968253968253968,0.0265625,0.3938890204477637,0.21875,10
Food-price.csv,917,0.3587646484375,0.359375,0.019667720849938137,0.00984251968503937,0.014515631106055731,0.16,0.06349206349206349,0.0224609375,0.36566154455940486,0.28125,12
Food-price.csv,918,0.35791015625,0.359375,0.01877820754202091,0.00861220472440945,0.012199365409685577,0.1509433962264151,0.05555555555555555,0.015625,0.3781620363853277,0.28125,13
Food-price.csv,919,0.3616943359375,0.359375,0.023363313885059918,0.009596456692913386,0.015569197116816839,0.17391304347826086,0.03968253968253968,0.01875,0.40543506204341934,0.2578125,14
Food-price.csv,920,0.3564453125,0.359375,0.01819134375995816,0.009350393700787402,0.012896611891120735,0.14814814814814814,0.07936507936507936,0.021875,0.36990989079986153,0.296875,10
Food-price.csv,921,0.3665771484375,0.359375,0.031060358645277727,0.005659448818897638,0.009539503924694938,0.20512820512820512,0.047619047619047616,0.018229166666666668,0.463197608199273,0.2109375,27
Food-price.csv,922,0.387939453125,0.390625,0.02728155419528555,0.0072588582677165355,0.012676424086999288,0.17391304347826086,0.06349206349206349,0.015625,0.3828904221706834,0.25,18
Food-price.csv,923,0.3804931640625,0.359375,0.055159439772747836,0.01218011811023622,0.02615396123672046,0.17777777777777778,0.03968253968253968,0.028125,0.4714787979966597,0.1875,11
Food-price.csv,924,0.36083984375,0.34375,0.0493115715451945,0.012918307086614173,0.026676564969852035,0.15384615384615385,0.05555555555555555,0.026785714285714284,0.45083460130654124,0.3046875,11
Food-price.csv,925,0.3529052734375,0.328125,0.04632355254125507,0.01390255905511811,0.028899572040439064,0.13559322033898305,0.05555555555555555,0.026785714285714284,0.4040652408147187,0.359375,9
Food-price.csv,926,0.3675537109375,0.34375,0.052297264068040694,0.014640748031496063,0.027988516135445105,0.12903225806451613,0.10317460317460317,0.0234375,0.47588310102350645,0.3203125,14
Food-price.csv,927,0.3704833984375,0.34375,0.05377844989054919,0.015748031496062992,0.031647087320775195,0.13793103448275862,0.06349206349206349,0.0400390625,0.4781850703114017,0.3203125,11
Food-price.csv,928,0.3707275390625,0.359375,0.04920614777550387,0.012795275590551181,0.023563663290752452,0.13793103448275862,0.03968253968253968,0.0390625,0.42247725945092623,0.296875,9
Food-price.csv,929,0.34375,0.34375,0.02335597801386992,0.0073818897637795275,0.014251487585417087,0.16666666666666666,0.07936507936507936,0.015625,0.3313213020707101,0.34375,19
Food-price.csv,930,0.3636474609375,0.34375,0.04783022657909796,0.010580708661417323,0.020924760506483803,0.14545454545454545,0.0873015873015873,0.015625,0.41745437776938643,0.3359375,9
Food-price.csv,931,0.35546875,0.34375,0.029813159223581537,0.007504921259842519,0.018273387301164675,0.21621621621621623,0.015873015873015872,0.01953125,0.3209960622286217,0.2109375,14
Food-price.csv,932,0.356689453125,0.328125,0.046058537886052436,0.009965551181102362,0.020156149031764176,0.14545454545454545,0.1111111111111111,0.021763392857142856,0.3789978048964328,0.2734375,10
Food-price.csv,933,0.366943359375,0.34375,0.050592511902351714,0.010703740157480315,0.020815969291547654,0.1509433962264151,0.03968253968253968,0.015625,0.4022531335326887,0.2890625,15
Food-price.csv,934,0.3619384765625,0.34375,0.0506600621158085,0.013779527559055118,0.028991609127069856,0.14035087719298245,0.07142857142857142,0.046875,0.39519273895322055,0.2578125,13
Food-price.csv,935,0.3675537109375,0.34375,0.05215117486634295,0.022268700787401573,0.034884582188886105,0.10526315789473684,0.12698412698412698,0.0419921875,0.43090522341806997,0.40625,6
Food-price.csv,936,0.3631591796875,0.34375,0.05050805772572853,0.019808070866141732,0.03537321332984104,0.11764705882352941,0.05555555555555555,0.0234375,0.47740234643823803,0.3046875,9
Food-price.csv,937,0.347900390625,0.328125,0.043998855185787646,0.012795275590551181,0.024444596630985933,0.12903225806451613,0.10317460317460317,0.021634615384615384,0.3572019849303886,0.3671875,9
Food-price.csv,938,0.3636474609375,0.34375,0.0548864560258412,0.01673228346456693,0.03234909592230538,0.12698412698412698,0.06349206349206349,0.0380859375,0.45119742068668645,0.328125,9
Food-price.csv,939,0.33740234375,0.328125,0.04009559176370684,0.009965551181102362,0.017611132487477206,0.13793103448275862,0.1111111111111111,0.018415178571428572,0.41676829288650713,0.3359375,11
Food-price.csv,940,0.38525390625,0.359375,0.05922310121196868,0.013533464566929134,0.02647893907935947,0.13333333333333333,0.07142857142857142,0.03298611111111111,0.4953994959267069,0.3203125,11
Food-price.csv,941,0.29736328125,0.25,0.07969462045010645,0.010703740157480315,0.028529515742324395,0.20512820512820512,0.05555555555555555,0.044642857142857144,0.5192340481684423,0.1953125,14
Food-price.csv,942,0.2626953125,0.234375,0.06532757890751784,0.004306102362204725,0.013958518310711448,0.3076923076923077,0.007936507936507936,0.015625,0.42648155243909863,0.1171875,21
Food-price.csv,943,0.40234375,0.40625,0.02670858267808075,0.006766732283464567,0.01659055888881651,0.21052631578947367,0.023809523809523808,0.018229166666666668,0.3386261031562203,0.2421875,19
Food-price.csv,944,0.401123046875,0.375,0.0537769259056073,0.01033464566929134,0.02617652296993832,0.1951219512195122,0.05555555555555555,0.044642857142857144,0.4874848171337125,0.21875,14
Food-price.csv,945,0.3946533203125,0.390625,0.05385265726990835,0.00812007874015748,0.022515099928646788,0.25806451612903225,0.015873015873015872,0.01953125,0.5002598235082586,0.171875,16
Food-price.csv,946,0.3968505859375,0.390625,0.022553295487621975,0.009719488188976378,0.012544386906034351,0.13114754098360656,0.09523809523809523,0.016927083333333332,0.4088146334421161,0.328125,15
Food-price.csv,947,0.39599609375,0.390625,0.03839455787719089,0.010703740157480315,0.025916753291427185,0.1951219512195122,0.023809523809523808,0.0234375,0.44211015785659885,0.2578125,11
Food-price.csv,948,0.3890380859375,0.390625,0.03806539128038161,0.009227362204724409,0.026112837264658514,0.2222222222222222,0.031746031746031744,0.021484375,0.4050119580951328,0.203125,16
Food-price.csv,949,0.392578125,0.390625,0.024935830732038484,0.01033464566929134,0.016892542514109155,0.16326530612244897,0.023809523809523808,0.026041666666666668,0.44066022970472823,0.2734375,12
Food-price.csv,950,0.3966064453125,0.390625,0.022619269873069715,0.01390255905511811,0.01534296975208651,0.10526315789473684,0.07142857142857142,0.018229166666666668,0.41189643049902686,0.40625,8
Food-price.csv,951,0.4034423828125,0.40625,0.022813435888035742,0.016117125984251968,0.021384134025016693,0.12307692307692308,0.031746031746031744,0.017578125,0.40445373653325434,0.3515625,8
Food-price.csv,952,0.4031982421875,0.40625,0.026135308070975225,0.01734744094488189,0.02149990794583975,0.11267605633802817,0.07142857142857142,0.026909722222222224,0.43952634831430615,0.390625,8
Food-price.csv,953,0.3861083984375,0.375,0.020217659427056216,0.005044291338582677,0.008520319730896059,0.21621621621621623,0.03968253968253968,0.0171875,0.36073291253655565,0.1796875,24
Food-price.csv,954,0.3974609375,0.390625,0.054011940660253256,0.009596456692913386,0.02511410078643301,0.17391304347826086,0.047619047619047616,0.016927083333333332,0.4445133817538405,0.2734375,15
Food-price.csv,955,0.400146484375,0.390625,0.05205121639563653,0.009350393700787402,0.02211968072634754,0.2,0.05555555555555555,0.021205357142857144,0.43074331296891666,0.234375,20
Food-price.csv,956,0.378662109375,0.375,0.027997512093776513,0.008735236220472441,0.015270781101699129,0.1568627450980392,0.05555555555555555,0.016741071428571428,0.4455804793472531,0.2578125,18
Food-price.csv,957,0.3914794921875,0.390625,0.022802982696553405,0.00812007874015748,0.015295541602283504,0.17391304347826086,0.05555555555555555,0.017857142857142856,0.40000849500224317,0.265625,15
Food-price.csv,958,0.41162109375,0.40625,0.037183186256827976,0.011934055118110236,0.022651832561595035,0.1702127659574468,0.06349206349206349,0.0341796875,0.4239973802475074,0.2734375,11
Food-price.csv,959,0.411376953125,0.40625,0.042302603348866756,0.015378937007874016,0.02526193458210749,0.12698412698412698,0.047619047619047616,0.020833333333333332,0.44208885633929657,0.34375,10
Food-price.csv,960,0.4002685546875,0.390625,0.025173432068169792,0.014640748031496063,0.02100418260820623,0.12698412698412698,0.05555555555555555,0.027901785714285716,0.4252936577061768,0.359375,8
Food-price.csv,961,0.401123046875,0.390625,0.021494082945174766,0.013410433070866142,0.0200658297616881,0.12903225806451613,0.031746031746031744,0.0234375,0.3649779652593266,0.328125,15
Food-price.csv,962,0.4034423828125,0.40625,0.023553877226650862,0.01439468503937008,0.019569357431824412,0.12698412698412698,0.031746031746031744,0.017578125,0.428701908511504,0.34375,7
Food-price.csv,963,0.4234619140625,0.3984375,0.06095001385651854,0.013533464566929134,0.029239076333686928,0.14814814814814814,0.07142857142857142,0.018229166666666668,0.45717009777068207,0.3515625,17
Food-price.csv,964,0.3984375,0.390625,0.021661204114080894,0.007997047244094488,0.01638953166417506,0.2,0.031746031746031744,0.017578125,0.4078050184547301,0.21875,20
Food-price.csv,965,0.4017333984375,0.40625,0.02253743289761913,0.01156496062992126,0.015712427456419743,0.12698412698412698,0.047619047619047616,0.020833333333333332,0.421481857003753,0.34375,12
Food-price.csv,966,0.40380859375,0.40625,0.04222715421503782,0.017839566929133858,0.030985867594122318,0.13559322033898305,0.015873015873015872,0.01953125,0.46395606668453465,0.3359375,10
Food-price.csv,967,0.4088134765625,0.40625,0.02484213337946644,0.01734744094488189,0.02321940409913556,0.12121212121212122,0.047619047619047616,0.02734375,0.4295890577521653,0.3828125,9
Food-price.csv,968,0.393798828125,0.390625,0.029836142004630205,0.012918307086614173,0.019617255342514496,0.14814814814814814,0.007936507936507936,0.0234375,0.46086787559334824,0.2734375,10
Food-price.csv,969,0.3746337890625,0.375,0.02323027233235101,0.0073818897637795275,0.012217962959091746,0.18604651162790697,0.015873015873015872,0.015625,0.4234055408916461,0.203125,15
Food-price.csv,970,0.3780517578125,0.375,0.02039670363982947,0.008735236220472441,0.013102709926748557,0.15384615384615385,0.047619047619047616,0.01953125,0.39582272346011543,0.2578125,13
Food-price.csv,971,0.3699951171875,0.3671875,0.022177525279555643,0.010580708661417323,0.01412345845151453,0.12698412698412698,0.05555555555555555,0.021205357142857144,0.41729469342651065,0.328125,11
Food-price.csv,972,0.35888671875,0.359375,0.023755773545254183,0.013041338582677165,0.020165158709200656,0.14285714285714285,0.015873015873015872,0.01953125,0.40809176322267054,0.2578125,11
Food-price.csv,973,0.37158203125,0.375,0.023350873439879575,0.006151574803149607,0.01242557202062263,0.21621621621621623,0.0,0.0,0.4200954025018137,0.171875,19
Food-price.csv,974,0.3524169921875,0.34375,0.021199153767196735,0.007135826771653544,0.01369136588901924,0.19047619047619047,0.07142857142857142,0.021701388888888888,0.3830795859043848,0.1953125,22
Food-price.csv,975,0.356201171875,0.34375,0.019566313740516737,0.005044291338582677,0.010353668749984876,0.27586206896551724,0.015873015873015872,0.02734375,0.348683600588529,0.1171875,21
Food-price.csv,976,0.3485107421875,0.34375,0.022823884292024445,0.006028543307086614,0.011271995001029883,0.2222222222222222,0.03968253968253968,0.015625,0.38182055058838094,0.2109375,12
Food-price.csv,977,0.3565673828125,0.3515625,0.022896889620276858,0.00812007874015748,0.015790266936155945,0.2,0.03968253968253968,0.0203125,0.3775617758641277,0.25,26
Food-price.csv,978,0.358642578125,0.359375,0.023344491152762284,0.0062746062992125986,0.011476932952774445,0.21621621621621623,0.015873015873015872,0.0234375,0.4136057874524421,0.171875,18
Food-price.csv,979,0.3458251953125,0.34375,0.018771461284378357,0.004921259842519685,0.010132000388736852,0.25,0.047619047619047616,0.020833333333333332,0.3537013135548057,0.1796875,29
Food-price.csv,980,0.3609619140625,0.359375,0.026481943834734872,0.006028543307086614,0.010925584780656162,0.21621621621621623,0.05555555555555555,0.018973214285714284,0.4413838959084071,0.171875,16
Food-price.csv,981,0.3629150390625,0.3671875,0.023127411896992748,0.00516732283464567,0.01256367855435014,0.27586206896551724,0.023809523809523808,0.0234375,0.3994371086456148,0.1171875,16
Food-price.csv,982,0.379150390625,0.375,0.029971679989782223,0.010580708661417323,0.017743001611641482,0.16666666666666666,0.023809523809523808,0.020833333333333332,0.4670441091903767,0.2578125,11
Food-price.csv,983,0.38525390625,0.3828125,0.029968696793080375,0.010457677165354331,0.016759400791198656,0.1509433962264151,0.06349206349206349,0.0205078125,0.4630630996946863,0.265625,13
Food-price.csv,984,0.382080078125,0.375,0.03443594644853538,0.010580708661417323,0.021198580259291177,0.18604651162790697,0.031746031746031744,0.021484375,0.49989589268117207,0.21875,11
Food-price.csv,985,0.3701171875,0.3671875,0.021727144005163075,0.006151574803149607,0.011459774628144688,0.21052631578947367,0.031746031746031744,0.01953125,0.41402835460590626,0.2109375,19
Food-price.csv,986,0.3782958984375,0.375,0.027666368519275755,0.00861220472440945,0.013962855274715665,0.16326530612244897,0.047619047619047616,0.024739583333333332,0.4553025514703068,0.2421875,11
Food-price.csv,987,0.3883056640625,0.390625,0.024866115171829888,0.010826771653543307,0.016347918545150684,0.14035087719298245,0.05555555555555555,0.020089285714285716,0.4319685631997266,0.3359375,9
Food-price.csv,988,0.3948974609375,0.390625,0.02483733424230747,0.013779527559055118,0.019570130908927175,0.13559322033898305,0.07142857142857142,0.026041666666666668,0.4306129451160407,0.3515625,8
Food-price.csv,989,0.3858642578125,0.390625,0.02793437144877651,0.00984251968503937,0.017071700726595203,0.14814814814814814,0.047619047619047616,0.024739583333333332,0.46687062009696517,0.28125,12
Food-price.csv,990,0.389892578125,0.390625,0.026627002264679955,0.013164370078740157,0.017584467835337483,0.12121212121212122,0.07936507936507936,0.03359375,0.45634313807489985,0.3125,12
Food-price.csv,991,0.389892578125,0.390625,0.025153594261869843,0.013779527559055118,0.019765613886153006,0.12307692307692308,0.07936507936507936,0.040625,0.4354390426052202,0.3046875,10
Food-price.csv,992,0.4000244140625,0.390625,0.022040030711372425,0.014148622047244094,0.017802619218923992,0.11267605633802817,0.0873015873015873,0.029829545454545456,0.41255707388557333,0.34375,7
Food-price.csv,993,0.3927001953125,0.390625,0.022042734926678006,0.012795275590551181,0.017800918629607507,0.13333333333333333,0.05555555555555555,0.024553571428571428,0.39529836997652507,0.3125,6
Food-price.csv,994,0.3814697265625,0.390625,0.030479223945304848,0.008981299212598425,0.017485195359978514,0.21052631578947367,0.031746031746031744,0.017578125,0.46253729665118276,0.21875,11
Food-price.csv,995,0.369873046875,0.375,0.02728155419528555,0.010457677165354331,0.01698725944300513,0.14035087719298245,0.10317460317460317,0.02283653846153846,0.41881956958211713,0.2890625,12
Food-price.csv,996,0.38037109375,0.3828125,0.03241466763828662,0.010457677165354331,0.02556984038512901,0.1568627450980392,0.06349206349206349,0.0322265625,0.45921064618547164,0.2421875,9
Food-price.csv,997,0.37060546875,0.375,0.02165570006009442,0.007750984251968504,0.011242413190512456,0.16,0.06349206349206349,0.01953125,0.3870877035546849,0.2578125,15
Food-price.csv,998,0.3857421875,0.390625,0.023417146109925388,0.006889763779527559,0.01103174791902554,0.1702127659574468,0.05555555555555555,0.0234375,0.4176806883105959,0.2578125,18
Food-price.csv,999,0.3780517578125,0.375,0.031314544778481654,0.009719488188976378,0.014399416242468882,0.16,0.07142857142857142,0.028645833333333332,0.4672333920035571,0.2265625,10
Food-price.csv,1000,0.3814697265625,0.375,0.02404227409939718,0.012672244094488189,0.017398411047331707,0.12121212121212122,0.1111111111111111,0.026227678571428572,0.4223387977621414,0.34375,14
Food-price.csv,1001,0.388427734375,0.390625,0.02875371328506013,0.007750984251968504,0.015045097038483647,0.20512820512820512,0.03968253968253968,0.0203125,0.4291970643120118,0.2109375,23
Food-price.csv,1002,0.3787841796875,0.375,0.030051866439133608,0.009350393700787402,0.015718206563139932,0.1702127659574468,0.05555555555555555,0.016741071428571428,0.4776210683349105,0.2421875,13
Food-price.csv,1003,0.389404296875,0.390625,0.022235568992311962,0.01660925196850394,0.018781554761084014,0.1038961038961039,0.1349206349206349,0.03079044117647059,0.41704824571116633,0.453125,9
Food-price.csv,1004,0.3878173828125,0.390625,0.023472759427526135,0.014025590551181102,0.020361619674122464,0.11940298507462686,0.0873015873015873,0.03409090909090909,0.4073720868551411,0.3671875,13
Food-price.csv,1005,0.374267578125,0.359375,0.028828242438679322,0.008366141732283465,0.016025295127786825,0.21621621621621623,0.007936507936507936,0.03125,0.412621538203586,0.1875,27
Food-price.csv,1006,0.372314453125,0.375,0.02591918114569648,0.009227362204724409,0.012760922615343777,0.14035087719298245,0.07142857142857142,0.019965277777777776,0.455680052387645,0.3203125,16
Food-price.csv,1007,0.3677978515625,0.359375,0.024464973772176393,0.006643700787401575,0.013083056139821301,0.21052631578947367,0.031746031746031744,0.01953125,0.40430197806088425,0.2265625,15
Food-price.csv,1008,0.3775634765625,0.375,0.019800617469445888,0.006028543307086614,0.011934689284230096,0.2,0.047619047619047616,0.016927083333333332,0.3948258686726167,0.2265625,14
Food-price.csv,1009,0.3792724609375,0.375,0.03347287276775925,0.006151574803149607,0.013029726668182796,0.20512820512820512,0.03968253968253968,0.0171875,0.4606907639851931,0.1875,15
Food-price.csv,1010,0.3748779296875,0.375,0.01639881873993882,0.0072588582677165355,0.01156626940156921,0.17777777777777778,0.06349206349206349,0.025390625,0.3192866718790653,0.234375,15
Food-price.csv,1011,0.380859375,0.375,0.03354602351038607,0.009104330708661417,0.01486086027970241,0.1509433962264151,0.031746031746031744,0.025390625,0.4775021293779767,0.234375,15
Food-price.csv,1012,0.371337890625,0.375,0.025276514541119236,0.005905511811023622,0.012234057967181161,0.22857142857142856,0.03968253968253968,0.0171875,0.40271688355776897,0.21875,16
Food-price.csv,1013,0.382080078125,0.375,0.0304999949345819,0.008366141732283465,0.014111664329665041,0.17777777777777778,0.03968253968253968,0.0265625,0.4461812555227156,0.2421875,14
Food-price.csv,1014,0.39501953125,0.390625,0.024623128287349548,0.014640748031496063,0.0172893180812905,0.11428571428571428,0.06349206349206349,0.0263671875,0.43010213611403314,0.359375,9
Food-price.csv,1015,0.382080078125,0.375,0.025001478151491792,0.014640748031496063,0.016724139692558065,0.10666666666666667,0.10317460317460317,0.022235576923076924,0.41241523685083575,0.421875,8
Food-price.csv,1016,0.38037109375,0.375,0.025498381619427555,0.009719488188976378,0.013288540706493265,0.13793103448275862,0.0873015873015873,0.02556818181818182,0.44339523795638097,0.3046875,16
Food-price.csv,1017,0.380615234375,0.375,0.033072720424440344,0.011934055118110236,0.02051418768441229,0.1509433962264151,0.05555555555555555,0.024553571428571428,0.47666114671294985,0.28125,10
Food-price.csv,1018,0.3812255859375,0.375,0.02832636275283353,0.009227362204724409,0.015106343974577607,0.16326530612244897,0.031746031746031744,0.015625,0.450082945441937,0.2265625,10
Food-price.csv,1019,0.390625,0.390625,0.027203883353875233,0.009965551181102362,0.015889649892680068,0.1568627450980392,0.03968253968253968,0.0296875,0.44247752998172246,0.2578125,16
Food-price.csv,1020,0.395263671875,0.390625,0.022554947199183575,0.014763779527559055,0.018838689381295494,0.12307692307692308,0.047619047619047616,0.026041666666666668,0.36634643745481016,0.375,6
Food-price.csv,1021,0.39990234375,0.390625,0.021345208002338276,0.013041338582677165,0.01637752095698201,0.12698412698412698,0.03968253968253968,0.0203125,0.37018670621354977,0.328125,7
Food-price.csv,1022,0.381591796875,0.375,0.02307742405616613,0.010703740157480315,0.01540204956154412,0.14035087719298245,0.0873015873015873,0.02556818181818182,0.40163023839031003,0.296875,9
Food-price.csv,1023,0.3751220703125,0.375,0.026672572783251875,0.010949803149606299,0.021147106495930514,0.1568627450980392,0.0873015873015873,0.036931818181818184,0.44010036798394286,0.25,16
Food-price.csv,1024,0.3829345703125,0.375,0.020108282099549332,0.0054133858267716535,0.010807180736219377,0.23529411764705882,0.03968253968253968,0.025,0.3765837360920825,0.1484375,14
Food-price.csv,1025,0.3671875,0.375,0.01171875,0.0052903543307086616,0.009032556517213408,0.21052631578947367,0.047619047619047616,0.018229166666666668,0.26886564351591086,0.25,21
Food-price.csv,1026,0.38623046875,0.390625,0.02568470767546369,0.006889763779527559,0.011708048477726692,0.19047619047619047,0.07142857142857142,0.019097222222222224,0.4180855740627492,0.21875,15
Food-price.csv,1027,0.3658447265625,0.375,0.04790244997285415,0.01033464566929134,0.021138515349325315,0.16666666666666666,0.06349206349206349,0.037109375,0.554469792362844,0.28125,21
Food-price.csv,1028,0.3233642578125,0.328125,0.02144515185130943,0.0033218503937007876,0.009531566903664647,0.38095238095238093,0.015873015873015872,0.03125,0.278597687004321,0.125,32
Food-price.csv,1029,0.3206787109375,0.328125,0.040120669680888996,0.0062746062992125986,0.028228691354595794,0.25806451612903225,0.05555555555555555,0.016741071428571428,0.26971758750993896,0.1796875,15
Food-price.csv,1030,0.3204345703125,0.328125,0.02277682872929869,0.003813976377952756,0.009137521962414945,0.2857142857142857,0.023809523809523808,0.015625,0.28440526480169354,0.203125,43
Food-price.csv,1031,0.3436279296875,0.40625,0.11823258107950456,0.009104330708661417,0.04451666492061609,0.2857142857142857,0.03968253968253968,0.0453125,0.3768900767116789,0.1875,16
Food-price.csv,1032,0.297119140625,0.328125,0.08717119563525685,0.011441929133858268,0.048127493276439365,0.2857142857142857,0.047619047619047616,0.052083333333333336,0.3005152992490388,0.1796875,17
Food-price.csv,1033,0.3284912109375,0.328125,0.03496392945854439,0.0062746062992125986,0.014837414794961947,0.21621621621621623,0.047619047619047616,0.0234375,0.4375546392278482,0.2265625,23
Food-price.csv,1034,0.3421630859375,0.390625,0.05839287977022372,0.007750984251968504,0.026443472878756206,0.3333333333333333,0.0,0.0,0.4103292601262953,0.1171875,16
Food-price.csv,1035,0.3203125,0.296875,0.05316663120631328,0.0052903543307086616,0.01882984888750887,0.42105263157894735,0.015873015873015872,0.015625,0.38780156062109583,0.1171875,20
Food-price.csv,1036,0.2127685546875,0.203125,0.03064110741048305,0.008243110236220472,0.016267164670857464,0.19047619047619047,0.03968253968253968,0.0234375,0.3620706754363981,0.2734375,26
Food-price.csv,1037,0.2120361328125,0.203125,0.026470687615139474,0.013410433070866142,0.02063264233046409,0.14814814814814814,0.031746031746031744,0.0234375,0.4077185857883143,0.2890625,10
Food-price.csv,1038,0.2196044921875,0.2109375,0.03440542608482075,0.012303149606299213,0.021801930942829003,0.1702127659574468,0.047619047619047616,0.026041666666666668,0.4346255146848143,0.265625,14
Food-price.csv,1039,0.214111328125,0.203125,0.025191479768437264,0.009104330708661417,0.013071481284737632,0.14285714285714285,0.06349206349206349,0.0205078125,0.4159722465209381,0.3046875,11
Food-price.csv,1040,0.2652587890625,0.265625,0.02779104326646119,0.005905511811023622,0.011421405477633057,0.21621621621621623,0.007936507936507936,0.015625,0.4652311518163447,0.203125,19
Food-price.csv,1041,0.268310546875,0.265625,0.023283132182594715,0.006520669291338582,0.009890079483494772,0.17777777777777778,0.047619047619047616,0.015625,0.4311979345865236,0.265625,18
Food-price.csv,1042,0.2913818359375,0.296875,0.021447931070741322,0.007874015748031496,0.012688359334993824,0.17391304347826086,0.031746031746031744,0.0234375,0.395385883265917,0.2734375,22
Food-price.csv,1043,0.2901611328125,0.296875,0.022412787533142735,0.009965551181102362,0.012657304281113864,0.13114754098360656,0.03968253968253968,0.0203125,0.39577333859881714,0.3203125,12
Food-price.csv,1044,0.2960205078125,0.296875,0.018560709728902176,0.009473425196850394,0.011952432274803925,0.13333333333333333,0.07936507936507936,0.02265625,0.3609156653466817,0.34375,15
Food-price.csv,1045,0.29296875,0.296875,0.020484547815823272,0.008858267716535433,0.012945813423194806,0.1509433962264151,0.03968253968253968,0.0265625,0.3744076257438887,0.328125,15
Food-price.csv,1046,0.2486572265625,0.28125,0.050253695366332084,0.006151574803149607,0.017772835413134194,0.26666666666666666,0.03968253968253968,0.015625,0.3822980219877708,0.1484375,25
Food-price.csv,1047,0.2481689453125,0.21875,0.05828764749958667,0.011195866141732283,0.024482340325885418,0.16666666666666666,0.023809523809523808,0.020833333333333332,0.4850326333677418,0.28125,11
Food-price.csv,1048,0.2891845703125,0.296875,0.02277682872929869,0.010580708661417323,0.013568092777681878,0.12903225806451613,0.06349206349206349,0.021484375,0.39832228264451935,0.3359375,13
Food-price.csv,1049,0.3193359375,0.3125,0.03934225991891345,0.00861220472440945,0.013684730867602695,0.16326530612244897,0.03968253968253968,0.0296875,0.5017285547095033,0.28125,12
Food-price.csv,1050,0.35107421875,0.359375,0.032444075371836356,0.007997047244094488,0.019397662416541714,0.21052631578947367,0.03968253968253968,0.0171875,0.4505765256974353,0.203125,11
Food-price.csv,1051,0.3397216796875,0.34375,0.061925031490572026,0.01660925196850394,0.02866713061999329,0.14814814814814814,0.06349206349206349,0.0478515625,0.5663583518260776,0.2578125,9
Food-price.csv,1052,0.3201904296875,0.296875,0.06799557474406924,0.028174212598425195,0.04210194600784762,0.10526315789473684,0.0873015873015873,0.046875,0.5953228907493594,0.3671875,7
Food-price.csv,1053,0.3642578125,0.359375,0.02781060715995731,0.010580708661417323,0.022432255449177846,0.16666666666666666,0.031746031746031744,0.021484375,0.4549575915086023,0.2421875,12
Food-price.csv,1054,0.349853515625,0.359375,0.05620910429467037,0.019438976377952756,0.03506030682552892,0.12903225806451613,0.031746031746031744,0.0625,0.5286575946886559,0.3125,8
Food-price.csv,1055,0.3316650390625,0.359375,0.057017029334911526,0.019315944881889764,0.03182641938947014,0.13793103448275862,0.031746031746031744,0.056640625,0.571258215931339,0.2734375,8
Food-price.csv,1056,0.3360595703125,0.3125,0.05251677086308412,0.017593503937007874,0.02992979798145339,0.11594202898550725,0.1111111111111111,0.032924107142857144,0.5031311600010825,0.390625,9
Food-price.csv,1057,0.3363037109375,0.328125,0.05145158687439101,0.01796259842519685,0.03106977682933313,0.11764705882352941,0.14285714285714285,0.03211805555555555,0.56914683414417,0.375,10
Food-price.csv,1058,0.3546142578125,0.375,0.060627422284372234,0.01673228346456693,0.03228961555575641,0.14814814814814814,0.047619047619047616,0.022135416666666668,0.5196638454720965,0.2421875,7
Food-price.csv,1059,0.3603515625,0.375,0.05706836067846477,0.0265748031496063,0.04072212423880047,0.10810810810810811,0.1349206349206349,0.043198529411764705,0.5757919314121615,0.40625,5
Food-price.csv,1060,0.3004150390625,0.265625,0.06819776778357585,0.021530511811023622,0.041406267821376096,0.14285714285714285,0.06349206349206349,0.0439453125,0.43060691929784944,0.3046875,5
Food-price.csv,1061,0.328369140625,0.375,0.07279117321013825,0.027066929133858268,0.04481826490300842,0.12307692307692308,0.07936507936507936,0.07421875,0.4959222847250658,0.3203125,6
Food-price.csv,1062,0.3304443359375,0.359375,0.055418174144729666,0.016117125984251968,0.03451992801449426,0.15384615384615385,0.06349206349206349,0.05078125,0.5268385446601028,0.28125,13
Food-price.csv,1063,0.3350830078125,0.375,0.07444477799049862,0.03014271653543307,0.04910544436658052,0.10666666666666667,0.15079365079365079,0.06702302631578948,0.5121833179722931,0.3984375,4
Food-price.csv,1064,0.3387451171875,0.375,0.0710125092178551,0.02546751968503937,0.04007919759515726,0.13114754098360656,0.06349206349206349,0.0537109375,0.5429159479736819,0.3359375,5
Food-price.csv,1065,0.3304443359375,0.328125,0.0717116074340128,0.025836614173228346,0.0405832402322532,0.12307692307692308,0.07936507936507936,0.05,0.5412401445959989,0.3125,5
Food-price.csv,1066,0.3203125,0.34375,0.06095502552471576,0.013533464566929134,0.025592917062046864,0.125,0.07936507936507936,0.0328125,0.5428744316868558,0.3046875,14
Food-price.csv,1067,0.36865234375,0.375,0.024428706545603494,0.007997047244094488,0.015297520710993669,0.16666666666666666,0.031746031746031744,0.017578125,0.426937667053652,0.2421875,13
Food-price.csv,1068,0.3597412109375,0.375,0.05147011890918669,0.010211614173228346,0.023231786913232636,0.1702127659574468,0.06349206349206349,0.029296875,0.46061996782661496,0.2265625,12
Food-price.csv,1069,0.3558349609375,0.359375,0.05179335615308238,0.017470472440944882,0.028184687132433783,0.11940298507462686,0.07142857142857142,0.026041666666666668,0.5281065870778152,0.375,9
Food-price.csv,1070,0.3843994140625,0.390625,0.03576618493784653,0.021284448818897638,0.03342972001684816,0.11940298507462686,0.0873015873015873,0.03409090909090909,0.4004404391270469,0.4140625,6
Food-price.csv,1071,0.333740234375,0.3125,0.06318998938240292,0.025344488188976378,0.03550775088854892,0.1095890410958904,0.09523809523809523,0.038411458333333336,0.5506459070881334,0.3671875,6
Food-price.csv,1072,0.310546875,0.2890625,0.05787317339855099,0.017101377952755906,0.030905648947737265,0.14545454545454545,0.047619047619047616,0.037760416666666664,0.5659107434977302,0.265625,8
Food-price.csv,1073,0.3790283203125,0.390625,0.04297967251757175,0.019438976377952756,0.024231271007140547,0.10810810810810811,0.14285714285714285,0.030815972222222224,0.5346783957415355,0.34375,7
Food-price.csv,1074,0.311279296875,0.296875,0.04196307925545223,0.010580708661417323,0.017634323688158378,0.15384615384615385,0.07142857142857142,0.019097222222222224,0.5138690482125562,0.28125,17
Food-price.csv,1075,0.2996826171875,0.296875,0.0231454454716261,0.010826771653543307,0.012934115748967925,0.11940298507462686,0.12698412698412698,0.0205078125,0.42364881612029714,0.375,10
Food-price.csv,1076,0.297119140625,0.296875,0.026347965722214203,0.009596456692913386,0.015067214800832422,0.15384615384615385,0.07936507936507936,0.0203125,0.4491691653032534,0.265625,15
Food-price.csv,1077,0.306396484375,0.296875,0.023211341713152988,0.014517716535433071,0.020394302872804453,0.13333333333333333,0.1111111111111111,0.025111607142857144,0.41155417241909303,0.375,6
Food-price.csv,1078,0.2972412109375,0.296875,0.02134765122423174,0.007627952755905512,0.010350744397787012,0.14814814814814814,0.0873015873015873,0.018465909090909092,0.3978228899399258,0.2265625,20
Food-price.csv,1079,0.300537109375,0.296875,0.022817681129182192,0.011934055118110236,0.014991679342251787,0.11764705882352941,0.12698412698412698,0.02197265625,0.4215736968676955,0.4140625,12
Food-price.csv,1080,0.2960205078125,0.296875,0.02983289551191669,0.012426181102362205,0.03778489338209565,0.1568627450980392,0.05555555555555555,0.018973214285714284,0.36048288568872744,0.3046875,8
Food-price.csv,1081,0.295654296875,0.296875,0.027732268777308236,0.014517716535433071,0.01830814491903375,0.11428571428571428,0.06349206349206349,0.0224609375,0.45325541607512587,0.3359375,10
Food-price.csv,1082,0.298828125,0.296875,0.02670858267808075,0.016117125984251968,0.02074531388617914,0.1095890410958904,0.07936507936507936,0.01796875,0.4507275737796608,0.3984375,8
Food-price.csv,1083,0.2960205078125,0.296875,0.028923967447537155,0.013533464566929134,0.01822195726532835,0.12698412698412698,0.06349206349206349,0.03125,0.44970145302947934,0.3203125,13
Food-price.csv,1084,0.2958984375,0.296875,0.026975053353385025,0.011811023622047244,0.018880424770205233,0.13559322033898305,0.031746031746031744,0.03125,0.44205636103317963,0.28125,15
Food-price.csv,1085,0.295654296875,0.296875,0.029336521026049854,0.01660925196850394,0.021900297476485517,0.11940298507462686,0.07142857142857142,0.024305555555555556,0.46502498436611756,0.34375,9
Food-price.csv,1086,0.302490234375,0.296875,0.023334275862413073,0.013533464566929134,0.01904724653579096,0.12903225806451613,0.05555555555555555,0.016741071428571428,0.42883059070777363,0.375,9
Food-price.csv,1087,0.30419921875,0.3125,0.03488051044860544,0.020177165354330708,0.04071245867754843,0.10666666666666667,0.0873015873015873,0.0234375,0.4325267488881548,0.3515625,10
Food-price.csv,1088,0.2982177734375,0.296875,0.026852971741158964,0.014148622047244094,0.01854309550257942,0.11940298507462686,0.07936507936507936,0.01875,0.43982322533716656,0.3515625,6
Food-price.csv,1089,0.2928466796875,0.296875,0.026366904928318044,0.011441929133858268,0.014200414447861747,0.11940298507462686,0.1111111111111111,0.022879464285714284,0.45817139615929153,0.3359375,9
Food-price.csv,1090,0.30224609375,0.3125,0.023145767372053382,0.010580708661417323,0.015299499563690758,0.13793103448275862,0.1111111111111111,0.01953125,0.41942550351917846,0.328125,10
Food-price.csv,1091,0.3001708984375,0.296875,0.02082184633828128,0.008735236220472441,0.012347361506195252,0.14545454545454545,0.07936507936507936,0.0203125,0.39285340206856634,0.3046875,21
Food-price.csv,1092,0.3004150390625,0.296875,0.028983667164511145,0.016486220472440943,0.02040617469386243,0.11267605633802817,0.09523809523809523,0.024739583333333332,0.4661961493510942,0.3671875,11
Food-price.csv,1093,0.298095703125,0.296875,0.035026310159819364,0.015625,0.03921598782113491,0.13793103448275862,0.05555555555555555,0.018973214285714284,0.43771683564544883,0.34375,8
Food-price.csv,1094,0.2928466796875,0.296875,0.029764887682976606,0.009965551181102362,0.015146371453260235,0.13559322033898305,0.11904761904761904,0.019791666666666666,0.4856199039435491,0.2890625,16
Food-price.csv,1095,0.2891845703125,0.296875,0.04096891377268631,0.017593503937007874,0.04673091890408385,0.12121212121212122,0.1111111111111111,0.01953125,0.4309148501177098,0.359375,15
Food-price.csv,1096,0.2947998046875,0.296875,0.023386263474479856,0.009104330708661417,0.014063312651755483,0.1509433962264151,0.07936507936507936,0.021875,0.42489142619123443,0.3046875,14
Food-price.csv,1097,0.3057861328125,0.3125,0.03295423685425629,0.01636318897637795,0.0406533000552429,0.14285714285714285,0.023809523809523808,0.0234375,0.40422847727355565,0.296875,8
Food-price.csv,1098,0.3004150390625,0.296875,0.025180534346185182,0.014271653543307087,0.020189914591270626,0.13333333333333333,0.05555555555555555,0.022321428571428572,0.4417785307617892,0.375,15
Food-price.csv,1099,0.29296875,0.296875,0.023274170484009735,0.01328740157480315,0.018297393664173302,0.125,0.06349206349206349,0.025390625,0.43113089465540017,0.3515625,9
Food-price.csv,1100,0.296142578125,0.296875,0.027333939018361796,0.016486220472440943,0.021417377113178086,0.11428571428571428,0.09523809523809523,0.022135416666666668,0.4569325322166183,0.3671875,10
Food-price.csv,1101,0.299560546875,0.296875,0.026787689681100305,0.014148622047244094,0.01874928956845348,0.11267605633802817,0.07936507936507936,0.0203125,0.4515925119152116,0.3515625,10
Food-price.csv,1102,0.2967529296875,0.296875,0.023880585002251174,0.013533464566929134,0.0173574725280988,0.12121212121212122,0.07936507936507936,0.025,0.4347297886995553,0.375,7
Food-price.csv,1103,0.3084716796875,0.3125,0.02087616491208245,0.015255905511811024,0.020421004764638075,0.125,0.047619047619047616,0.02734375,0.3984500117987398,0.3359375,9
Food-price.csv,1104,0.2904052734375,0.296875,0.026674807368890583,0.01156496062992126,0.015589600454190122,0.11940298507462686,0.12698412698412698,0.021484375,0.4614693997375044,0.34375,10
Food-price.csv,1105,0.2987060546875,0.296875,0.023810595959411048,0.011441929133858268,0.013648180592414759,0.11267605633802817,0.14285714285714285,0.023003472222222224,0.429756719011502,0.359375,10
Food-price.csv,1106,0.297607421875,0.296875,0.026047642340109624,0.009350393700787402,0.01522113926595712,0.15384615384615385,0.09523809523809523,0.018880208333333332,0.4314343314630782,0.2890625,10
Food-price.csv,1107,0.3046875,0.296875,0.02174907954230477,0.012795275590551181,0.01925354470183262,0.13559322033898305,0.07142857142857142,0.018229166666666668,0.39237649641399835,0.375,9
Food-price.csv,1108,0.2958984375,0.296875,0.024685985663602614,0.013779527559055118,0.019372675480908944,0.12121212121212122,0.05555555555555555,0.024553571428571428,0.4364732377084561,0.359375,12
Food-price.csv,1109,0.2906494140625,0.296875,0.029383974936266107,0.015009842519685039,0.019647324845821813,0.11940298507462686,0.07936507936507936,0.0234375,0.4673551005982184,0.3515625,12
Food-price.csv,1110,0.3055419921875,0.3125,0.025451294235416623,0.015501968503937008,0.020043941543061956,0.11267605633802817,0.05555555555555555,0.0234375,0.43554414621952203,0.359375,10
Food-price.csv,1111,0.2982177734375,0.296875,0.02605993901392724,0.01156496062992126,0.01862373397373454,0.14545454545454545,0.06349206349206349,0.0234375,0.4478405125240546,0.296875,9
Food-price.csv,1112,0.298583984375,0.296875,0.02636605719510183,0.010457677165354331,0.015693148397065315,0.13559322033898305,0.07142857142857142,0.026041666666666668,0.4304987551217474,0.2890625,11
Food-price.csv,1113,0.3045654296875,0.3125,0.02470499263992617,0.010703740157480315,0.015022946712957343,0.13333333333333333,0.1349206349206349,0.019761029411764705,0.440191571943853,0.3359375,9
Food-price.csv,1114,0.28955078125,0.296875,0.02165570006009442,0.007012795275590551,0.011717094931898741,0.18181818181818182,0.07142857142857142,0.0234375,0.40964915853349537,0.2421875,19
Food-price.csv,1115,0.3079833984375,0.3125,0.025099924185436995,0.014517716535433071,0.0194288508962315,0.12121212121212122,0.07142857142857142,0.020833333333333332,0.44113905735697845,0.3515625,9
Food-price.csv,1116,0.3060302734375,0.3125,0.02616949497617492,0.015625,0.01950970760787772,0.11764705882352941,0.09523809523809523,0.02734375,0.45324438166526543,0.375,6
Food-price.csv,1117,0.313720703125,0.3125,0.022235568992311962,0.01660925196850394,0.02091245927161377,0.1095890410958904,0.10317460317460317,0.027644230769230768,0.40925732900153006,0.359375,9
Food-price.csv,1118,0.3026123046875,0.296875,0.027264890032374568,0.015748031496062992,0.020517876689402505,0.12121212121212122,0.05555555555555555,0.021205357142857144,0.44653056351939907,0.3203125,7
Food-price.csv,1119,0.298583984375,0.296875,0.023293369901978136,0.011811023622047244,0.018778330736554057,0.14035087719298245,0.047619047619047616,0.020833333333333332,0.4147273362974335,0.3203125,12
Food-price.csv,1120,0.29443359375,0.296875,0.02778916655299257,0.010949803149606299,0.019143163110073733,0.16326530612244897,0.047619047619047616,0.0234375,0.4638457585077773,0.234375,11
Food-price.csv,1121,0.3050537109375,0.3125,0.0272714476393559,0.00984251968503937,0.013270302865397465,0.13333333333333333,0.1111111111111111,0.021205357142857144,0.4249236426512087,0.3359375,13
Food-price.csv,1122,0.301025390625,0.296875,0.02737751646973365,0.011811023622047244,0.01552831001572045,0.12121212121212122,0.14285714285714285,0.019965277777777776,0.45846123018875934,0.375,9
Food-price.csv,1123,0.301513671875,0.296875,0.020331212740939335,0.009350393700787402,0.01689702222526858,0.1509433962264151,0.09523809523809523,0.01953125,0.38388854255030863,0.3203125,12
Food-price.csv,1124,0.299560546875,0.296875,0.028712224607097717,0.013410433070866142,0.019873300066197128,0.13559322033898305,0.047619047619047616,0.0234375,0.45927709837641334,0.2734375,11
Food-price.csv,1125,0.303466796875,0.296875,0.025955949219711467,0.01390255905511811,0.020114050509533264,0.12698412698412698,0.03968253968253968,0.0234375,0.4455792367813056,0.3359375,9
Food-price.csv,1126,0.293212890625,0.296875,0.027097409820645905,0.010457677165354331,0.0156931483970653,0.13333333333333333,0.10317460317460317,0.021634615384615384,0.4530336794750829,0.34375,17
Food-price.csv,1127,0.30322265625,0.296875,0.02387590464530791,0.010211614173228346,0.012147140794485714,0.12307692307692308,0.11904761904761904,0.020833333333333332,0.4311177741370053,0.328125,10
Food-price.csv,1128,0.297119140625,0.296875,0.025983491131309697,0.008981299212598425,0.013083056139821322,0.14545454545454545,0.07142857142857142,0.019097222222222224,0.45409967115593686,0.296875,13
Food-price.csv,1129,0.3092041015625,0.3125,0.023972757116425356,0.013533464566929134,0.018116152801505192,0.11428571428571428,0.11904761904761904,0.021354166666666667,0.37568681217660144,0.4375,14
Food-price.csv,1130,0.312255859375,0.3125,0.03131002383615908,0.01156496062992126,0.02489617639345845,0.17391304347826086,0.047619047619047616,0.026041666666666668,0.4633933671810498,0.171875,12
Food-price.csv,1131,0.3138427734375,0.328125,0.03654105021885806,0.02066929133858268,0.02860898972698243,0.10526315789473684,0.0873015873015873,0.032670454545454544,0.5071014103143247,0.359375,6
Food-price.csv,1132,0.3023681640625,0.3125,0.039334494631536786,0.020054133858267716,0.029665646600507068,0.11267605633802817,0.07142857142857142,0.019097222222222224,0.5267905375214572,0.328125,8
Food-price.csv,1133,0.3013916015625,0.3125,0.038081046548434826,0.020915354330708662,0.03211287027770759,0.11428571428571428,0.11904761904761904,0.041666666666666664,0.5110016545810323,0.390625,8
Food-price.csv,1134,0.3154296875,0.328125,0.0367867347692136,0.02878937007874016,0.03654801710527684,0.1,0.11904761904761904,0.043229166666666666,0.49288227408001073,0.4296875,5
Food-price.csv,1135,0.312255859375,0.3125,0.039402058099350594,0.02436023622047244,0.031228680184822593,0.10666666666666667,0.1111111111111111,0.04408482142857143,0.5291475726679545,0.359375,7
Food-price.csv,1136,0.3096923828125,0.3125,0.030908386326347854,0.011441929133858268,0.02332022982125685,0.1702127659574468,0.031746031746031744,0.01953125,0.4570521231514389,0.171875,14
Food-price.csv,1137,0.313720703125,0.328125,0.0409974557505858,0.02546751968503937,0.033950897457053715,0.10666666666666667,0.07936507936507936,0.0375,0.5271958549408948,0.3359375,5
Food-price.csv,1138,0.31201171875,0.328125,0.04138309623126964,0.03518700787401575,0.03955610883996296,0.09195402298850575,0.09523809523809523,0.047526041666666664,0.4970177698904567,0.453125,8
Food-price.csv,1139,0.310546875,0.3125,0.038173477120492315,0.022391732283464565,0.03444486408682468,0.13114754098360656,0.07936507936507936,0.04609375,0.5041971160496486,0.265625,5
Food-price.csv,1140,0.30224609375,0.3125,0.04009559176370684,0.020546259842519687,0.03029424191648779,0.12307692307692308,0.0873015873015873,0.040482954545454544,0.5338290760540159,0.3046875,6
Food-price.csv,1141,0.2977294921875,0.296875,0.03838815359281512,0.01673228346456693,0.02718244409233714,0.12307692307692308,0.05555555555555555,0.033482142857142856,0.5188403834918136,0.3203125,8
Food-price.csv,1142,0.3177490234375,0.328125,0.04037243756409363,0.025713582677165354,0.03850001313476432,0.12698412698412698,0.07936507936507936,0.0484375,0.5241684539397141,0.296875,5
Food-price.csv,1143,0.3101806640625,0.3125,0.03286186319853659,0.012795275590551181,0.025370753151517413,0.1568627450980392,0.06349206349206349,0.021484375,0.4661888354834436,0.2265625,12
Food-price.csv,1144,0.318115234375,0.328125,0.03938995440652596,0.02718996062992126,0.03323034930244082,0.09876543209876543,0.09523809523809523,0.024088541666666668,0.47912609284057933,0.3515625,6
Food-price.csv,1145,0.3199462890625,0.328125,0.03705613181612802,0.022760826771653545,0.030987821552227082,0.10526315789473684,0.07936507936507936,0.03671875,0.5183285701122614,0.2890625,6
Food-price.csv,1146,0.310791015625,0.3125,0.030146177517064762,0.013410433070866142,0.026286737966561852,0.16326530612244897,0.023809523809523808,0.0234375,0.4493714244722607,0.1953125,11
Food-price.csv,1147,0.3076171875,0.3125,0.036526570721220786,0.02312992125984252,0.031424854912839494,0.11764705882352941,0.09523809523809523,0.0390625,0.5046199507497283,0.3125,5
Food-price.csv,1148,0.31396484375,0.328125,0.03779372576761202,0.02374507874015748,0.03620054120394285,0.11764705882352941,0.07936507936507936,0.0453125,0.4694835200245926,0.3125,8
Food-price.csv,1149,0.3153076171875,0.328125,0.03235554171504114,0.017470472440944882,0.03195646897921173,0.13114754098360656,0.0873015873015873,0.04403409090909091,0.4590029242065714,0.296875,5
Food-price.csv,1150,0.312255859375,0.328125,0.03622424953991766,0.034325787401574805,0.03730878136180322,0.09302325581395349,0.1349206349206349,0.05238970588235294,0.5001784412385583,0.4140625,4
Food-price.csv,1151,0.3076171875,0.3125,0.03135662960547329,0.017839566929133858,0.02805549766484099,0.125,0.06349206349206349,0.0478515625,0.4864645429339083,0.3125,6
Food-price.csv,1152,0.29296875,0.296875,0.03997947166105219,0.013779527559055118,0.02374220995684834,0.13114754098360656,0.05555555555555555,0.029017857142857144,0.5159624159003618,0.296875,6
Food-price.csv,1153,0.3226318359375,0.328125,0.03458685182957385,0.026820866141732284,0.03462894065863929,0.10256410256410256,0.12698412698412698,0.033203125,0.48295465933681186,0.390625,5
Food-price.csv,1154,0.30859375,0.3046875,0.04487939567607835,0.025713582677165354,0.031830699531063815,0.10666666666666667,0.0873015873015873,0.036931818181818184,0.5007019760193064,0.34375,6
Food-price.csv,1155,0.2564697265625,0.265625,0.0236422811408379,0.0054133858267716535,0.01724812063118273,0.2857142857142857,0.023809523809523808,0.015625,0.4072599228401692,0.1328125,22
Food-price.csv,1156,0.2550048828125,0.25,0.03973702742063697,0.005905511811023622,0.018176212041755804,0.32,0.007936507936507936,0.015625,0.40230675665256105,0.1171875,16
Food-price.csv,1157,0.3201904296875,0.328125,0.03232974094576163,0.006028543307086614,0.01316034506868511,0.2222222222222222,0.05555555555555555,0.016741071428571428,0.40741954027726024,0.1953125,29
Food-price.csv,1158,0.361083984375,0.34375,0.04895430473905365,0.00516732283464567,0.016411682184472268,0.3333333333333333,0.023809523809523808,0.015625,0.43171163984567956,0.1484375,14
Food-price.csv,1159,0.422119140625,0.421875,0.018215901225703865,0.005905511811023622,0.009984519471099166,0.20512820512820512,0.031746031746031744,0.015625,0.368323973223657,0.1953125,18
Food-price.csv,1160,0.4205322265625,0.421875,0.017581091736407668,0.007997047244094488,0.015422674027393852,0.2,0.023809523809523808,0.033854166666666664,0.3606238936337616,0.2265625,14
Food-price.csv,1161,0.4234619140625,0.421875,0.018095662939909173,0.006520669291338582,0.012314217462648746,0.1951219512195122,0.047619047619047616,0.022135416666666668,0.3723393659613266,0.2578125,17
Food-price.csv,1162,0.41943359375,0.421875,0.021787413591135844,0.0062746062992125986,0.01196888435729854,0.21052631578947367,0.03968253968253968,0.0203125,0.382006048183883,0.2265625,17
Food-price.csv,1163,0.4207763671875,0.421875,0.019254246008133784,0.006151574803149607,0.013747634280391531,0.23529411764705882,0.03968253968253968,0.015625,0.3719799761365566,0.203125,20
Food-price.csv,1164,0.41552734375,0.421875,0.013732774521899641,0.005536417322834645,0.009710918927495631,0.21052631578947367,0.03968253968253968,0.0171875,0.2974633356008443,0.2265625,21
Food-price.csv,1165,0.4202880859375,0.421875,0.02492357732525424,0.007504921259842519,0.012684779939746049,0.16666666666666666,0.031746031746031744,0.015625,0.4308743612591021,0.2109375,14
Food-price.csv,1166,0.4239501953125,0.421875,0.017726273892013106,0.008243110236220472,0.012374302126653707,0.1509433962264151,0.05555555555555555,0.020089285714285716,0.36463781746225693,0.3359375,20
Food-price.csv,1167,0.412353515625,0.421875,0.028786861175061372,0.009350393700787402,0.01547166923953581,0.16326530612244897,0.031746031746031744,0.0234375,0.4092959890630876,0.2734375,12
Food-price.csv,1168,0.4180908203125,0.421875,0.020367459990767747,0.0072588582677165355,0.01189403448681788,0.18181818181818182,0.05555555555555555,0.018973214285714284,0.38127890517847574,0.2734375,11
Food-price.csv,1169,0.41064453125,0.421875,0.07315587361991362,0.01439468503937008,0.047652117140910395,0.14545454545454545,0.06349206349206349,0.0166015625,0.3820921227632403,0.3046875,13
Food-price.csv,1170,0.3790283203125,0.375,0.02784461021593025,0.006766732283464567,0.01102076558885762,0.18604651162790697,0.03968253968253968,0.0171875,0.4218159534148738,0.2265625,19
Food-price.csv,1171,0.36328125,0.359375,0.0225245363177164,0.011195866141732283,0.017960070202834497,0.15384615384615385,0.047619047619047616,0.024739583333333332,0.4006319281582016,0.28125,8
Food-price.csv,1172,0.360107421875,0.359375,0.025827031956486918,0.017470472440944882,0.021800542329029136,0.10666666666666667,0.047619047619047616,0.037760416666666664,0.42001540046075553,0.4296875,5
Food-price.csv,1173,0.36376953125,0.375,0.0501743139139281,0.02546751968503937,0.055070304950599065,0.10666666666666667,0.09523809523809523,0.037109375,0.42117662685405016,0.3828125,8
Food-price.csv,1174,0.3701171875,0.375,0.02300628708865185,0.014025590551181102,0.018584680229107472,0.11764705882352941,0.07142857142857142,0.024305555555555556,0.41100297561395993,0.3203125,12
Food-price.csv,1175,0.3594970703125,0.375,0.05027148334110869,0.025836614173228346,0.05657094683266358,0.10126582278481013,0.09523809523809523,0.0234375,0.4284681920073586,0.375,7
Food-price.csv,1176,0.3690185546875,0.375,0.023528557956505415,0.012426181102362205,0.01842928036004797,0.13333333333333333,0.047619047619047616,0.022135416666666668,0.3947826474390725,0.3359375,9
Food-price.csv,1177,0.370849609375,0.375,0.02550188775648358,0.015871062992125984,0.021207860818201862,0.11594202898550725,0.07142857142857142,0.025173611111111112,0.4237833187783519,0.3125,7
Food-price.csv,1178,0.369140625,0.375,0.024158822025103478,0.015625,0.018183705498860548,0.1095890410958904,0.09523809523809523,0.028645833333333332,0.4053526140503199,0.3671875,7
Food-price.csv,1179,0.3629150390625,0.359375,0.022372860918142244,0.015009842519685039,0.017026421153549402,0.1,0.10317460317460317,0.028245192307692308,0.3993598113303803,0.390625,6
Food-price.csv,1180,0.3570556640625,0.359375,0.05055877663350062,0.02546751968503937,0.05433230225253333,0.11428571428571428,0.07936507936507936,0.034375,0.4493392687586825,0.34375,8
Food-price.csv,1181,0.3651123046875,0.359375,0.039493283521647424,0.018823818897637797,0.040104870997658824,0.11940298507462686,0.047619047619047616,0.033854166666666664,0.4266194300119653,0.296875,8
Food-price.csv,1182,0.3580322265625,0.359375,0.05865970713975741,0.027682086614173228,0.06536226983428696,0.11764705882352941,0.023809523809523808,0.033854166666666664,0.42530305553908515,0.28125,7
Food-price.csv,1183,0.3634033203125,0.359375,0.022375524908973363,0.015748031496062992,0.018445699893205145,0.10810810810810811,0.07142857142857142,0.026041666666666668,0.37854315146109924,0.3828125,6
Food-price.csv,1184,0.3619384765625,0.359375,0.012922744039075087,0.004675196850393701,0.010058530234237065,0.26666666666666666,0.023809523809523808,0.026041666666666668,0.28254437878407446,0.1875,25
Food-price.csv,1185,0.3720703125,0.375,0.019211245676666017,0.006643700787401575,0.01611195971174803,0.25,0.015873015873015872,0.01953125,0.3637140992909713,0.15625,18
Food-price.csv,1186,0.367919921875,0.375,0.05081351795561046,0.02202263779527559,0.05177974585718012,0.1095890410958904,0.07936507936507936,0.02109375,0.4298251236056388,0.3515625,7
Food-price.csv,1187,0.3612060546875,0.359375,0.05057881426643543,0.023622047244094488,0.05183584274089881,0.11267605633802817,0.05555555555555555,0.0234375,0.447137269803594,0.3359375,8
Food-price.csv,1188,0.359130859375,0.359375,0.03782131502161975,0.018823818897637797,0.04128582122276446,0.11267605633802817,0.031746031746031744,0.025390625,0.4022550391258286,0.3515625,7
Food-price.csv,1189,0.345703125,0.34375,0.038964721373554695,0.013779527559055118,0.040924573699110976,0.14285714285714285,0.047619047619047616,0.022135416666666668,0.45818631455714726,0.296875,10
Food-price.csv,1190,0.309814453125,0.3125,0.029108074918863625,0.0062746062992125986,0.013044820141426449,0.2222222222222222,0.023809523809523808,0.018229166666666668,0.4493469750882717,0.1953125,30
Food-price.csv,1191,0.3189697265625,0.3125,0.026674807368890583,0.007997047244094488,0.01763260686746717,0.20512820512820512,0.03968253968253968,0.015625,0.44143662991538,0.2109375,13
Food-price.csv,1192,0.295654296875,0.296875,0.02660908820848368,0.007504921259842519,0.015169339427121306,0.20512820512820512,0.015873015873015872,0.02734375,0.42873371316161474,0.21875,14
Food-price.csv,1193,0.3192138671875,0.328125,0.030862069314120017,0.00861220472440945,0.018467843106260626,0.17777777777777778,0.015873015873015872,0.015625,0.4750608692747174,0.25,9
Food-price.csv,1194,0.3134765625,0.3203125,0.03977619502815684,0.009719488188976378,0.021112003972762132,0.18604651162790697,0.047619047619047616,0.0234375,0.5023541404825952,0.1953125,14
Food-price.csv,1195,0.3134765625,0.3203125,0.03454050621841288,0.010088582677165354,0.020892182625125356,0.16326530612244897,0.031746031746031744,0.025390625,0.5045037807572683,0.2890625,17
Food-price.csv,1196,0.3192138671875,0.328125,0.028349499625040533,0.0054133858267716535,0.011987839472944661,0.22857142857142856,0.047619047619047616,0.01953125,0.428713667614462,0.1796875,26
Food-price.csv,1197,0.307373046875,0.3125,0.02917352777344219,0.007997047244094488,0.014523971026942636,0.16666666666666666,0.047619047619047616,0.0234375,0.46988340310253046,0.2578125,17
Food-price.csv,1198,0.3160400390625,0.3203125,0.03936478951689456,0.011687992125984252,0.04032618869407932,0.20512820512820512,0.023809523809523808,0.057291666666666664,0.4652361522622919,0.2109375,10
Food-price.csv,1199,0.3055419921875,0.296875,0.033306857362987226,0.008858267716535433,0.017711408378866263,0.18181818181818182,0.03968253968253968,0.015625,0.4966632679071296,0.15625,21
Food-price.csv,1200,0.31201171875,0.3125,0.03325693594503481,0.007874015748031496,0.017191863233309602,0.18604651162790697,0.05555555555555555,0.017857142857142856,0.46789618555095336,0.234375,20
Food-price.csv,1201,0.3092041015625,0.296875,0.0437888858189281,0.012672244094488189,0.03214349412938685,0.1702127659574468,0.031746031746031744,0.015625,0.4855512117081798,0.203125,10
Food-price.csv,1202,0.3331298828125,0.328125,0.036640416451777735,0.007135826771653544,0.012970344199255364,0.17391304347826086,0.05555555555555555,0.018973214285714284,0.5120272477152515,0.3046875,17
Food-price.csv,1203,0.3529052734375,0.359375,0.017197190067400385,0.0062746062992125986,0.009040931629367045,0.17391304347826086,0.06349206349206349,0.0166015625,0.3620746299346933,0.28125,14
Food-price.csv,1204,0.4200439453125,0.421875,0.03688362117786595,0.004921259842519685,0.009940457616498106,0.24242424242424243,0.03968253968253968,0.015625,0.4398438151950494,0.203125,32
Food-price.csv,1205,0.435546875,0.421875,0.024394523431243743,0.006766732283464567,0.014619538166843467,0.20512820512820512,0.05555555555555555,0.016741071428571428,0.38911110354978623,0.203125,15
Food-price.csv,1206,0.441162109375,0.4375,0.0275857300038881,0.017839566929133858,0.026286737966561863,0.12903225806451613,0.05555555555555555,0.017857142857142856,0.43890366172617784,0.2890625,7
Food-price.csv,1207,0.449462890625,0.453125,0.018681145445606704,0.013779527559055118,0.015761482321585432,0.1095890410958904,0.0873015873015873,0.019886363636363636,0.3583088514318655,0.4140625,8
Food-price.csv,1208,0.4393310546875,0.4453125,0.025661200562665062,0.01796259842519685,0.02019516193768031,0.09876543209876543,0.12698412698412698,0.0263671875,0.4347953468668327,0.4296875,7
Food-price.csv,1209,0.4425048828125,0.453125,0.025832512493833806,0.016978346456692914,0.024413615659079665,0.11594202898550725,0.047619047619047616,0.01953125,0.42215756868473603,0.3671875,10
Food-price.csv,1210,0.4464111328125,0.453125,0.023975243336672798,0.014886811023622047,0.021377054357871815,0.12307692307692308,0.047619047619047616,0.024739583333333332,0.3867845123396973,0.34375,9
Food-price.csv,1211,0.4439697265625,0.453125,0.02724083196769914,0.018577755905511813,0.02399334988828526,0.10526315789473684,0.07936507936507936,0.02265625,0.4457508656241649,0.3828125,9
Food-price.csv,1212,0.4449462890625,0.453125,0.024313452361216216,0.015748031496062992,0.021163563112229142,0.11764705882352941,0.07936507936507936,0.02265625,0.4029920527077527,0.3984375,7
Food-price.csv,1213,0.44140625,0.453125,0.026203921611325662,0.01796259842519685,0.025646681891954064,0.11267605633802817,0.07936507936507936,0.0171875,0.4232700096897133,0.359375,10
Food-price.csv,1214,0.4407958984375,0.453125,0.028347397053356108,0.02079232283464567,0.02807814873063877,0.1038961038961039,0.09523809523809523,0.022786458333333332,0.44510481790567186,0.453125,8
Food-price.csv,1215,0.4471435546875,0.453125,0.02742183978738725,0.019438976377952756,0.02501203384655425,0.1038961038961039,0.07936507936507936,0.01875,0.4354067201392336,0.4296875,9
Food-price.csv,1216,0.4454345703125,0.453125,0.02485892306336009,0.01636318897637795,0.02110555022413537,0.10810810810810811,0.07936507936507936,0.02109375,0.40405236780089937,0.421875,10
Food-price.csv,1217,0.44580078125,0.453125,0.027269535166881253,0.019438976377952756,0.027290815285590117,0.11764705882352941,0.09523809523809523,0.026041666666666668,0.424578223380941,0.40625,6
Food-price.csv,1218,0.44287109375,0.453125,0.02638074738132832,0.01808562992125984,0.02281827979735295,0.10256410256410256,0.0873015873015873,0.0234375,0.43931395214525953,0.421875,9
Food-price.csv,1219,0.4464111328125,0.453125,0.02661440770239962,0.019808070866141732,0.02514482067367977,0.10526315789473684,0.09523809523809523,0.026041666666666668,0.43897797305621605,0.4140625,9
Food-price.csv,1220,0.4453125,0.453125,0.02478237800869047,0.01796259842519685,0.02278907323688742,0.1095890410958904,0.07936507936507936,0.01875,0.40757501016514874,0.4375,8
Food-price.csv,1221,0.44482421875,0.453125,0.022005184256335446,0.01636318897637795,0.02119643801480497,0.11267605633802817,0.07936507936507936,0.01953125,0.39344641534722496,0.4140625,10
Food-price.csv,1222,0.4432373046875,0.453125,0.025230194312370606,0.017101377952755906,0.02372754186973412,0.1111111111111111,0.07936507936507936,0.0203125,0.43198427653709315,0.3828125,9
Food-price.csv,1223,0.444580078125,0.453125,0.02217114127560073,0.014763779527559055,0.018425994697629244,0.10256410256410256,0.1111111111111111,0.0234375,0.4150989787118595,0.4140625,7
Food-price.csv,1224,0.43994140625,0.4375,0.02564755075521269,0.018331692913385825,0.02279040161981162,0.09876543209876543,0.11904761904761904,0.0234375,0.44270532862366924,0.4296875,6
Food-price.csv,1225,0.44384765625,0.4453125,0.026452949356604565,0.018331692913385825,0.02504106557332235,0.11267605633802817,0.05555555555555555,0.022321428571428572,0.42045670413601144,0.3828125,7
Food-price.csv,1226,0.444091796875,0.453125,0.022406470559709204,0.015378937007874016,0.01839228281582074,0.10526315789473684,0.10317460317460317,0.019831730769230768,0.3960678026973154,0.421875,10
Food-price.csv,1227,0.4417724609375,0.453125,0.04210399557938028,0.019192913385826772,0.0564284194762094,0.1038961038961039,0.12698412698412698,0.01904296875,0.3723845743864322,0.421875,6
Food-price.csv,1228,0.4403076171875,0.4375,0.024271740930530035,0.016117125984251968,0.022522493939958498,0.11267605633802817,0.09523809523809523,0.020833333333333332,0.4289199176579923,0.375,8
Food-price.csv,1229,0.4410400390625,0.4375,0.022627173872567727,0.015501968503937008,0.018857963345973037,0.10666666666666667,0.09523809523809523,0.024088541666666668,0.41440159734249127,0.4140625,8
Food-price.csv,1230,0.4447021484375,0.453125,0.02200213679860501,0.015501968503937008,0.017372291214186583,0.10126582278481013,0.0873015873015873,0.02130681818181818,0.40046766591171606,0.4296875,8
Food-price.csv,1231,0.4412841796875,0.453125,0.023659922285782658,0.014271653543307087,0.019214195499242664,0.11764705882352941,0.0873015873015873,0.024857954545454544,0.41830569344276114,0.3515625,10
Food-price.csv,1232,0.4432373046875,0.453125,0.025605393794435247,0.0203001968503937,0.02505798521415369,0.09411764705882353,0.11904761904761904,0.022916666666666665,0.43755884824963637,0.5078125,6
Food-price.csv,1233,0.4417724609375,0.4375,0.02389805023587906,0.018577755905511813,0.02044619119863084,0.09876543209876543,0.1349206349206349,0.02619485294117647,0.4311628267839404,0.4609375,7
Food-price.csv,1234,0.45068359375,0.453125,0.01947624089372962,0.014640748031496063,0.017728492793351404,0.1111111111111111,0.07142857142857142,0.024305555555555556,0.3761046540980377,0.4296875,12
Food-price.csv,1235,0.443603515625,0.453125,0.02548318278449301,0.012795275590551181,0.0170281990913346,0.12903225806451613,0.05555555555555555,0.017857142857142856,0.4226675577005543,0.3359375,8
Food-price.csv,1236,0.446044921875,0.453125,0.024068600760576455,0.013410433070866142,0.01589631681233978,0.11267605633802817,0.07142857142857142,0.019965277777777776,0.4168656093571719,0.390625,7
Food-price.csv,1237,0.446044921875,0.453125,0.025001478151491792,0.015994094488188976,0.02256747787513296,0.11764705882352941,0.06349206349206349,0.0205078125,0.40626303892942667,0.3984375,9
Food-price.csv,1238,0.44677734375,0.453125,0.026162945946521122,0.017716535433070866,0.024282440599357868,0.11764705882352941,0.05555555555555555,0.022321428571428572,0.41675000688301855,0.40625,9
Food-price.csv,1239,0.4476318359375,0.453125,0.02340409759688773,0.015009842519685039,0.020415074029084376,0.12307692307692308,0.06349206349206349,0.0205078125,0.3918313593250174,0.359375,8
Food-price.csv,1240,0.448486328125,0.453125,0.021955016791125076,0.013656496062992126,0.020281920310034337,0.13114754098360656,0.047619047619047616,0.01953125,0.3745756199070567,0.3515625,8
Food-price.csv,1241,0.447509765625,0.453125,0.025817798948074434,0.015009842519685039,0.022900388788579827,0.12903225806451613,0.06349206349206349,0.0205078125,0.42568642488982156,0.3359375,7
Food-price.csv,1242,0.4442138671875,0.453125,0.028214619162039444,0.020915354330708662,0.027185228237468773,0.10810810810810811,0.07936507936507936,0.02890625,0.41648217543361343,0.421875,8
Food-price.csv,1243,0.43994140625,0.4375,0.025943316071846155,0.018208661417322834,0.021547729336214985,0.1,0.09523809523809523,0.020833333333333332,0.434649545383112,0.4375,9
Food-price.csv,1244,0.4437255859375,0.453125,0.02246856559921805,0.014640748031496063,0.020258771261434518,0.12121212121212122,0.0873015873015873,0.024147727272727272,0.407737714198672,0.390625,9
Food-price.csv,1245,0.448974609375,0.453125,0.0265283252555271,0.01808562992125984,0.025219356067698113,0.11594202898550725,0.05555555555555555,0.025669642857142856,0.42612195480204385,0.40625,9
Food-price.csv,1246,0.4559326171875,0.453125,0.017625110138893944,0.01033464566929134,0.012588953978628444,0.125,0.06349206349206349,0.017578125,0.3600700278208174,0.3359375,15
Food-price.csv,1247,0.4434814453125,0.453125,0.024325706817457212,0.014763779527559055,0.018425994697629268,0.1111111111111111,0.09523809523809523,0.024739583333333332,0.4202845786395584,0.390625,11
Food-price.csv,1248,0.444580078125,0.453125,0.02217114127560073,0.01624015748031496,0.02306766731102324,0.12121212121212122,0.06349206349206349,0.02734375,0.39108952246893897,0.3828125,10
Food-price.csv,1249,0.4443359375,0.453125,0.021283686247757196,0.014886811023622047,0.01673680607012147,0.10526315789473684,0.11904761904761904,0.024479166666666666,0.3981916649425928,0.3671875,8
Food-price.csv,1250,0.4407958984375,0.453125,0.027109230326945333,0.017593503937007874,0.020934885507839857,0.10126582278481013,0.11904761904761904,0.022395833333333334,0.44762389141085945,0.3984375,6
Food-price.csv,1251,0.44189453125,0.453125,0.02733938999837777,0.017593503937007874,0.022183230394915935,0.10126582278481013,0.0873015873015873,0.019886363636363636,0.4394733864290104,0.359375,7
Food-price.csv,1252,0.4385986328125,0.4375,0.02628993266735835,0.017839566929133858,0.024547173057755747,0.10666666666666667,0.07936507936507936,0.0234375,0.44105263334092704,0.3984375,15
Food-price.csv,1253,0.439208984375,0.4375,0.022117308147051505,0.015994094488188976,0.020040920602345025,0.1095890410958904,0.0873015873015873,0.019176136363636364,0.4050636839954509,0.4296875,8
Food-price.csv,1254,0.4375,0.4375,0.025984638077441544,0.019808070866141732,0.0255242174800983,0.09876543209876543,0.09523809523809523,0.025390625,0.44829690019430296,0.421875,8
Food-price.csv,1255,0.4378662109375,0.4375,0.02256386435232655,0.015748031496062992,0.021612960807468024,0.12121212121212122,0.047619047619047616,0.0234375,0.41778518325986064,0.3671875,9
Food-price.csv,1256,0.443359375,0.453125,0.024935830732038484,0.01796259842519685,0.02534508542221175,0.10666666666666667,0.10317460317460317,0.02403846153846154,0.430100912337116,0.46875,6
Food-price.csv,1257,0.4437255859375,0.453125,0.022637708245703998,0.016486220472440943,0.021506947172019866,0.11267605633802817,0.0873015873015873,0.022727272727272728,0.4013728619844547,0.3984375,9
Food-price.csv,1258,0.443359375,0.453125,0.025315393353155705,0.018454724409448817,0.02306897965164789,0.10666666666666667,0.09523809523809523,0.022135416666666668,0.4272028787546953,0.421875,11
Food-price.csv,1259,0.44287109375,0.453125,0.026308347252000378,0.01808562992125984,0.022818279797352955,0.10256410256410256,0.06349206349206349,0.017578125,0.4090636079767825,0.4140625,8
Food-price.csv,1260,0.4449462890625,0.453125,0.02634655180271235,0.016978346456692914,0.02320244848652253,0.11594202898550725,0.0873015873015873,0.024147727272727272,0.4370580787062615,0.390625,9
Food-price.csv,1261,0.4410400390625,0.4453125,0.024567086352158485,0.01636318897637795,0.021997536061640757,0.10810810810810811,0.1111111111111111,0.022321428571428572,0.4290217188378991,0.3828125,8
Food-price.csv,1262,0.440185546875,0.453125,0.02554859027295445,0.018823818897637797,0.024905902412539697,0.10526315789473684,0.10317460317460317,0.022235576923076924,0.43155674032591196,0.40625,9
Food-price.csv,1263,0.44287109375,0.453125,0.023473076839300614,0.015378937007874016,0.02209571684747762,0.125,0.047619047619047616,0.018229166666666668,0.41138182335946594,0.3203125,7
Food-price.csv,1264,0.4451904296875,0.453125,0.02470499263992617,0.016978346456692914,0.02157089856687314,0.10666666666666667,0.0873015873015873,0.020596590909090908,0.4185594163187743,0.4296875,6
Food-price.csv,1265,0.4468994140625,0.453125,0.025265605957175058,0.019931102362204724,0.023828123213367275,0.09523809523809523,0.1349206349206349,0.024356617647058824,0.43059484812976473,0.4609375,7
Food-price.csv,1266,0.4453125,0.453125,0.025164255325635012,0.017839566929133858,0.022418755865931304,0.1,0.10317460317460317,0.021033653846153848,0.4199549482328109,0.4375,9
Food-price.csv,1267,0.44580078125,0.453125,0.0271292859044709,0.01906988188976378,0.026153961236720452,0.10666666666666667,0.07936507936507936,0.02421875,0.43493595025066845,0.390625,6
Food-price.csv,1268,0.443115234375,0.453125,0.024373746008283553,0.01636318897637795,0.02007864969294118,0.10666666666666667,0.11904761904761904,0.022395833333333334,0.4253748536447419,0.4296875,6
Food-price.csv,1269,0.4500732421875,0.453125,0.022102143955234473,0.013779527559055118,0.018869999576808884,0.11940298507462686,0.0873015873015873,0.024147727272727272,0.38095146371038924,0.3203125,12
Food-price.csv,1270,0.444580078125,0.453125,0.022427741688799643,0.01636318897637795,0.02208475327086888,0.11764705882352941,0.047619047619047616,0.01953125,0.39868479153244313,0.40625,11
Food-price.csv,1271,0.4447021484375,0.453125,0.024697753611819716,0.014025590551181102,0.018166215957383748,0.11764705882352941,0.05555555555555555,0.016741071428571428,0.4095261441123079,0.375,7
Food-price.csv,1272,0.4501953125,0.453125,0.029410586614014838,0.01796259842519685,0.02745670498013732,0.12121212121212122,0.03968253968253968,0.021875,0.4249185386953039,0.3046875,9
Food-price.csv,1273,0.446044921875,0.453125,0.023180506307027605,0.01328740157480315,0.01850632549712845,0.13114754098360656,0.031746031746031744,0.017578125,0.40241658935168295,0.2890625,7
Food-price.csv,1274,0.4453125,0.453125,0.02591113117465156,0.017101377952755906,0.02514361667929693,0.12307692307692308,0.03968253968253968,0.0375,0.43713740718308797,0.3671875,10
Food-price.csv,1275,0.415283203125,0.40625,0.04640919993879167,0.008735236220472441,0.017278808921319676,0.1702127659574468,0.05555555555555555,0.016741071428571428,0.5281242056274037,0.2578125,16
Food-price.csv,1276,0.3802490234375,0.375,0.03181120491014743,0.010088582677165354,0.01975718815565535,0.18604651162790697,0.023809523809523808,0.0234375,0.47279110554504583,0.234375,12
Food-price.csv,1277,0.3846435546875,0.390625,0.056980429175672975,0.014517716535433071,0.0441149840978226,0.17391304347826086,0.015873015873015872,0.0234375,0.48887673164896556,0.2265625,7
Food-price.csv,1278,0.3756103515625,0.375,0.057853472856485386,0.01513287401574803,0.0430901897851055,0.1568627450980392,0.031746031746031744,0.015625,0.5055324356768821,0.234375,12
Food-price.csv,1279,0.3857421875,0.390625,0.022923231629502935,0.007135826771653544,0.012363288059383033,0.18181818181818182,0.023809523809523808,0.020833333333333332,0.40670171719216125,0.21875,18
Food-price.csv,1280,0.3748779296875,0.390625,0.04089902015715497,0.01033464566929134,0.021319622409357968,0.16326530612244897,0.031746031746031744,0.03515625,0.5123389086710385,0.2578125,12
Food-price.csv,1281,0.3719482421875,0.390625,0.08531509772736832,0.018577755905511813,0.059948287937663054,0.18181818181818182,0.015873015873015872,0.015625,0.48582736377100283,0.25,8
Food-price.csv,1282,0.3822021484375,0.375,0.03154779639369886,0.010703740157480315,0.017938987826507057,0.15384615384615385,0.07142857142857142,0.017361111111111112,0.47672363586257505,0.2734375,13
Food-price.csv,1283,0.3858642578125,0.390625,0.02573078881425607,0.009473425196850394,0.016540302350643528,0.16326530612244897,0.047619047619047616,0.018229166666666668,0.4430347465491126,0.2578125,12
Food-price.csv,1284,0.379638671875,0.375,0.03333838345101197,0.010088582677165354,0.02079996539876021,0.1951219512195122,0.023809523809523808,0.044270833333333336,0.4882162862037858,0.203125,12
Food-price.csv,1285,0.3846435546875,0.390625,0.036545943399586216,0.00984251968503937,0.019091697579990966,0.16326530612244897,0.05555555555555555,0.016741071428571428,0.4887380519742028,0.2265625,13
Food-price.csv,1286,0.387939453125,0.390625,0.025473825147976456,0.006889763779527559,0.014092343566216884,0.20512820512820512,0.031746031746031744,0.0234375,0.39016576566690614,0.21875,18
Food-price.csv,1287,0.378662109375,0.390625,0.037695027879025865,0.010457677165354331,0.020756255700554494,0.1702127659574468,0.03968253968253968,0.0171875,0.4988749685053133,0.2421875,12
Food-price.csv,1288,0.3853759765625,0.390625,0.03793677439616326,0.010703740157480315,0.022502322731977165,0.17777777777777778,0.047619047619047616,0.018229166666666668,0.4893581152541088,0.234375,9
Food-price.csv,1289,0.3853759765625,0.390625,0.027571411612468052,0.006766732283464567,0.01394658470565285,0.21621621621621623,0.031746031746031744,0.021484375,0.3987433337180388,0.1796875,19
Food-price.csv,1290,0.386962890625,0.390625,0.030973161893160215,0.0072588582677165355,0.015904884459834973,0.21621621621621623,0.03968253968253968,0.01875,0.47692021197328804,0.2109375,22
Food-price.csv,1291,0.3778076171875,0.390625,0.06555153049308816,0.013533464566929134,0.04403565196408801,0.1951219512195122,0.047619047619047616,0.01953125,0.502135580850949,0.2421875,14
Food-price.csv,1292,0.38623046875,0.390625,0.030064012263402624,0.008489173228346457,0.01683959192516887,0.20512820512820512,0.023809523809523808,0.015625,0.4174568112437837,0.21875,10
Food-price.csv,1293,0.3770751953125,0.390625,0.046152103793133475,0.009965551181102362,0.02224183516677443,0.21052631578947367,0.015873015873015872,0.0234375,0.49956890660400716,0.1796875,10
Food-price.csv,1294,0.380126953125,0.390625,0.05751312686518011,0.015009842519685039,0.04442851133743103,0.19047619047619047,0.023809523809523808,0.020833333333333332,0.4793920536329761,0.2578125,12
Food-price.csv,1295,0.3834228515625,0.390625,0.03232420953018656,0.011687992125984252,0.019407804169991175,0.14285714285714285,0.047619047619047616,0.016927083333333332,0.48747928333365925,0.2578125,14
Food-price.csv,1296,0.380859375,0.375,0.03250647847088523,0.008243110236220472,0.017628314084234348,0.2,0.023809523809523808,0.015625,0.46142846344542954,0.1875,14
Food-price.csv,1297,0.384765625,0.390625,0.021923773750628563,0.00861220472440945,0.0166042388176632,0.19047619047619047,0.05555555555555555,0.03236607142857143,0.38302616359561864,0.2734375,17
Food-price.csv,1298,0.3856201171875,0.390625,0.04963910871332658,0.010580708661417323,0.026589039093045514,0.21052631578947367,0.031746031746031744,0.03515625,0.4865074189366376,0.2109375,15
Food-price.csv,1299,0.3785400390625,0.375,0.0366550542403863,0.010580708661417323,0.019498066275253474,0.15384615384615385,0.05555555555555555,0.018973214285714284,0.4969666007179577,0.2578125,18
Food-price.csv,1300,0.3603515625,0.359375,0.03552057320209612,0.0072588582677165355,0.012676424086999287,0.2,0.05555555555555555,0.0234375,0.4853361541441834,0.21875,19
Food-price.csv,1301,0.3104248046875,0.34375,0.06552060770583207,0.00578248031496063,0.015905836135794507,0.26666666666666666,0.03968253968253968,0.0296875,0.47572715301771806,0.1796875,21
Food-price.csv,1302,0.2257080078125,0.21875,0.023011144322336002,0.004798228346456693,0.011519059941678554,0.32,0.015873015873015872,0.015625,0.39602517852410574,0.140625,18
Food-price.csv,1303,0.21875,0.21875,0.02485922277608956,0.006520669291338582,0.013217728898309812,0.23529411764705882,0.03968253968253968,0.0265625,0.42296746079610364,0.1875,16
Food-price.csv,1304,0.2154541015625,0.21875,0.03189354114198708,0.008735236220472441,0.029843698037318123,0.32,0.015873015873015872,0.046875,0.4086348643105271,0.1484375,25
Food-price.csv,1305,0.2196044921875,0.21875,0.0260805158119153,0.00578248031496063,0.012677618117434451,0.26666666666666666,0.0,0.0,0.44418701204504396,0.171875,25
Food-price.csv,1306,0.2198486328125,0.21875,0.028315839743107758,0.0063976377952755905,0.020221378244837197,0.34782608695652173,0.007936507936507936,0.015625,0.4274872166087604,0.1484375,20
Food-price.csv,1307,0.2169189453125,0.21875,0.029206964492466462,0.006643700787401575,0.01487104243936202,0.25806451612903225,0.031746031746031744,0.017578125,0.4619949107009102,0.15625,16
Food-price.csv,1308,0.221435546875,0.21875,0.025323632700274813,0.004552165354330708,0.015942907187918354,0.47058823529411764,0.0,0.0,0.4355866248643927,0.09375,14
Food-price.csv,1309,0.21875,0.21875,0.032388913968314455,0.008735236220472441,0.028727788467947903,0.27586206896551724,0.015873015873015872,0.01953125,0.44303068845571497,0.171875,12
Food-price.csv,1310,0.2218017578125,0.21875,0.02734783687022445,0.0072588582677165355,0.014646433257316087,0.21621621621621623,0.047619047619047616,0.0234375,0.4462524573016024,0.2421875,21
Food-price.csv,1311,0.2210693359375,0.21875,0.031010424660829115,0.006889763779527559,0.02224047401900125,0.3333333333333333,0.007936507936507936,0.015625,0.4290323697343081,0.1328125,12
Food-price.csv,1312,0.2183837890625,0.21875,0.022394163971422174,0.0062746062992125986,0.012594964460698554,0.22857142857142856,0.03968253968253968,0.0203125,0.4125509157653456,0.2109375,17
Food-price.csv,1313,0.217529296875,0.21875,0.02814190674298057,0.006028543307086614,0.017543100670798277,0.2962962962962963,0.0,0.0,0.4123462783748479,0.1328125,18
Food-price.csv,1314,0.2208251953125,0.21875,0.024579214354453347,0.005659448818897638,0.01219315992303874,0.25806451612903225,0.015873015873015872,0.015625,0.4226614385051828,0.1484375,17
Food-price.csv,1315,0.2137451171875,0.203125,0.03173053353451064,0.008243110236220472,0.02853800351216402,0.27586206896551724,0.015873015873015872,0.015625,0.4049848279456946,0.1796875,12
Food-price.csv,1316,0.2176513671875,0.21875,0.023695165173996696,0.00516732283464567,0.010749601948229706,0.25806451612903225,0.023809523809523808,0.018229166666666668,0.43158646271391893,0.1640625,18
Food-price.csv,1317,0.21826171875,0.21875,0.02961658239086084,0.007135826771653544,0.0239149937299564,0.3333333333333333,0.0,0.0,0.43082887898208083,0.1328125,12
Food-price.csv,1318,0.2138671875,0.203125,0.02725641745498606,0.005905511811023622,0.012995993444296266,0.25806451612903225,0.015873015873015872,0.01953125,0.4448430836107175,0.1875,20
Food-price.csv,1319,0.2191162109375,0.21875,0.03265078521707315,0.007627952755905512,0.02887546853663785,0.38095238095238093,0.0,0.0,0.43017863319100824,0.1171875,25
Food-price.csv,1320,0.21923828125,0.21875,0.029096810381717932,0.007012795275590551,0.01867486807186051,0.26666666666666666,0.015873015873015872,0.01953125,0.41813468387569475,0.15625,21
Food-price.csv,1321,0.2205810546875,0.21875,0.026965937126281588,0.006889763779527559,0.01422810182140482,0.2222222222222222,0.023809523809523808,0.036458333333333336,0.4404073415627436,0.203125,14
Food-price.csv,1322,0.21875,0.21875,0.03314563036811941,0.00861220472440945,0.0286644904104978,0.26666666666666666,0.007936507936507936,0.015625,0.4393022078416451,0.171875,24
Food-price.csv,1323,0.21923828125,0.21875,0.02446771448509287,0.006520669291338582,0.012157105636846082,0.21052631578947367,0.023809523809523808,0.018229166666666668,0.42375904245147683,0.2109375,23
Food-price.csv,1324,0.2191162109375,0.21875,0.03728703585523483,0.008735236220472441,0.02990804317896097,0.2962962962962963,0.0,0.0,0.44464867180272344,0.1328125,11
Food-price.csv,1325,0.33056640625,0.328125,0.026089941420688566,0.005659448818897638,0.013819016813089549,0.23529411764705882,0.007936507936507936,0.015625,0.44191668164248754,0.171875,18
Food-price.csv,1326,0.328857421875,0.328125,0.04982801900656795,0.009719488188976378,0.04093936580329302,0.22857142857142856,0.023809523809523808,0.0234375,0.47987620476664444,0.1640625,13
Food-price.csv,1327,0.3316650390625,0.328125,0.02885175155466149,0.007874015748031496,0.019098831848263793,0.20512820512820512,0.015873015873015872,0.01953125,0.4717024185741749,0.203125,15
Food-price.csv,1328,0.34521484375,0.34375,0.04713621472548958,0.008489173228346457,0.01762058443894504,0.16666666666666666,0.03968253968253968,0.0171875,0.5344385678153025,0.296875,15
Food-price.csv,1329,0.3385009765625,0.3125,0.044806123958266164,0.012918307086614173,0.021754668348855352,0.1509433962264151,0.03968253968253968,0.034375,0.4766378577458119,0.2734375,8
Food-price.csv,1330,0.3319091796875,0.296875,0.04674241069655613,0.005905511811023622,0.012075903282669187,0.2222222222222222,0.06349206349206349,0.0205078125,0.4089640341181367,0.1953125,20
Food-price.csv,1331,0.34619140625,0.328125,0.04477035843621129,0.00812007874015748,0.01795501269012253,0.21052631578947367,0.047619047619047616,0.029947916666666668,0.5189011301041567,0.21875,14
Food-price.csv,1332,0.319580078125,0.3125,0.025827031956486918,0.020546259842519687,0.025767976883425792,0.11940298507462686,0.10317460317460317,0.038461538461538464,0.36974511347013506,0.3046875,6
Food-price.csv,1333,0.3612060546875,0.390625,0.04920251366582882,0.006889763779527559,0.01250208264316956,0.18181818181818182,0.05555555555555555,0.020089285714285716,0.4945567649416219,0.265625,14
Food-price.csv,1334,0.365966796875,0.390625,0.05151251479743166,0.006889763779527559,0.01588774454464366,0.20512820512820512,0.031746031746031744,0.015625,0.46613966008738733,0.2109375,19
Food-price.csv,1335,0.3328857421875,0.3125,0.049778201970755685,0.009473425196850394,0.02113278597793691,0.16326530612244897,0.03968253968253968,0.0234375,0.45393643376983683,0.34375,13
Food-price.csv,1336,0.328857421875,0.328125,0.02251262522508529,0.021161417322834646,0.01844898204623705,0.09090909090909091,0.1111111111111111,0.029575892857142856,0.36821114288235585,0.4375,6
Food-price.csv,1337,0.3125,0.3125,0.02218323572578232,0.010088582677165354,0.015993148064063867,0.1702127659574468,0.03968253968253968,0.034375,0.40968229871402406,0.2890625,12
Food-price.csv,1338,0.301025390625,0.296875,0.01685631459258776,0.004798228346456693,0.009707800956977784,0.25806451612903225,0.023809523809523808,0.020833333333333332,0.3563156748875696,0.1953125,22
Food-price.csv,1339,0.3092041015625,0.3125,0.023245662140977993,0.006766732283464567,0.014083748052415539,0.20512820512820512,0.05555555555555555,0.022321428571428572,0.4241718031326281,0.2109375,15
Food-price.csv,1340,0.303466796875,0.296875,0.02380965721002174,0.006643700787401575,0.011181661188485981,0.18604651162790697,0.047619047619047616,0.020833333333333332,0.4231628987441853,0.2421875,16
Food-price.csv,1341,0.30810546875,0.296875,0.021918335632288517,0.006643700787401575,0.013373699056792504,0.21621621621621623,0.015873015873015872,0.01953125,0.3574497218141108,0.2109375,16
Food-price.csv,1342,0.3067626953125,0.3046875,0.028023845175124577,0.011318897637795276,0.019771739434881797,0.17777777777777778,0.015873015873015872,0.0390625,0.45810609855198064,0.21875,12
Food-price.csv,1343,0.3074951171875,0.296875,0.024232417526238576,0.010088582677165354,0.01669877811430767,0.16,0.031746031746031744,0.029296875,0.4256028154818681,0.2578125,9
Food-price.csv,1344,0.314208984375,0.3125,0.0247233822963532,0.008366141732283465,0.0166142636066878,0.21621621621621623,0.03968253968253968,0.0359375,0.4119836924543116,0.203125,15
Food-price.csv,1345,0.298095703125,0.296875,0.015820237147775796,0.0054133858267716535,0.009681257663831702,0.21621621621621623,0.015873015873015872,0.01953125,0.33954801222087455,0.234375,18
Food-price.csv,1346,0.3096923828125,0.3125,0.022980040286056224,0.005905511811023622,0.013715666839932866,0.23529411764705882,0.031746031746031744,0.017578125,0.41993788669666404,0.1953125,19
Food-price.csv,1347,0.305419921875,0.3125,0.023829675842846593,0.006643700787401575,0.01065341936554589,0.18181818181818182,0.06349206349206349,0.01953125,0.41166322659772964,0.28125,11
Food-price.csv,1348,0.3038330078125,0.296875,0.021644343528353465,0.005536417322834645,0.012482695800502736,0.26666666666666666,0.023809523809523808,0.028645833333333332,0.38145413673222234,0.1640625,24
Food-price.csv,1349,0.308349609375,0.3125,0.02331383185378987,0.011441929133858268,0.01747740241838558,0.1509433962264151,0.0873015873015873,0.026278409090909092,0.41865602821877507,0.296875,15
Food-price.csv,1350,0.307373046875,0.3125,0.02303606199929369,0.006889763779527559,0.013392926339245359,0.21052631578947367,0.07142857142857142,0.024305555555555556,0.4177776371815118,0.2421875,16
Food-price.csv,1351,0.3131103515625,0.3125,0.019956536153049365,0.006151574803149607,0.012112199285668254,0.24242424242424243,0.03968253968253968,0.0234375,0.3621200581298178,0.1796875,14
Food-price.csv,1352,0.307373046875,0.3125,0.018846327976997344,0.006520669291338582,0.00949337683260847,0.16666666666666666,0.07936507936507936,0.015625,0.38199176924748673,0.3046875,19
Food-price.csv,1353,0.306396484375,0.3125,0.02607508740067578,0.007750984251968504,0.015298510169337613,0.19047619047619047,0.047619047619047616,0.0234375,0.43745572826149787,0.234375,11
Food-price.csv,1354,0.3031005859375,0.296875,0.022972257696624306,0.006520669291338582,0.010818379890246357,0.1951219512195122,0.07142857142857142,0.020833333333333332,0.41037174698928064,0.25,20
Food-price.csv,1355,0.31396484375,0.3125,0.02339167884180368,0.008981299212598425,0.013658158549584564,0.15384615384615385,0.06349206349206349,0.017578125,0.4079694111998153,0.3046875,15
Food-price.csv,1356,0.3099365234375,0.3125,0.024298738855830063,0.011195866141732283,0.017526699195309695,0.1702127659574468,0.015873015873015872,0.02734375,0.4037252679598034,0.28125,9
Food-price.csv,1357,0.302001953125,0.296875,0.022192637963501606,0.007750984251968504,0.014122386665631622,0.20512820512820512,0.0,0.0,0.40724800451072984,0.25,21
Food-price.csv,1358,0.3056640625,0.3125,0.016773011755193034,0.005659448818897638,0.011377586635528443,0.25,0.03968253968253968,0.0203125,0.3562917579461482,0.1875,17
Food-price.csv,1359,0.3046875,0.296875,0.026565372087373914,0.009227362204724409,0.015358746588904784,0.14814814814814814,0.09523809523809523,0.022786458333333332,0.4286434608796211,0.359375,16
Food-price.csv,1360,0.306640625,0.296875,0.02174907954230477,0.007750984251968504,0.014656764381727772,0.2,0.09523809523809523,0.020833333333333332,0.3730056805086024,0.25,15
Food-price.csv,1361,0.31884765625,0.3125,0.022645934815049278,0.007874015748031496,0.014392055921151318,0.21052631578947367,0.047619047619047616,0.02734375,0.42099113027916557,0.2109375,14
Food-price.csv,1362,0.313232421875,0.3125,0.02747314355494783,0.008981299212598425,0.015253921003768595,0.18604651162790697,0.031746031746031744,0.03125,0.4476555821090947,0.2109375,11
Food-price.csv,1363,0.3111572265625,0.3125,0.022099447009560146,0.010211614173228346,0.015361702941937607,0.15384615384615385,0.07936507936507936,0.028125,0.41410315239373885,0.3046875,14
Food-price.csv,1364,0.313232421875,0.3125,0.025153594261869843,0.00984251968503937,0.01490764063032773,0.1568627450980392,0.06349206349206349,0.0263671875,0.4072085016850888,0.296875,10
Food-price.csv,1365,0.301025390625,0.296875,0.017630604711797667,0.0062746062992125986,0.010786150981448658,0.1951219512195122,0.06349206349206349,0.0185546875,0.35369036664391773,0.25,27
Food-price.csv,1366,0.3087158203125,0.3125,0.024138767701832355,0.0062746062992125986,0.013191363340236422,0.21621621621621623,0.03968253968253968,0.0171875,0.4334764483209728,0.21875,19
Food-price.csv,1367,0.303466796875,0.296875,0.023487038710664234,0.006889763779527559,0.010311184468384327,0.17391304347826086,0.06349206349206349,0.01953125,0.4208849435325997,0.2890625,15
Food-price.csv,1368,0.3056640625,0.296875,0.022587956066836674,0.0072588582677165355,0.012676424086999292,0.20512820512820512,0.05555555555555555,0.0234375,0.39123410732469094,0.2265625,21
Food-price.csv,1369,0.309814453125,0.3125,0.021933287213324357,0.01390255905511811,0.01893246462762926,0.12903225806451613,0.06349206349206349,0.02734375,0.41082653066129365,0.3515625,9
Food-price.csv,1370,0.30712890625,0.296875,0.02298036450341815,0.00861220472440945,0.015023954254403305,0.19047619047619047,0.047619047619047616,0.028645833333333332,0.40535553994864754,0.2421875,12
Food-price.csv,1371,0.3194580078125,0.3125,0.02284476676379355,0.0073818897637795275,0.013273724369351559,0.2222222222222222,0.031746031746031744,0.029296875,0.3885410301900521,0.203125,22
Food-price.csv,1372,0.2994384765625,0.296875,0.017113805049289176,0.005659448818897638,0.009934364782572015,0.21052631578947367,0.031746031746031744,0.01953125,0.36030816830614004,0.234375,24
Food-price.csv,1373,0.311767578125,0.3125,0.0219115360864037,0.0062746062992125986,0.013479671185829075,0.21621621621621623,0.047619047619047616,0.01953125,0.41777745285888246,0.21875,19
Food-price.csv,1374,0.30859375,0.3046875,0.024705294220065465,0.007750984251968504,0.013280564732789,0.18604651162790697,0.05555555555555555,0.0234375,0.41949076376823125,0.2734375,19
Food-price.csv,1375,0.3084716796875,0.296875,0.021682862745197817,0.006028543307086614,0.012408505593624976,0.22857142857142856,0.023809523809523808,0.020833333333333332,0.3762571226136175,0.1875,15
Food-price.csv,1376,0.307861328125,0.3125,0.03603287356210068,0.01156496062992126,0.03414340145319042,0.19047619047619047,0.05555555555555555,0.04017857142857143,0.43529780334544127,0.25,14
Food-price.csv,1377,0.3106689453125,0.3125,0.02738703979425892,0.010949803149606299,0.01811113887471471,0.16,0.06349206349206349,0.03125,0.44933433777180815,0.28125,12
Food-price.csv,1378,0.3177490234375,0.3125,0.02168561149971654,0.006766732283464567,0.014219588371534777,0.25,0.031746031746031744,0.03125,0.3762827334506788,0.1796875,20
Food-price.csv,1379,0.308837890625,0.3125,0.023067090495116894,0.00812007874015748,0.014119170819827529,0.18181818181818182,0.05555555555555555,0.022321428571428572,0.42786286507380594,0.2421875,18
Food-price.csv,1380,0.318359375,0.3125,0.023518739411703703,0.007504921259842519,0.016735901646783395,0.26666666666666666,0.023809523809523808,0.028645833333333332,0.3806016262732106,0.1796875,17
Food-price.csv,1381,0.3074951171875,0.3125,0.022518912420182054,0.009473425196850394,0.014160919852301342,0.1568627450980392,0.06349206349206349,0.02734375,0.4173338388923504,0.2734375,16
Food-price.csv,1382,0.3140869140625,0.3125,0.02469292641407762,0.008243110236220472,0.013701312396607225,0.17777777777777778,0.031746031746031744,0.0234375,0.4158316334132779,0.2109375,18
Food-price.csv,1383,0.301025390625,0.296875,0.023557989037769376,0.009473425196850394,0.015208205846813445,0.16666666666666666,0.05555555555555555,0.022321428571428572,0.42751939519817866,0.2734375,13
Food-price.csv,1384,0.3037109375,0.296875,0.02476312955684759,0.007874015748031496,0.014392055921151326,0.20512820512820512,0.031746031746031744,0.029296875,0.4138194112749299,0.1953125,15
Food-price.csv,1385,0.3104248046875,0.3125,0.021605755638710384,0.007627952755905512,0.014256797181959633,0.21621621621621623,0.031746031746031744,0.03125,0.40407598692673846,0.2109375,13
Food-price.csv,1386,0.303466796875,0.296875,0.017426579272209884,0.007135826771653544,0.01069595947634424,0.16326530612244897,0.047619047619047616,0.01953125,0.36420669572701486,0.2890625,20
Food-price.csv,1387,0.2994384765625,0.296875,0.027467447868444215,0.007750984251968504,0.014257858863994215,0.18181818181818182,0.05555555555555555,0.027901785714285716,0.43890276913663273,0.25,14
Food-price.csv,1388,0.306396484375,0.296875,0.020966264693991293,0.005044291338582677,0.009172243513590453,0.22857142857142856,0.03968253968253968,0.01875,0.3570382994692241,0.203125,27
Food-price.csv,1389,0.3135986328125,0.3125,0.02228477056438681,0.007012795275590551,0.013543527039392258,0.22857142857142856,0.047619047619047616,0.020833333333333332,0.3915228034247393,0.21875,19
Food-price.csv,1390,0.3082275390625,0.296875,0.02172405754389242,0.009350393700787402,0.014837414794961958,0.1702127659574468,0.047619047619047616,0.022135416666666668,0.3948009761516064,0.25,23
Food-price.csv,1391,0.3033447265625,0.296875,0.01816798342152809,0.006766732283464567,0.012645339721977974,0.2,0.05555555555555555,0.017857142857142856,0.37101375863010294,0.2890625,22
Food-price.csv,1392,0.3079833984375,0.3125,0.02353109110947015,0.005536417322834645,0.012170793973441172,0.24242424242424243,0.031746031746031744,0.017578125,0.42287502698271845,0.203125,23
Food-price.csv,1393,0.3040771484375,0.296875,0.02156433484660271,0.007135826771653544,0.011559724061561348,0.17777777777777778,0.07936507936507936,0.0203125,0.3829329186910932,0.3046875,19
Food-price.csv,1394,0.31689453125,0.3125,0.018522535877334628,0.004798228346456693,0.01009608181049637,0.27586206896551724,0.03968253968253968,0.0171875,0.3616573580489418,0.15625,14
Food-price.csv,1395,0.3074951171875,0.296875,0.02318661240269543,0.009596456692913386,0.016174781918843292,0.17777777777777778,0.06349206349206349,0.0283203125,0.422419584667727,0.3046875,14
Food-price.csv,1396,0.3607177734375,0.34375,0.05823547181288207,0.0072588582677165355,0.017294570266540917,0.2222222222222222,0.023809523809523808,0.015625,0.4965981864018223,0.203125,19
Food-price.csv,1397,0.425537109375,0.421875,0.026743151135569496,0.0036909448818897637,0.008423839945188817,0.32,0.015873015873015872,0.015625,0.42505621929153575,0.140625,18
Food-price.csv,1398,0.426513671875,0.453125,0.07936898696831596,0.008858267716535433,0.04166828122194761,0.38095238095238093,0.0,0.0,0.4451516586627249,0.1015625,18
Food-price.csv,1399,0.42626953125,0.421875,0.023350873439879575,0.004675196850393701,0.013052940167199654,0.34782608695652173,0.007936507936507936,0.0390625,0.40256540613166497,0.140625,19
Food-price.csv,1400,0.4254150390625,0.421875,0.049956296656021366,0.007874015748031496,0.044145168362792364,0.47058823529411764,0.007936507936507936,0.1796875,0.4033893911229151,0.0703125,21
Food-price.csv,1401,0.432373046875,0.4375,0.05025680871640357,0.008735236220472441,0.04106709513345333,0.47058823529411764,0.007936507936507936,0.0625,0.4016031933260251,0.0703125,11
Food-price.csv,1402,0.4205322265625,0.40625,0.027829621863227533,0.002583661417322835,0.007274481052703971,0.4444444444444444,0.007936507936507936,0.015625,0.3898302301429644,0.1015625,39
Food-price.csv,1403,0.418212890625,0.4375,0.10556788553759454,0.01673228346456693,0.07441178410231611,0.3333333333333333,0.031746031746031744,0.12109375,0.38917963050293025,0.171875,12
Food-price.csv,1404,0.4202880859375,0.421875,0.024999988079068204,0.01033464566929134,0.01862454672260457,0.19047619047619047,0.0873015873015873,0.04190340909090909,0.42020514585457197,0.234375,12
Food-price.csv,1405,0.4127197265625,0.453125,0.0997725253903939,0.010211614173228346,0.04772353512756172,0.2857142857142857,0.023809523809523808,0.015625,0.42324440780343514,0.15625,59
Food-price.csv,1406,0.4239501953125,0.421875,0.035067764825330194,0.005044291338582677,0.014393107626068595,0.2857142857142857,0.0,0.0,0.46030565071062696,0.15625,15
Food-price.csv,1407,0.418212890625,0.40625,0.053790224681923265,0.010457677165354331,0.04569357299779944,0.3076923076923077,0.015873015873015872,0.05078125,0.42524742295806556,0.1328125,9
Food-price.csv,1408,0.442626953125,0.4375,0.027351378330459468,0.004552165354330708,0.01360040709196404,0.36363636363636365,0.015873015873015872,0.01953125,0.370161887241843,0.1484375,24
Food-price.csv,1409,0.414794921875,0.40625,0.023909582765928215,0.004675196850393701,0.011816148822384815,0.3076923076923077,0.015873015873015872,0.0390625,0.37677726961134356,0.125,16
Food-price.csv,1410,0.4384765625,0.453125,0.0714627592831082,0.008489173228346457,0.040790090128153655,0.4,0.015873015873015872,0.015625,0.35746835517361464,0.09375,22
Food-price.csv,1411,0.41357421875,0.40625,0.021567444165388455,0.005536417322834645,0.011353614168365481,0.23529411764705882,0.03968253968253968,0.025,0.3982475017461972,0.203125,23
Food-price.csv,1412,0.417724609375,0.453125,0.11273244579882453,0.008981299212598425,0.053032997172138725,0.5714285714285714,0.007936507936507936,0.0546875,0.39709363237166756,0.078125,15
Food-price.csv,1413,0.4228515625,0.421875,0.02317150491739194,0.003813976377952756,0.011553175013354811,0.38095238095238093,0.015873015873015872,0.0390625,0.374555147066797,0.1015625,25
Food-price.csv,1414,0.4268798828125,0.453125,0.06987531166484844,0.006028543307086614,0.03192234668316119,0.38095238095238093,0.007936507936507936,0.015625,0.39536876660838005,0.1171875,15
Food-price.csv,1415,0.4290771484375,0.4375,0.032027816588448214,0.007627952755905512,0.025404737842849485,0.32,0.015873015873015872,0.109375,0.44847624058737406,0.1328125,22
Food-price.csv,1416,0.427978515625,0.4140625,0.033445483529166625,0.004183070866141733,0.008866807454098062,0.26666666666666666,0.031746031746031744,0.017578125,0.3964743429314221,0.171875,19
Food-price.csv,1417,0.42919921875,0.4375,0.03786935110740476,0.006151574803149607,0.01820034657994816,0.27586206896551724,0.015873015873015872,0.015625,0.4519835702039659,0.1875,12
Food-price.csv,1418,0.423095703125,0.40625,0.029915944599869987,0.004675196850393701,0.011652323319440529,0.2962962962962963,0.007936507936507936,0.015625,0.4420971415986487,0.1484375,16
Food-price.csv,1419,0.421142578125,0.4375,0.0765679649426746,0.009227362204724409,0.053782919824907495,0.47058823529411764,0.0,0.0,0.4340839975601392,0.078125,20
Food-price.csv,1420,0.4407958984375,0.453125,0.03546158335875596,0.003567913385826772,0.015085287031384936,0.5714285714285714,0.0,0.0,0.38878255768299214,0.0703125,17
Food-price.csv,1421,0.3956298828125,0.421875,0.10611660100278704,0.006889763779527559,0.03687416292314692,0.32,0.007936507936507936,0.015625,0.4102003675807621,0.109375,17
Food-price.csv,1422,0.4407958984375,0.453125,0.05861498130155696,0.004921259842519685,0.03915224864052686,0.8,0.0,0.0,0.3369004475538803,0.046875,16
Food-price.csv,1423,0.412109375,0.40625,0.02561499423555469,0.005905511811023622,0.011915649618900848,0.21621621621621623,0.031746031746031744,0.015625,0.41785483609192225,0.203125,15
Food-price.csv,1424,0.4171142578125,0.453125,0.11236086559832051,0.008366141732283465,0.049790224759188165,0.47058823529411764,0.007936507936507936,0.015625,0.3923352309605083,0.09375,79
Food-price.csv,1425,0.4202880859375,0.421875,0.023586751645199095,0.0052903543307086616,0.011636724486049053,0.25,0.031746031746031744,0.029296875,0.4198400485048577,0.171875,19
Food-price.csv,1426,0.3983154296875,0.40625,0.03215226365006329,0.012303149606299213,0.021713577747204997,0.13559322033898305,0.1111111111111111,0.03180803571428571,0.4975617968787783,0.296875,8
Food-price.csv,1427,0.394287109375,0.390625,0.02205253492735953,0.008243110236220472,0.013417767805618267,0.16326530612244897,0.05555555555555555,0.030133928571428572,0.3840925352896107,0.2109375,10
Food-price.csv,1428,0.4024658203125,0.390625,0.030804075114553024,0.01660925196850394,0.024782831322862544,0.11764705882352941,0.11904761904761904,0.040625,0.4539700802900521,0.34375,7
Food-price.csv,1429,0.4002685546875,0.390625,0.023770509698142976,0.011811023622047244,0.017833202095633147,0.14035087719298245,0.0873015873015873,0.027698863636363636,0.4079121096847473,0.328125,10
Food-price.csv,1430,0.39892578125,0.40625,0.032444075371836356,0.013533464566929134,0.02264381232085208,0.13333333333333333,0.1111111111111111,0.03627232142857143,0.49607288190994,0.3359375,8
Food-price.csv,1431,0.3955078125,0.390625,0.022333196535213422,0.009473425196850394,0.015081272851688676,0.1568627450980392,0.07936507936507936,0.03125,0.3568732161104953,0.265625,12
Food-price.csv,1432,0.40380859375,0.40625,0.029325344240423434,0.011318897637795276,0.02224251570942482,0.16,0.07936507936507936,0.0390625,0.4806499817861929,0.25,10
Food-price.csv,1433,0.39794921875,0.390625,0.024074791085197365,0.009350393700787402,0.016318262432666597,0.1702127659574468,0.047619047619047616,0.03125,0.38190960066017987,0.2421875,12
Food-price.csv,1434,0.4046630859375,0.40625,0.027122419225737906,0.012672244094488189,0.022073784248886782,0.14285714285714285,0.0873015873015873,0.040482954545454544,0.45632262352926767,0.28125,12
Food-price.csv,1435,0.399169921875,0.390625,0.023588330991790654,0.008981299212598425,0.016230834236260334,0.17777777777777778,0.06349206349206349,0.033203125,0.41438090905881236,0.2265625,14
Food-price.csv,1436,0.3929443359375,0.390625,0.036492082324945274,0.01156496062992126,0.02321810026084949,0.16326530612244897,0.06349206349206349,0.044921875,0.504282665130651,0.21875,12
Food-price.csv,1437,0.3966064453125,0.390625,0.023119678916120556,0.008243110236220472,0.015908690822091166,0.18604651162790697,0.06349206349206349,0.033203125,0.3765926772186546,0.21875,12
Food-price.csv,1438,0.4033203125,0.40625,0.030804316983569346,0.012918307086614173,0.023125339846155446,0.14285714285714285,0.09523809523809523,0.0390625,0.48786359058808676,0.25,10
Food-price.csv,1439,0.403076171875,0.390625,0.026876545351532048,0.010949803149606299,0.018426816168158524,0.14814814814814814,0.07936507936507936,0.02890625,0.4150792597264757,0.265625,15
Food-price.csv,1440,0.401611328125,0.40625,0.031210874860602818,0.014025590551181102,0.023597684697369056,0.13559322033898305,0.11904761904761904,0.03697916666666667,0.4651131024930551,0.3359375,10
Food-price.csv,1441,0.3980712890625,0.390625,0.020850452700852933,0.008858267716535433,0.015880120866400164,0.17391304347826086,0.07142857142857142,0.03211805555555555,0.3513292662038641,0.2421875,11
Food-price.csv,1442,0.4002685546875,0.3984375,0.032979549067568135,0.011934055118110236,0.022395787899572365,0.14035087719298245,0.0873015873015873,0.03835227272727273,0.4820447534109919,0.2421875,9
Food-price.csv,1443,0.3961181640625,0.390625,0.02223389355479368,0.009350393700787402,0.01643564489374684,0.17391304347826086,0.07936507936507936,0.0328125,0.3799125862045735,0.2421875,12
Food-price.csv,1444,0.404296875,0.40625,0.02883754503951836,0.011195866141732283,0.02200097634818556,0.1568627450980392,0.05555555555555555,0.049107142857142856,0.4736142479636189,0.2421875,10
Food-price.csv,1445,0.396484375,0.390625,0.02286074201312427,0.008489173228346457,0.01602057166403351,0.18181818181818182,0.06349206349206349,0.0322265625,0.3629640117499365,0.21875,13
Food-price.csv,1446,0.40625,0.40625,0.028437929255002024,0.012672244094488189,0.021275557402772923,0.14035087719298245,0.07142857142857142,0.042534722222222224,0.4603394781890982,0.2578125,15
Food-price.csv,1447,0.405517578125,0.40625,0.025974313739012364,0.012426181102362205,0.018324672994006776,0.13333333333333333,0.09523809523809523,0.036458333333333336,0.43376418698063723,0.3125,10
Food-price.csv,1448,0.4071044921875,0.40625,0.02784889112076438,0.014148622047244094,0.020418039612195456,0.11940298507462686,0.06349206349206349,0.0390625,0.4698077487231811,0.3203125,9
Food-price.csv,1449,0.3941650390625,0.390625,0.02502858196998307,0.010826771653543307,0.017374033758071214,0.14035087719298245,0.1111111111111111,0.030133928571428572,0.4072155916232009,0.265625,12
Food-price.csv,1450,0.4078369140625,0.40625,0.026981405265949866,0.010949803149606299,0.020500901770079464,0.1702127659574468,0.05555555555555555,0.04241071428571429,0.45565492096241433,0.234375,12
Food-price.csv,1451,0.3968505859375,0.390625,0.022383514979125593,0.010211614173228346,0.017688318244414997,0.16326530612244897,0.07142857142857142,0.04079861111111111,0.35474258708036205,0.2109375,16
Food-price.csv,1452,0.4068603515625,0.40625,0.027649127883677748,0.011934055118110236,0.020700757591335408,0.14285714285714285,0.0873015873015873,0.03622159090909091,0.46576732246694025,0.25,13
Food-price.csv,1453,0.39697265625,0.390625,0.02395565736725797,0.011195866141732283,0.01639322549601464,0.13114754098360656,0.10317460317460317,0.027043269230769232,0.4034515798993579,0.296875,13
Food-price.csv,1454,0.402587890625,0.40625,0.029263286409561676,0.013164370078740157,0.022134046600080552,0.125,0.11904761904761904,0.034375,0.47949583691218706,0.3203125,11
Food-price.csv,1455,0.399169921875,0.390625,0.024925071965671362,0.009965551181102362,0.017168956010299555,0.1568627450980392,0.047619047619047616,0.040364583333333336,0.43104013711479916,0.2421875,12
Food-price.csv,1456,0.4005126953125,0.390625,0.029418438792319996,0.01328740157480315,0.021125622078623296,0.12121212121212122,0.12698412698412698,0.033203125,0.4723304709361982,0.2890625,11
Food-price.csv,1457,0.400634765625,0.390625,0.0247619260318022,0.012549212598425197,0.018605844516371747,0.12903225806451613,0.12698412698412698,0.0302734375,0.427333298171721,0.3125,13
Food-price.csv,1458,0.4000244140625,0.390625,0.025788635583190802,0.011195866141732283,0.018591194883668838,0.14285714285714285,0.07936507936507936,0.0359375,0.417751709902886,0.2578125,12
Food-price.csv,1459,0.406494140625,0.40625,0.026849919526105652,0.013041338582677165,0.021901679765594533,0.13793103448275862,0.0873015873015873,0.0390625,0.4375109292531891,0.28125,15
Food-price.csv,1460,0.4039306640625,0.3984375,0.0250190543040691,0.013164370078740157,0.020132855370047015,0.12698412698412698,0.10317460317460317,0.03485576923076923,0.42424295739655,0.296875,9
Food-price.csv,1461,0.396240234375,0.390625,0.027255324027347268,0.010580708661417323,0.01929987357394446,0.16,0.07142857142857142,0.04079861111111111,0.42159732650437715,0.2109375,11
Food-price.csv,1462,0.41064453125,0.40625,0.02538592955382023,0.013041338582677165,0.020354928009481837,0.13114754098360656,0.10317460317460317,0.03665865384615385,0.4447632326584933,0.2734375,12
Food-price.csv,1463,0.4019775390625,0.390625,0.029278304254148225,0.013533464566929134,0.0209688408271552,0.13333333333333333,0.07142857142857142,0.035590277777777776,0.44881494703596875,0.265625,9
Food-price.csv,1464,0.40673828125,0.3984375,0.027823463593571046,0.014517716535433071,0.019428850896231486,0.1111111111111111,0.12698412698412698,0.0263671875,0.4282030749719647,0.3515625,9
Food-price.csv,1465,0.4063720703125,0.40625,0.02489725696744259,0.012057086614173228,0.016659754802963344,0.12307692307692308,0.07936507936507936,0.03125,0.41254312005820437,0.28125,10
Food-price.csv,1466,0.404296875,0.40625,0.027203883353875233,0.011934055118110236,0.022049770489389633,0.14814814814814814,0.047619047619047616,0.053385416666666664,0.46095313841984864,0.2578125,15
Food-price.csv,1467,0.3690185546875,0.375,0.058140207372701716,0.010949803149606299,0.023226573901405922,0.1702127659574468,0.05555555555555555,0.03236607142857143,0.5193748247254091,0.234375,13
Food-price.csv,1468,0.26513671875,0.25,0.032444075371836356,0.0063976377952755905,0.016092218687738632,0.24242424242424243,0.031746031746031744,0.021484375,0.42013174389098357,0.1484375,15
Food-price.csv,1469,0.2686767578125,0.265625,0.031192488200723626,0.005044291338582677,0.01452605525900141,0.32,0.015873015873015872,0.01953125,0.4464157989001299,0.125,18
Food-price.csv,1470,0.2708740234375,0.265625,0.0360285310935273,0.006151574803149607,0.018721011908817146,0.3333333333333333,0.007936507936507936,0.0234375,0.4439025908959593,0.109375,18
Food-price.csv,1471,0.26953125,0.265625,0.03741649230599222,0.007997047244094488,0.02055252097066773,0.25,0.023809523809523808,0.036458333333333336,0.45410890902878726,0.140625,14
Food-price.csv,1472,0.2781982421875,0.265625,0.03245119354862634,0.0052903543307086616,0.014304494863491241,0.27586206896551724,0.015873015873015872,0.0234375,0.4276155326487927,0.140625,15
Food-price.csv,1473,0.27197265625,0.265625,0.03523415305327823,0.007012795275590551,0.016948007241852928,0.20512820512820512,0.023809523809523808,0.015625,0.4451926350655857,0.1796875,17
Food-price.csv,1474,0.2769775390625,0.265625,0.030302710377926166,0.00516732283464567,0.014416225722866157,0.2962962962962963,0.031746031746031744,0.015625,0.4495464391331326,0.1328125,12
Food-price.csv,1475,0.2735595703125,0.265625,0.03482899408980334,0.005905511811023622,0.017530153412764468,0.2857142857142857,0.007936507936507936,0.015625,0.4396255493921637,0.1484375,32
Food-price.csv,1476,0.290283203125,0.28125,0.048341693264807556,0.005536417322834645,0.014611252794590088,0.25,0.015873015873015872,0.015625,0.5453932566032872,0.125,27
Food-price.csv,1477,0.360107421875,0.359375,0.029547068078324565,0.01218011811023622,0.022434954391069236,0.16326530612244897,0.06349206349206349,0.0361328125,0.45713407386434474,0.2578125,11
Food-price.csv,1478,0.365234375,0.359375,0.031066354923021223,0.015871062992125984,0.02541367362926139,0.12903225806451613,0.07142857142857142,0.043402777777777776,0.48251996478013304,0.265625,11
Food-price.csv,1479,0.3648681640625,0.359375,0.029529663931422773,0.01156496062992126,0.02058490107248039,0.1568627450980392,0.047619047619047616,0.024739583333333332,0.465867567582042,0.28125,11
Food-price.csv,1480,0.370849609375,0.375,0.029971679989782223,0.01156496062992126,0.022460578163866193,0.1568627450980392,0.047619047619047616,0.037760416666666664,0.47228740982150724,0.265625,10
Food-price.csv,1481,0.3670654296875,0.359375,0.03137159532714357,0.01513287401574803,0.024009746975153658,0.12698412698412698,0.09523809523809523,0.037760416666666664,0.47535980942588535,0.3125,10
Food-price.csv,1482,0.36328125,0.359375,0.028236000575783127,0.01218011811023622,0.020743124830698848,0.14285714285714285,0.06349206349206349,0.02734375,0.4446794744142333,0.2890625,13
Food-price.csv,1483,0.357421875,0.359375,0.03526459001028865,0.012672244094488189,0.023178297960419623,0.13793103448275862,0.07142857142857142,0.022569444444444444,0.4880485902797042,0.2890625,9
Food-price.csv,1484,0.36474609375,0.359375,0.03789452601535888,0.014148622047244094,0.02604492792731512,0.14035087719298245,0.05555555555555555,0.025669642857142856,0.5127613386615223,0.25,13
Food-price.csv,1485,0.3614501953125,0.359375,0.030842750030664265,0.01218011811023622,0.02191480716359479,0.1509433962264151,0.03968253968253968,0.0265625,0.4827371381921988,0.234375,13
Food-price.csv,1486,0.3599853515625,0.359375,0.03047140061024175,0.012795275590551181,0.020789774688941748,0.13333333333333333,0.05555555555555555,0.022321428571428572,0.46174486373197193,0.328125,11
Food-price.csv,1487,0.365478515625,0.359375,0.032461523608483485,0.019192913385826772,0.0266112319578657,0.11267605633802817,0.05555555555555555,0.052455357142857144,0.4760691753649758,0.375,8
Food-price.csv,1488,0.348388671875,0.359375,0.05804953567752897,0.0172244094488189,0.024789548944181592,0.12121212121212122,0.10317460317460317,0.034254807692307696,0.5486007100946831,0.359375,9
Food-price.csv,1489,0.2486572265625,0.25,0.02569137861387516,0.008735236220472441,0.016713275157180688,0.16,0.06349206349206349,0.0205078125,0.4151735074451488,0.2421875,12
Food-price.csv,1490,0.24462890625,0.25,0.017297841390545264,0.006766732283464567,0.009110978632664178,0.16,0.047619047619047616,0.016927083333333332,0.36120651185397157,0.234375,15
Food-price.csv,1491,0.2476806640625,0.25,0.027280188663283352,0.010457677165354331,0.018294911708111327,0.13559322033898305,0.07936507936507936,0.0203125,0.410080997911699,0.3046875,12
Food-price.csv,1492,0.255126953125,0.25,0.020954890075118568,0.0073818897637795275,0.01541776594273677,0.18604651162790697,0.031746031746031744,0.0234375,0.3642542446961112,0.1875,19
Food-price.csv,1493,0.2554931640625,0.25,0.023158317998675355,0.007627952755905512,0.014786318098005555,0.1951219512195122,0.023809523809523808,0.044270833333333336,0.4073919867270969,0.21875,18
Food-price.csv,1494,0.2470703125,0.25,0.03068023061016603,0.012426181102362205,0.027753353145335807,0.13114754098360656,0.09523809523809523,0.024088541666666668,0.40792292083053366,0.328125,12
Food-price.csv,1495,0.2481689453125,0.25,0.025437238893410714,0.011318897637795276,0.019079007849389894,0.13114754098360656,0.07142857142857142,0.024305555555555556,0.4092769052757747,0.3203125,13
Food-price.csv,1496,0.247802734375,0.25,0.029538997864974083,0.010703740157480315,0.02777843033218189,0.16,0.06349206349206349,0.0234375,0.37497652570934537,0.2734375,11
Food-price.csv,1497,0.25244140625,0.25,0.02322802713333261,0.010703740157480315,0.0168332985989046,0.13559322033898305,0.06349206349206349,0.0234375,0.40222313453995134,0.3125,13
Food-price.csv,1498,0.2489013671875,0.25,0.02254007743784914,0.00984251968503937,0.0219051351067481,0.17391304347826086,0.05555555555555555,0.033482142857142856,0.3698246822664351,0.2421875,12
Food-price.csv,1499,0.24658203125,0.25,0.021918335632288517,0.009965551181102362,0.016943541010652534,0.13559322033898305,0.05555555555555555,0.015625,0.3795536801556627,0.296875,10
Food-price.csv,1500,0.2498779296875,0.25,0.021260920130967254,0.01033464566929134,0.015089300143196111,0.13114754098360656,0.10317460317460317,0.018629807692307692,0.3773914329564674,0.375,12
Food-price.csv,1501,0.251220703125,0.25,0.029075293237547324,0.010826771653543307,0.02061282477220409,0.14285714285714285,0.031746031746031744,0.02734375,0.44453979746718214,0.265625,14
Food-price.csv,1502,0.25341796875,0.25,0.02293882743466083,0.008366141732283465,0.012976178025034672,0.1568627450980392,0.0873015873015873,0.019176136363636364,0.41254818563792517,0.2578125,15
Food-price.csv,1503,0.2451171875,0.25,0.021550855947962803,0.008858267716535433,0.01488020042592607,0.14285714285714285,0.047619047619047616,0.026041666666666668,0.4033609794904578,0.2578125,20
Food-price.csv,1504,0.24755859375,0.25,0.032997843122798735,0.015378937007874016,0.031063930051556603,0.11940298507462686,0.06349206349206349,0.0205078125,0.4246827344822697,0.3125,8
Food-price.csv,1505,0.2491455078125,0.25,0.023624626822778893,0.011934055118110236,0.020325905338935225,0.12698412698412698,0.06349206349206349,0.02734375,0.393747419772512,0.3671875,10
Food-price.csv,1506,0.2515869140625,0.25,0.018200761371448923,0.008366141732283465,0.01088116036375726,0.13793103448275862,0.09523809523809523,0.021484375,0.3595087375039485,0.3203125,12
Food-price.csv,1507,0.2479248046875,0.25,0.021428468965103774,0.010703740157480315,0.01660332717306825,0.12698412698412698,0.0873015873015873,0.0234375,0.3804479948475516,0.3515625,11
Food-price.csv,1508,0.2510986328125,0.25,0.023370966252178917,0.011318897637795276,0.018464564305860846,0.12307692307692308,0.1111111111111111,0.023995535714285716,0.385335290703229,0.3828125,9
Food-price.csv,1509,0.2493896484375,0.25,0.02070702570030197,0.010088582677165354,0.015000763680003824,0.13114754098360656,0.07936507936507936,0.01796875,0.37808743385221755,0.3359375,11
Food-price.csv,1510,0.2425537109375,0.234375,0.03130883400599391,0.012549212598425197,0.028619569583757325,0.13333333333333333,0.07936507936507936,0.01953125,0.4080846805190281,0.28125,11
Food-price.csv,1511,0.2474365234375,0.25,0.025598409393934044,0.011687992125984252,0.01980004544713476,0.13333333333333333,0.06349206349206349,0.0244140625,0.4185101110936798,0.3359375,9
Food-price.csv,1512,0.2515869140625,0.25,0.019998306560348483,0.008735236220472441,0.014627818846163274,0.16,0.07142857142857142,0.019097222222222224,0.3701921845890004,0.296875,21
Food-price.csv,1513,0.25634765625,0.25,0.022897215015026083,0.009965551181102362,0.015889649892680068,0.14545454545454545,0.0873015873015873,0.02130681818181818,0.39249722957487404,0.3125,11
Food-price.csv,1514,0.257080078125,0.25,0.022765376920271307,0.012303149606299213,0.016939073601865858,0.12698412698412698,0.06349206349206349,0.0283203125,0.3991894435265217,0.3046875,10
Food-price.csv,1515,0.2506103515625,0.25,0.02371276697582636,0.011811023622047244,0.01540401498611175,0.1095890410958904,0.12698412698412698,0.01953125,0.41046567097736947,0.4140625,13
Food-price.csv,1516,0.2490234375,0.25,0.023660237186690854,0.009473425196850394,0.015458945422731372,0.13333333333333333,0.05555555555555555,0.017857142857142856,0.40017845834056603,0.3203125,13
Food-price.csv,1517,0.244384765625,0.25,0.019010075256905044,0.010949803149606299,0.012294534385191316,0.11764705882352941,0.12698412698412698,0.02197265625,0.3810732893627187,0.4140625,11
Food-price.csv,1518,0.2532958984375,0.25,0.022915104610496492,0.009227362204724409,0.014719627220903123,0.14814814814814814,0.07936507936507936,0.02421875,0.4071331583070319,0.2890625,12
Food-price.csv,1519,0.24853515625,0.25,0.025197394233282554,0.01033464566929134,0.01756207271659003,0.13559322033898305,0.06349206349206349,0.0234375,0.4045197853040721,0.296875,10
Food-price.csv,1520,0.2476806640625,0.25,0.02319946208774211,0.010949803149606299,0.017462672929061906,0.12698412698412698,0.09523809523809523,0.022135416666666668,0.40041907152188166,0.34375,10
Food-price.csv,1521,0.245849609375,0.25,0.02331383185378987,0.01156496062992126,0.017340895481514556,0.12307692307692308,0.0873015873015873,0.019176136363636364,0.39474772202414377,0.3359375,9
Food-price.csv,1522,0.2509765625,0.25,0.020084925587112435,0.008981299212598425,0.013936813246561324,0.14814814814814814,0.06349206349206349,0.0166015625,0.36986325852060337,0.28125,13
Food-price.csv,1523,0.25048828125,0.25,0.021030132292341824,0.009596456692913386,0.014145947196658275,0.13559322033898305,0.06349206349206349,0.0185546875,0.38422503213720477,0.3046875,12
Food-price.csv,1524,0.2486572265625,0.25,0.020487093677413273,0.009473425196850394,0.016187878152951314,0.14545454545454545,0.03968253968253968,0.0203125,0.37728412699673486,0.2890625,11
Food-price.csv,1525,0.2503662109375,0.25,0.021258116462326053,0.01156496062992126,0.01799375062660987,0.12698412698412698,0.07936507936507936,0.021875,0.3838087663864827,0.3671875,11
Food-price.csv,1526,0.244140625,0.25,0.026921970218926214,0.009473425196850394,0.018514502920309178,0.16666666666666666,0.015873015873015872,0.015625,0.38810162145201965,0.2265625,13
Food-price.csv,1527,0.246826171875,0.25,0.02142742585344385,0.007874015748031496,0.010895062452426394,0.15384615384615385,0.06349206349206349,0.0205078125,0.390383952261252,0.25,19
Food-price.csv,1528,0.247802734375,0.25,0.026760975448894206,0.012426181102362205,0.02150976221747332,0.13793103448275862,0.047619047619047616,0.024739583333333332,0.42148085464466706,0.3203125,10
Food-price.csv,1529,0.3817138671875,0.390625,0.04268744896233609,0.004798228346456693,0.015378444874015471,0.2857142857142857,0.023809523809523808,0.015625,0.29038782056976065,0.1640625,23
Food-price.csv,1530,0.389404296875,0.390625,0.013476474042961506,0.0044291338582677165,0.010169280669179055,0.2962962962962963,0.015873015873015872,0.015625,0.2854212140561858,0.171875,28
Food-price.csv,1531,0.3927001953125,0.390625,0.010403227083502288,0.0036909448818897637,0.007954345411045581,0.3076923076923077,0.007936507936507936,0.015625,0.2371327333681744,0.1328125,24
Food-price.csv,1532,0.3905029296875,0.390625,0.013173982861107101,0.0054133858267716535,0.010627813566926296,0.25,0.015873015873015872,0.0234375,0.2938537709791685,0.203125,19
Food-price.csv,1533,0.3892822265625,0.390625,0.01251027162051176,0.00578248031496063,0.009765322260326982,0.2,0.031746031746031744,0.015625,0.27815822373861826,0.2578125,32
Food-price.csv,1534,0.3880615234375,0.390625,0.012472097726628656,0.0063976377952755905,0.008846298234373792,0.16326530612244897,0.047619047619047616,0.018229166666666668,0.28415749811577123,0.2578125,16
Food-price.csv,1535,0.3868408203125,0.390625,0.014318696758649158,0.006643700787401575,0.010097580968840142,0.17777777777777778,0.023809523809523808,0.020833333333333332,0.317715802859933,0.25,19
Food-price.csv,1536,0.385986328125,0.390625,0.013721919430074605,0.00406003937007874,0.009241295255026542,0.3076923076923077,0.0,0.0,0.29992468379346243,0.1640625,32
Food-price.csv,1537,0.38916015625,0.390625,0.015183898247525598,0.006028543307086614,0.010748193734173999,0.21052631578947367,0.023809523809523808,0.015625,0.3137546056325324,0.234375,15
Food-price.csv,1538,0.33251953125,0.34375,0.035744722203498426,0.014640748031496063,0.021546324339679936,0.11594202898550725,0.03968253968253968,0.04375,0.5127966604677283,0.34375,10
Food-price.csv,1539,0.3314208984375,0.34375,0.030424418354351862,0.013779527559055118,0.01927318917659041,0.11267605633802817,0.05555555555555555,0.020089285714285716,0.48087145693918115,0.3359375,9
Food-price.csv,1540,0.3353271484375,0.34375,0.031244038966979828,0.012918307086614173,0.0174383854723445,0.1111111111111111,0.07142857142857142,0.018229166666666668,0.46307139381322227,0.3046875,9
Food-price.csv,1541,0.33349609375,0.34375,0.02951982226599969,0.013410433070866142,0.018573274085241957,0.1111111111111111,0.07142857142857142,0.019097222222222224,0.4607416212458983,0.359375,10
Food-price.csv,1542,0.331298828125,0.34375,0.03157541596175669,0.01390255905511811,0.017780498871088516,0.1038961038961039,0.1111111111111111,0.021763392857142856,0.4790044367609167,0.3671875,8
Food-price.csv,1543,0.335693359375,0.34375,0.030193592728252786,0.012057086614173228,0.01755862477845598,0.11428571428571428,0.07142857142857142,0.030381944444444444,0.46190509462699597,0.3359375,12
Food-price.csv,1544,0.3328857421875,0.34375,0.03283101422370272,0.013410433070866142,0.019873300066197138,0.11940298507462686,0.06349206349206349,0.0234375,0.4790661277065174,0.296875,9
Food-price.csv,1545,0.3404541015625,0.34375,0.027940771931120167,0.012057086614173228,0.017667768346980802,0.12121212121212122,0.05555555555555555,0.0234375,0.4478029462261572,0.28125,10
Food-price.csv,1546,0.333984375,0.34375,0.022010600917157508,0.012795275590551181,0.011503280400104137,0.09411764705882353,0.0873015873015873,0.019176136363636364,0.4075746455237596,0.3046875,9
Food-price.csv,1547,0.333251953125,0.34375,0.02897672567684154,0.01107283464566929,0.016765721856405666,0.125,0.07936507936507936,0.02109375,0.4498533930753119,0.3515625,10
Food-price.csv,1548,0.3343505859375,0.34375,0.03046748818939198,0.011195866141732283,0.01627553710054497,0.12307692307692308,0.05555555555555555,0.018973214285714284,0.4451888939206788,0.3125,11
Food-price.csv,1549,0.33154296875,0.328125,0.029552110842527363,0.010088582677165354,0.01692745282122558,0.14285714285714285,0.047619047619047616,0.022135416666666668,0.4659385090608925,0.2890625,12
Food-price.csv,1550,0.332275390625,0.34375,0.028403324929221086,0.009227362204724409,0.015233068060316197,0.14814814814814814,0.05555555555555555,0.017857142857142856,0.42835294949087266,0.25,19
Food-price.csv,1551,0.33837890625,0.34375,0.02638074738132832,0.011441929133858268,0.016222438735360875,0.12698412698412698,0.05555555555555555,0.026785714285714284,0.42186703338418446,0.25,14
Food-price.csv,1552,0.3323974609375,0.34375,0.03011328883485826,0.012426181102362205,0.017243732131345463,0.11428571428571428,0.06349206349206349,0.0166015625,0.44384498280763446,0.3125,9
Food-price.csv,1553,0.3291015625,0.3359375,0.030804316983569346,0.01218011811023622,0.01859282319064666,0.11594202898550725,0.06349206349206349,0.0263671875,0.4721791463769558,0.328125,10
Food-price.csv,1554,0.33837890625,0.34375,0.031337615214296954,0.011441929133858268,0.016918508327696855,0.125,0.09523809523809523,0.024088541666666668,0.4587261788496942,0.34375,9
Food-price.csv,1555,0.3389892578125,0.34375,0.025952217338807877,0.011195866141732283,0.014528139192052675,0.11940298507462686,0.047619047619047616,0.020833333333333332,0.4370453652115647,0.296875,11
Food-price.csv,1556,0.3331298828125,0.34375,0.03302650599485896,0.012672244094488189,0.01867729953701916,0.11428571428571428,0.05555555555555555,0.027901785714285716,0.474944376807565,0.328125,11
Food-price.csv,1557,0.3338623046875,0.34375,0.031606311794867066,0.01328740157480315,0.018917267784052234,0.11267605633802817,0.05555555555555555,0.025669642857142856,0.4793906837644848,0.3515625,9
Blockchain-tr.csv,1558,0.22802734375,0.21875,0.028332937649226578,0.02140748031496063,0.02439624912981385,0.0963855421686747,0.15873015873015872,0.04296875,0.44142164769326286,0.4921875,7
Blockchain-tr.csv,1559,0.2352294921875,0.234375,0.028121513574462683,0.01968503937007874,0.01841613419316055,0.09090909090909091,0.18253968253968253,0.03328804347826087,0.4556110631717367,0.515625,6
Blockchain-tr.csv,1560,0.2222900390625,0.21875,0.02228744508455179,0.019438976377952756,0.017833202095633143,0.08888888888888889,0.20634920634920634,0.03125,0.4154983093337627,0.515625,7
Blockchain-tr.csv,1561,0.2125244140625,0.203125,0.03390457606248734,0.021161417322834646,0.021347294116618905,0.0898876404494382,0.15079365079365079,0.036595394736842105,0.46916047063608857,0.4765625,7
Blockchain-tr.csv,1562,0.227294921875,0.21875,0.02522930838442458,0.01673228346456693,0.01862048262350487,0.10126582278481013,0.1984126984126984,0.0290625,0.4196965910428622,0.46875,8
Blockchain-tr.csv,1563,0.2169189453125,0.21875,0.024207807960871772,0.01968503937007874,0.020302806441669558,0.09411764705882353,0.18253968253968253,0.034307065217391304,0.40728705797358655,0.4453125,6
Blockchain-tr.csv,1564,0.2236328125,0.21875,0.03147804972907461,0.0203001968503937,0.02280899085750239,0.09195402298850575,0.19047619047619047,0.0322265625,0.4631632988648677,0.5078125,7
Blockchain-tr.csv,1565,0.2154541015625,0.21875,0.02299818941950915,0.01906988188976378,0.01848914113599329,0.09302325581395349,0.20634920634920634,0.03064903846153846,0.41474065827030815,0.5078125,6
Blockchain-tr.csv,1566,0.2227783203125,0.21875,0.02791302590803642,0.02079232283464567,0.025038043005738173,0.0975609756097561,0.1984126984126984,0.038125,0.42155952655128476,0.4296875,8
Blockchain-tr.csv,1567,0.2261962890625,0.21875,0.027549784852311104,0.02251476377952756,0.02477550093138164,0.09195402298850575,0.21428571428571427,0.03587962962962963,0.4387020521601137,0.484375,6
Blockchain-tr.csv,1568,0.2244873046875,0.21875,0.02740444531474279,0.023622047244094488,0.024401212256531826,0.08695652173913043,0.23809523809523808,0.03697916666666667,0.41891172338045357,0.515625,5
Blockchain-tr.csv,1569,0.2099609375,0.203125,0.03129574288859779,0.02251476377952756,0.026716821235919404,0.0963855421686747,0.2222222222222222,0.03822544642857143,0.45755933441346536,0.5078125,8
Blockchain-tr.csv,1570,0.2125244140625,0.21875,0.03733176801300723,0.019562007874015748,0.021831764776396513,0.1038961038961039,0.15873015873015872,0.03828125,0.512707656069679,0.4375,8
Blockchain-tr.csv,1571,0.2108154296875,0.203125,0.031492957750921174,0.020054133858267716,0.019695801683968273,0.0898876404494382,0.14285714285714285,0.032552083333333336,0.4676984577533472,0.4296875,6
Blockchain-tr.csv,1572,0.2294921875,0.21875,0.03024191907656645,0.019808070866141732,0.024130488213791355,0.08888888888888889,0.20634920634920634,0.033353365384615384,0.4639353463459341,0.4765625,7
Blockchain-tr.csv,1573,0.2269287109375,0.21875,0.022351537561119378,0.018577755905511813,0.019084560644757064,0.0963855421686747,0.1984126984126984,0.0328125,0.41064619145412284,0.4609375,5
Blockchain-tr.csv,1574,0.2137451171875,0.203125,0.02010235285771182,0.015871062992125984,0.0159277089888605,0.0963855421686747,0.16666666666666666,0.027529761904761904,0.3731671226795737,0.4921875,7
Blockchain-tr.csv,1575,0.2310791015625,0.21875,0.03230945445895052,0.027312992125984252,0.02751893082308265,0.08421052631578947,0.2222222222222222,0.04185267857142857,0.4562311654794034,0.515625,6
Blockchain-tr.csv,1576,0.2303466796875,0.21875,0.026294466684710253,0.01894685039370079,0.020901599228676265,0.0963855421686747,0.18253968253968253,0.03125,0.4274392714246457,0.5,5
Blockchain-tr.csv,1577,0.21630859375,0.2109375,0.02322802713333261,0.015994094488188976,0.018546360419499287,0.10666666666666667,0.1349206349206349,0.030330882352941176,0.405716427915535,0.453125,11
Blockchain-tr.csv,1578,0.2220458984375,0.21875,0.027389216089217898,0.016486220472440943,0.02040617469386243,0.10810810810810811,0.15079365079365079,0.033717105263157895,0.43697558518182994,0.421875,8
Blockchain-tr.csv,1579,0.2232666015625,0.21875,0.03045574791124715,0.022391732283464565,0.027701491448932067,0.09411764705882353,0.18253968253968253,0.034986413043478264,0.45689029541118886,0.515625,6
Blockchain-tr.csv,1580,0.2286376953125,0.21875,0.028696391254922682,0.023252952755905512,0.02494658893219872,0.0898876404494382,0.23809523809523808,0.035416666666666666,0.43906407727947533,0.5390625,5
Blockchain-tr.csv,1581,0.220947265625,0.21875,0.03183859597556193,0.02645177165354331,0.026921697880021137,0.08247422680412371,0.19047619047619047,0.037109375,0.47111116876689424,0.484375,5
Blockchain-tr.csv,1582,0.220947265625,0.21875,0.02275490165137653,0.01624015748031496,0.0192519722779089,0.1111111111111111,0.16666666666666666,0.03273809523809524,0.39359058459126256,0.3984375,6
Blockchain-tr.csv,1583,0.1976318359375,0.1875,0.03242363063241293,0.026328740157480313,0.029652887730792794,0.09411764705882353,0.2222222222222222,0.04575892857142857,0.47343888778741966,0.4453125,5
Blockchain-tr.csv,1584,0.2010498046875,0.1875,0.04429638816929283,0.018700787401574805,0.027939799939152063,0.12698412698412698,0.1746031746031746,0.04190340909090909,0.49033185001659896,0.390625,8
Blockchain-tr.csv,1585,0.2177734375,0.2109375,0.026403331708194873,0.017470472440944882,0.01856186093237589,0.0963855421686747,0.18253968253968253,0.028872282608695652,0.4172370722231906,0.5078125,7
Blockchain-tr.csv,1586,0.2296142578125,0.21875,0.0330048418683357,0.024114173228346455,0.02778224444148119,0.0898876404494382,0.14285714285714285,0.04296875,0.4520232327965768,0.46875,5
Blockchain-tr.csv,1587,0.2236328125,0.21875,0.02374071441629535,0.01894685039370079,0.018973195968967137,0.0898876404494382,0.20634920634920634,0.029747596153846152,0.4196584084344516,0.5390625,7
Blockchain-tr.csv,1588,0.232177734375,0.21875,0.027044566848792723,0.020546259842519687,0.024070822153002144,0.0975609756097561,0.18253968253968253,0.033627717391304345,0.43349247181119327,0.46875,6
Blockchain-tr.csv,1589,0.2125244140625,0.203125,0.03235001471104943,0.022760826771653545,0.024392526122065765,0.09090909090909091,0.15873015873015872,0.034375,0.4584036919791284,0.4375,6
Blockchain-tr.csv,1590,0.220947265625,0.21875,0.0290834921219507,0.021284448818897638,0.026062357446717123,0.09523809523809523,0.19047619047619047,0.0380859375,0.4359182639300759,0.4921875,6
Blockchain-tr.csv,1591,0.2183837890625,0.21875,0.032357383839910756,0.025344488188976378,0.026592454585460557,0.08695652173913043,0.21428571428571427,0.03819444444444445,0.4791086870944041,0.5078125,6
Blockchain-tr.csv,1592,0.193115234375,0.171875,0.037909465706858006,0.023622047244094488,0.03142581825965882,0.1095890410958904,0.14285714285714285,0.048177083333333336,0.46680161936301207,0.375,4
Blockchain-tr.csv,1593,0.2264404296875,0.21875,0.029296620685745157,0.021284448818897638,0.02598849248087473,0.0963855421686747,0.16666666666666666,0.0390625,0.45481343622384746,0.46875,9
Blockchain-tr.csv,1594,0.21826171875,0.21875,0.03050488017077593,0.02251476377952756,0.024226273065354343,0.09302325581395349,0.18253968253968253,0.03974184782608696,0.4810580491630567,0.484375,6
Blockchain-tr.csv,1595,0.2125244140625,0.203125,0.021066591652100838,0.017593503937007874,0.016286693645052096,0.09195402298850575,0.21428571428571427,0.028645833333333332,0.403512899063525,0.4765625,7
Blockchain-tr.csv,1596,0.1810302734375,0.171875,0.03908824072545565,0.017593503937007874,0.024646252013500448,0.13333333333333333,0.15873015873015872,0.041796875,0.4702470847046704,0.3359375,7
Blockchain-tr.csv,1597,0.188232421875,0.1875,0.027749457757824232,0.01894685039370079,0.02108474137427674,0.09302325581395349,0.20634920634920634,0.03125,0.4531120306893664,0.5078125,7
Blockchain-tr.csv,1598,0.1319580078125,0.171875,0.0811383837870231,0.01218011811023622,0.027793139012482076,0.16,0.1111111111111111,0.027901785714285716,0.3661775518001165,0.28125,10
Blockchain-tr.csv,1599,0.2127685546875,0.21875,0.036754112260103076,0.020915354330708662,0.025507013673262385,0.1,0.1746031746031746,0.04332386363636364,0.5106683319762149,0.46875,6
Blockchain-tr.csv,1600,0.211181640625,0.203125,0.0262027842636565,0.019808070866141732,0.022988131327020992,0.1038961038961039,0.1746031746031746,0.04012784090909091,0.4376661803678184,0.4375,7
Blockchain-tr.csv,1601,0.216064453125,0.21875,0.03251289551995566,0.022883858267716536,0.026727017415284465,0.09411764705882353,0.19047619047619047,0.043294270833333336,0.49581537488034527,0.453125,8
Blockchain-tr.csv,1602,0.2093505859375,0.203125,0.0371781765445821,0.024237204724409447,0.029327467551993072,0.0963855421686747,0.18253968253968253,0.04110054347826087,0.531803841951183,0.421875,5
Blockchain-tr.csv,1603,0.2193603515625,0.21875,0.02886414425388732,0.018823818897637797,0.021598949162035877,0.08791208791208792,0.21428571428571427,0.025752314814814815,0.44979400806927106,0.5390625,8
Blockchain-tr.csv,1604,0.2144775390625,0.203125,0.029537736694963176,0.021776574803149606,0.02048612953745794,0.08695652173913043,0.23015873015873015,0.03286637931034483,0.45846924560929697,0.5390625,6
Blockchain-tr.csv,1605,0.2257080078125,0.21875,0.02530096803931623,0.018823818897637797,0.020028832283005053,0.09195402298850575,0.18253968253968253,0.030570652173913044,0.4135685987924811,0.5,8
Blockchain-tr.csv,1606,0.2177734375,0.21875,0.030493154289054678,0.02300688976377953,0.02607397065353474,0.09523809523809523,0.19047619047619047,0.0400390625,0.4717327502662619,0.4921875,5
Blockchain-tr.csv,1607,0.2176513671875,0.21875,0.03680920922640129,0.025836614173228346,0.028168570851425313,0.08791208791208792,0.23015873015873015,0.0412176724137931,0.5278140830132351,0.53125,5
Blockchain-tr.csv,1608,0.2261962890625,0.21875,0.03167224763746063,0.025344488188976378,0.025257739889870373,0.08163265306122448,0.2222222222222222,0.03794642857142857,0.48441641389586537,0.5625,7
Blockchain-tr.csv,1609,0.2130126953125,0.203125,0.021999427592893823,0.016117125984251968,0.017856952565569805,0.09876543209876543,0.18253968253968253,0.028532608695652172,0.38982779259490546,0.484375,7
Blockchain-tr.csv,1610,0.2142333984375,0.203125,0.027631876490958048,0.02386811023622047,0.02547732465596893,0.09090909090909091,0.21428571428571427,0.03993055555555555,0.4365126316322059,0.5078125,8
Blockchain-tr.csv,1611,0.21826171875,0.21875,0.026775448966514053,0.019931102362204724,0.022500304616602775,0.09523809523809523,0.16666666666666666,0.038318452380952384,0.43762090047966384,0.421875,7
Blockchain-tr.csv,1612,0.2086181640625,0.203125,0.036570399482491585,0.021161417322834646,0.021615762046648675,0.08888888888888889,0.2222222222222222,0.034877232142857144,0.5147534987804737,0.4609375,6
Blockchain-tr.csv,1613,0.216796875,0.2109375,0.02157297073669387,0.01734744094488189,0.019825257252912253,0.10256410256410256,0.15873015873015872,0.03359375,0.38160538516265435,0.453125,5
Blockchain-tr.csv,1614,0.224609375,0.21875,0.030757843257858637,0.02251476377952756,0.027636390542682382,0.09411764705882353,0.15079365079365079,0.04029605263157895,0.44059640206415623,0.453125,7
Blockchain-tr.csv,1615,0.2169189453125,0.2109375,0.04005673646457387,0.02645177165354331,0.03066077192200759,0.09411764705882353,0.1984126984126984,0.0465625,0.5415544949265664,0.5078125,6
Blockchain-tr.csv,1616,0.213623046875,0.2109375,0.02368919016261009,0.017716535433070866,0.02396368052811316,0.0975609756097561,0.16666666666666666,0.036458333333333336,0.38407758998589436,0.4453125,6
Blockchain-tr.csv,1617,0.2122802734375,0.2109375,0.03200547646807761,0.02251476377952756,0.021448451606634767,0.09302325581395349,0.1984126984126984,0.039375,0.4959881847339455,0.4765625,6
Blockchain-tr.csv,1618,0.2301025390625,0.21875,0.03165718869533781,0.021653543307086614,0.02253190099055392,0.08791208791208792,0.1746031746031746,0.03799715909090909,0.48674053463040595,0.5,5
Blockchain-tr.csv,1619,0.2244873046875,0.21875,0.026627841690359606,0.0203001968503937,0.02031249627403066,0.09090909090909091,0.19047619047619047,0.035481770833333336,0.4335961019407974,0.4609375,7
Blockchain-tr.csv,1620,0.218994140625,0.203125,0.027132581292992557,0.01439468503937008,0.01588202712904028,0.10666666666666667,0.15079365079365079,0.025904605263157895,0.4132071787293215,0.40625,6
Blockchain-tr.csv,1621,0.2109375,0.203125,0.029231698334171417,0.02546751968503937,0.023676451662701204,0.08247422680412371,0.1984126984126984,0.0428125,0.4641763751448229,0.515625,5
Blockchain-tr.csv,1622,0.227294921875,0.21875,0.02986808862905813,0.021530511811023622,0.020275948892177827,0.08791208791208792,0.1984126984126984,0.0340625,0.44351072008558085,0.46875,6
Blockchain-tr.csv,1623,0.2237548828125,0.21875,0.02942249070960138,0.020915354330708662,0.022801025897118403,0.09411764705882353,0.19047619047619047,0.031575520833333336,0.4484933179278632,0.4765625,7
Blockchain-tr.csv,1624,0.223876953125,0.21875,0.030074914537975877,0.020546259842519687,0.02250232273197719,0.08695652173913043,0.19047619047619047,0.028645833333333332,0.4316975040260209,0.53125,10
Blockchain-tr.csv,1625,0.2294921875,0.234375,0.028219107962499785,0.021161417322834646,0.020046962028543697,0.08163265306122448,0.24603174603174602,0.030493951612903226,0.47035085108243596,0.5859375,7
Blockchain-tr.csv,1626,0.206298828125,0.203125,0.025267080365353037,0.017716535433070866,0.022897083639142328,0.11267605633802817,0.16666666666666666,0.036830357142857144,0.37308392928023904,0.40625,7
Blockchain-tr.csv,1627,0.216796875,0.203125,0.025540423497308635,0.02042322834645669,0.0236527851194841,0.09876543209876543,0.1746031746031746,0.040838068181818184,0.4136747163661399,0.4296875,6
Blockchain-tr.csv,1628,0.2119140625,0.203125,0.026330993677173366,0.02312992125984252,0.023435481679893056,0.08602150537634409,0.1984126984126984,0.0409375,0.4357174900660546,0.546875,6
Blockchain-tr.csv,1629,0.1822509765625,0.171875,0.0310219550219238,0.018823818897637797,0.026980669636576266,0.1111111111111111,0.19047619047619047,0.036783854166666664,0.4282240102574058,0.4140625,7
Blockchain-tr.csv,1630,0.2198486328125,0.21875,0.024949869916955195,0.021038385826771654,0.02212994301633548,0.08602150537634409,0.24603174603174602,0.03377016129032258,0.42353263892130216,0.5546875,6
Blockchain-tr.csv,1631,0.2203369140625,0.21875,0.029545807252792693,0.021038385826771654,0.021423736926374625,0.08888888888888889,0.19047619047619047,0.036458333333333336,0.4602889338834428,0.453125,6
Blockchain-tr.csv,1632,0.2205810546875,0.21875,0.0332961182671655,0.02202263779527559,0.025816687103551197,0.09523809523809523,0.19047619047619047,0.0380859375,0.5007884328855218,0.4609375,7
Blockchain-tr.csv,1633,0.2054443359375,0.203125,0.027280188663283352,0.017593503937007874,0.019802338755882876,0.09876543209876543,0.16666666666666666,0.030877976190476192,0.43871647879424186,0.421875,7
Blockchain-tr.csv,1634,0.220947265625,0.21875,0.025445731590879213,0.019315944881889764,0.02256680713230314,0.10666666666666667,0.15079365079365079,0.041529605263157895,0.4360369330234581,0.4375,7
Blockchain-tr.csv,1635,0.227294921875,0.21875,0.03653228163098729,0.02608267716535433,0.026090800621766164,0.08602150537634409,0.18253968253968253,0.042119565217391304,0.4913409039580217,0.484375,5
Blockchain-tr.csv,1636,0.2122802734375,0.203125,0.01958268069809824,0.013656496062992126,0.015187290134189964,0.10256410256410256,0.15079365079365079,0.025082236842105265,0.3526108385684586,0.4140625,9
Blockchain-tr.csv,1637,0.2021484375,0.203125,0.03948743480303853,0.022883858267716536,0.02407836707706779,0.0963855421686747,0.19047619047619047,0.042643229166666664,0.5254637365608049,0.453125,6
Blockchain-tr.csv,1638,0.2099609375,0.203125,0.040583192881211226,0.02042322834645669,0.023160005146732544,0.09523809523809523,0.15079365079365079,0.036595394736842105,0.537694550186537,0.4140625,7
Blockchain-tr.csv,1639,0.216796875,0.21875,0.02591113117465156,0.018700787401574805,0.019414822280493554,0.09411764705882353,0.2222222222222222,0.03236607142857143,0.4192376432092975,0.5,9
Blockchain-tr.csv,1640,0.210205078125,0.203125,0.0219115360864037,0.017839566929133858,0.019184236126500626,0.0975609756097561,0.18253968253968253,0.03091032608695652,0.3690820335267879,0.53125,7
Blockchain-tr.csv,1641,0.1915283203125,0.1875,0.034011645720834906,0.021284448818897638,0.025765627077029934,0.10526315789473684,0.15079365079365079,0.046052631578947366,0.5002404493381319,0.4453125,7
Blockchain-tr.csv,1642,0.229248046875,0.21875,0.03245417812587353,0.019438976377952756,0.022418080673380206,0.0963855421686747,0.16666666666666666,0.033482142857142856,0.4705737861422885,0.46875,6
Blockchain-tr.csv,1643,0.2218017578125,0.21875,0.019142477763286227,0.01513287401574803,0.015306423533461448,0.10126582278481013,0.1746031746031746,0.028409090909090908,0.384122111478798,0.484375,8
Blockchain-tr.csv,1644,0.2208251953125,0.21875,0.027646972048280722,0.016855314960629923,0.01986187184155628,0.1,0.16666666666666666,0.026785714285714284,0.42510856615582265,0.46875,9
Blockchain-tr.csv,1645,0.2086181640625,0.203125,0.03146834388933021,0.023252952755905512,0.025404737842849516,0.09090909090909091,0.2222222222222222,0.037388392857142856,0.48365662546840954,0.484375,6
Blockchain-tr.csv,1646,0.2265625,0.21875,0.031188905122404905,0.02300688976377953,0.027228068122305094,0.09523809523809523,0.19047619047619047,0.030598958333333332,0.432427207534463,0.46875,7
Blockchain-tr.csv,1647,0.2230224609375,0.21875,0.03141526391787477,0.025098425196850394,0.026824816403454674,0.08888888888888889,0.1984126984126984,0.0403125,0.4717237558641727,0.5,6
Blockchain-tr.csv,1648,0.21728515625,0.21875,0.028332937649226578,0.021776574803149606,0.022023668761334277,0.08247422680412371,0.21428571428571427,0.03125,0.4456571365160209,0.5390625,7
Blockchain-tr.csv,1649,0.2110595703125,0.203125,0.03832288540943168,0.027066929133858268,0.03194652040771156,0.0975609756097561,0.18253968253968253,0.051290760869565216,0.5278847869877022,0.4609375,6
Blockchain-tr.csv,1650,0.2076416015625,0.203125,0.022789909464751283,0.018454724409448817,0.018332931443654898,0.09195402298850575,0.18253968253968253,0.03192934782608696,0.41797979843022715,0.4765625,8
Blockchain-tr.csv,1651,0.2218017578125,0.21875,0.028508841347835108,0.017593503937007874,0.02156809150087561,0.10256410256410256,0.16666666666666666,0.033854166666666664,0.46293925748009884,0.4375,6
Blockchain-tr.csv,1652,0.2100830078125,0.203125,0.01999532585361205,0.014640748031496063,0.016952472296397764,0.10526315789473684,0.15079365079365079,0.03042763157894737,0.3518644527379313,0.453125,7
Blockchain-tr.csv,1653,0.2086181640625,0.203125,0.039479698070214155,0.023991141732283464,0.026364934831269296,0.09411764705882353,0.20634920634920634,0.042067307692307696,0.5439505729705988,0.453125,7
Blockchain-tr.csv,1654,0.203369140625,0.203125,0.0262027842636565,0.019192913385826772,0.017448798521922358,0.08695652173913043,0.1984126984126984,0.0284375,0.45347474965365925,0.4921875,6
Blockchain-tr.csv,1655,0.21019345238095238,0.203125,0.027847168766665688,0.02390813253012048,0.025592718311048975,0.14035087719298245,0.1951219512195122,0.04443359375,0.4581524845493567,0.4642857142857143,7
TY-Transport.csv,1656,0.068603515625,0.078125,0.0187575642904171,0.010088582677165354,0.013374830838545201,0.13114754098360656,0.10317460317460317,0.019230769230769232,0.30407162866053444,0.3515625,8
TY-Transport.csv,1657,0.067626953125,0.078125,0.014888575281727857,0.004798228346456693,0.008436408827723304,0.22857142857142856,0.047619047619047616,0.016927083333333332,0.2683842966822986,0.1875,17
TY-Transport.csv,1658,0.0638427734375,0.0625,0.020016181479467605,0.0054133858267716535,0.010983619153870895,0.24242424242424243,0.007936507936507936,0.015625,0.2856735812049073,0.1640625,13
TY-Transport.csv,1659,0.0697021484375,0.078125,0.02075303018804191,0.0063976377952755905,0.011153197006917207,0.1951219512195122,0.031746031746031744,0.015625,0.30339089957940535,0.2421875,3
TY-Transport.csv,1660,0.0543212890625,0.0625,0.027341297584638432,0.0054133858267716535,0.010259676052849111,0.22857142857142856,0.031746031746031744,0.017578125,0.38535252270322956,0.203125,4
TY-Transport.csv,1661,0.0926513671875,0.09375,0.003994889690418352,9.84251968503937E-4,0.003796074955841907,0.8888888888888888,0.0,0.0,0.06118145983512229,0.0703125,1024
TY-Transport.csv,1662,0.0667724609375,0.0625,0.022330193842188744,0.0034448818897637795,0.01299366378694233,0.6666666666666666,0.0,0.0,0.2334786931850501,0.0859375,4
TY-Transport.csv,1663,0.0670166015625,0.0625,0.013124119865335163,0.005044291338582677,0.011071467544652214,0.25806451612903225,0.03968253968253968,0.0203125,0.23700301125826964,0.1796875,2
TY-Transport.csv,1664,0.0545654296875,0.0625,0.019821677961216633,0.006643700787401575,0.014999754580834803,0.2857142857142857,0.031746031746031744,0.01953125,0.24262396094559804,0.171875,3
TY-Transport.csv,1665,0.048828125,0.0625,0.024237643839825893,0.00812007874015748,0.01626995595946511,0.23529411764705882,0.023809523809523808,0.0234375,0.335245201143551,0.1953125,3
TY-Transport.csv,1666,0.081298828125,0.09375,0.022807229883412716,0.002583661417322835,0.006433029755118777,0.4,0.031746031746031744,0.015625,0.2561788710950295,0.125,38
TY-Transport.csv,1667,0.0570068359375,0.0625,0.031285980491911565,0.0033218503937007876,0.008233004441103154,0.3333333333333333,0.023809523809523808,0.015625,0.38772157846455163,0.1640625,15
TY-Transport.csv,1668,0.0667724609375,0.0625,0.015712018886778176,0.004306102362204725,0.009337434035930249,0.2857142857142857,0.03968253968253968,0.01875,0.24429661604960884,0.1796875,2
TY-Transport.csv,1669,0.050537109375,0.0625,0.026456328989438654,0.0027066929133858267,0.00834077325623931,0.47058823529411764,0.007936507936507936,0.015625,0.3140611365094949,0.1015625,3
TY-Transport.csv,1670,0.0538330078125,0.0625,0.016083197976895062,0.0030757874015748033,0.010005721265426893,0.5,0.015873015873015872,0.02734375,0.2056434771671626,0.109375,3
TY-Transport.csv,1671,0.06005859375,0.0625,0.02411437153294091,0.00578248031496063,0.012370631860481712,0.25,0.015873015873015872,0.01953125,0.3436066969310349,0.171875,3
TY-Transport.csv,1672,0.015625,0.015625,0.0,0.0,0.0,8.0,0.0,0.0,0.0,0.0078125,1024
TY-Transport.csv,1673,0.033203125,0.015625,0.02734375,0.0018454724409448819,0.007234837809049779,0.8,0.015873015873015872,0.03515625,0.22349798981203875,0.0546875,44
TY-Transport.csv,1674,0.0462646484375,0.046875,0.02886414425388732,0.003937007874015748,0.00919037864024758,0.3076923076923077,0.047619047619047616,0.020833333333333332,0.30981052481008264,0.1484375,3
TY-Transport.csv,1675,0.0521240234375,0.0625,0.022121013368396194,0.00406003937007874,0.008815444939799634,0.2962962962962963,0.015873015873015872,0.0234375,0.3290777858719461,0.1484375,3
TY-Transport.csv,1676,0.051025390625,0.0625,0.023067090495116894,0.0052903543307086616,0.011301499381067837,0.25,0.06349206349206349,0.0185546875,0.3232164981818062,0.2109375,3
TY-Transport.csv,1677,0.055908203125,0.0625,0.02249143437419544,0.005659448818897638,0.012193159923038726,0.25,0.031746031746031744,0.015625,0.29362944912999606,0.2109375,3
TY-Transport.csv,1678,0.046142578125,0.0625,0.023098077309259345,0.005536417322834645,0.014872060271911014,0.42105263157894735,0.007936507936507936,0.046875,0.2802241001335981,0.140625,3
TY-Transport.csv,1679,0.0562744140625,0.0625,0.022040030711372425,0.001968503937007874,0.005879824382553403,0.5333333333333333,0.023809523809523808,0.020833333333333332,0.3330195859042952,0.09375,3
TY-Transport.csv,1680,0.0599365234375,0.0625,0.019411482764302827,0.00578248031496063,0.012677618117434451,0.26666666666666666,0.007936507936507936,0.0390625,0.2885477226014087,0.1640625,3
TY-Transport.csv,1681,0.0538330078125,0.0625,0.022338200126652472,0.00578248031496063,0.012525065543921665,0.27586206896551724,0.031746031746031744,0.02734375,0.2915930151281973,0.1953125,3
TY-Transport.csv,1682,0.063232421875,0.078125,0.021824314797952913,0.004552165354330708,0.010579277965898441,0.2962962962962963,0.015873015873015872,0.03515625,0.2710480724546334,0.15625,3
TY-Transport.csv,1683,0.069091796875,0.0625,0.009490132678504301,0.004675196850393701,0.009052643769265338,0.24242424242424243,0.023809523809523808,0.015625,0.19270058360676226,0.2421875,2
TY-Transport.csv,1684,0.0662841796875,0.0703125,0.016543567561061304,0.0052903543307086616,0.012435313748517014,0.2857142857142857,0.007936507936507936,0.0234375,0.2555955931079907,0.171875,2
TY-Transport.csv,1685,0.061767578125,0.0625,0.011024240141480113,0.002952755905511811,0.006423610965652866,0.3333333333333333,0.007936507936507936,0.015625,0.23127043869272115,0.15625,2
TY-Transport.csv,1686,0.072509765625,0.078125,0.009105496190904061,0.0033218503937007876,0.008233004441103158,0.34782608695652173,0.015873015873015872,0.015625,0.1745347270186255,0.15625,2
TY-Transport.csv,1687,0.061279296875,0.0625,0.011153245879394941,0.0031988188976377952,0.0066025629256883595,0.3076923076923077,0.03968253968253968,0.015625,0.2573375174608547,0.1796875,3
TY-Transport.csv,1688,0.0689697265625,0.078125,0.010966643606662179,0.004798228346456693,0.009303329023331482,0.24242424242424243,0.023809523809523808,0.020833333333333332,0.22673265961187491,0.2265625,2
TY-Transport.csv,1689,0.062255859375,0.0625,0.012953265034064755,0.0054133858267716535,0.01080718073621938,0.24242424242424243,0.047619047619047616,0.018229166666666668,0.23940178926653766,0.21875,3
TY-Transport.csv,1690,0.0653076171875,0.0625,0.011949804505540753,0.00516732283464567,0.00961694008162539,0.22857142857142856,0.047619047619047616,0.016927083333333332,0.26605692679427784,0.2109375,2
TY-Transport.csv,1691,0.068603515625,0.078125,0.01771155683312116,0.008981299212598425,0.01611195971174804,0.17391304347826086,0.06349206349206349,0.0244140625,0.25886170825158256,0.28125,2
TY-Transport.csv,1692,0.0589599609375,0.0625,0.015772599219256368,0.004552165354330708,0.010209390470336964,0.2962962962962963,0.031746031746031744,0.025390625,0.22815989976617143,0.1875,3
TY-Transport.csv,1693,0.0576171875,0.0625,0.024993132601698685,0.010580708661417323,0.01615511766169325,0.15384615384615385,0.09523809523809523,0.024739583333333332,0.3295655908296082,0.3125,3
TY-Transport.csv,1694,0.05908203125,0.0625,0.01352283439856077,0.002829724409448819,0.007699058979902578,0.4,0.0,0.0,0.23844882278053695,0.125,3
TY-Transport.csv,1695,0.06689453125,0.078125,0.01892995310056653,0.00578248031496063,0.011732586910809193,0.23529411764705882,0.031746031746031744,0.01953125,0.24508708773853063,0.25,3
TY-Transport.csv,1696,0.064697265625,0.0625,0.014581144259413195,0.0036909448818897637,0.007192872038505648,0.27586206896551724,0.015873015873015872,0.015625,0.26156887580042887,0.1953125,3
TY-Transport.csv,1697,0.0653076171875,0.0625,0.01627477005123704,0.00578248031496063,0.012828356690686098,0.27586206896551724,0.023809523809523808,0.015625,0.26990222907068123,0.1953125,2
TY-Transport.csv,1698,0.0633544921875,0.0625,0.014785632751929793,0.003937007874015748,0.008311685902585885,0.2857142857142857,0.031746031746031744,0.01953125,0.2571014373608617,0.1796875,2
TY-Transport.csv,1699,0.0635986328125,0.0625,0.016362431456536673,0.006028543307086614,0.01373221101406247,0.27586206896551724,0.023809523809523808,0.020833333333333332,0.24578259002965389,0.1875,3
TY-Transport.csv,1700,0.06982421875,0.078125,0.010506559956713873,0.003813976377952756,0.006992259959834075,0.25806451612903225,0.023809523809523808,0.015625,0.22078093634012583,0.21875,2
TY-Transport.csv,1701,0.06494140625,0.0625,0.014007801062286183,0.005659448818897638,0.009738935741714215,0.20512820512820512,0.047619047619047616,0.016927083333333332,0.2404369010680818,0.2421875,3
TY-Transport.csv,1702,0.0736083984375,0.078125,0.0070832344123066444,0.0033218503937007876,0.006392904063369378,0.2857142857142857,0.015873015873015872,0.015625,0.14458452241360353,0.21875,2
TY-Transport.csv,1703,0.072998046875,0.078125,0.007591949123762799,0.001968503937007874,0.005184868972860596,0.47058823529411764,0.007936507936507936,0.015625,0.1596182188355028,0.1171875,3
TY-Transport.csv,1704,0.072509765625,0.078125,0.008893557421917473,0.003567913385826772,0.007120962661657366,0.2857142857142857,0.007936507936507936,0.015625,0.1811022212930721,0.1875,59
TY-Transport.csv,1705,0.0601806640625,0.0625,0.018538216759270792,0.00578248031496063,0.011732586910809192,0.24242424242424243,0.023809523809523808,0.015625,0.29512161796202124,0.1875,10
TY-Transport.csv,1706,0.03125,0.015625,0.02209708691207961,0.0234375,0.0234375,4.0,0.0,0.0,0.15304930567574826,0.6666666666666666,4
Stocks-USA.csv,1707,0.12841796875,0.125,0.014344170724187873,0.0018454724409448819,0.005410588933881887,0.5333333333333333,0.0,0.0,0.2913168994821325,0.0703125,36
Stocks-USA.csv,1708,0.118896484375,0.125,0.015653584083896915,0.002583661417322835,0.0058046880472861434,0.36363636363636365,0.015873015873015872,0.015625,0.32982464693922126,0.1015625,28
Stocks-USA.csv,1709,0.102294921875,0.109375,0.011024240141480113,0.003567913385826772,0.007120962661657367,0.2857142857142857,0.023809523809523808,0.015625,0.24657214014229023,0.15625,33
Stocks-USA.csv,1710,0.108642578125,0.125,0.019711993285580518,0.0020915354330708663,0.005670137117028995,0.47058823529411764,0.015873015873015872,0.015625,0.30104723112019166,0.09375,29
Stocks-USA.csv,1711,0.1103515625,0.109375,0.014451805260692131,0.0017224409448818897,0.004893499458993939,0.5333333333333333,0.015873015873015872,0.015625,0.2890926077617056,0.078125,27
Stocks-USA.csv,1712,0.1107177734375,0.109375,0.013951841049669105,0.0020915354330708663,0.005320312084261728,0.4444444444444444,0.007936507936507936,0.015625,0.29309241195954994,0.0703125,37
Stocks-USA.csv,1713,0.1112060546875,0.109375,0.020072680377080855,0.0031988188976377952,0.006887566438129134,0.32,0.031746031746031744,0.017578125,0.36009376010297817,0.15625,72
Stocks-USA.csv,1714,0.1199951171875,0.125,0.022518912420182054,0.0024606299212598425,0.008416649299452298,0.47058823529411764,0.015873015873015872,0.015625,0.37510413053917896,0.078125,29
Stocks-USA.csv,1715,0.1490478515625,0.15625,0.01820730988036203,0.002583661417322835,0.005804688047286142,0.36363636363636365,0.007936507936507936,0.015625,0.34624641447715404,0.078125,32
Stocks-USA.csv,1716,0.1448974609375,0.15625,0.016424241872677842,0.0023375984251968506,0.00590807441119241,0.42105263157894735,0.015873015873015872,0.015625,0.2521226912521815,0.125,44
Stocks-USA.csv,1717,0.143798828125,0.140625,0.008137613922118632,0.0014763779527559055,0.004570417229578424,0.6153846153846154,0.0,0.0,0.18418428016495528,0.0859375,91
Stocks-USA.csv,1718,0.1529541015625,0.15625,0.01390048046653865,0.002583661417322835,0.00580468804728614,0.36363636363636365,0.015873015873015872,0.015625,0.2999259314035274,0.1328125,27
Stocks-USA.csv,1719,0.1475830078125,0.140625,0.012628821332877882,0.0014763779527559055,0.004570417229578424,0.6153846153846154,0.0,0.0,0.28740523232915227,0.078125,26
Stocks-USA.csv,1720,0.1341552734375,0.140625,0.011641566091297358,0.0030757874015748033,0.0062127860103113105,0.3076923076923077,0.03968253968253968,0.015625,0.26242674479866807,0.1171875,24
Stocks-USA.csv,1721,0.147705078125,0.15625,0.011531607108026897,0.0013533464566929134,0.00439482556581982,0.6666666666666666,0.007936507936507936,0.015625,0.22277354608446323,0.078125,32
Stocks-USA.csv,1722,0.233154296875,0.234375,0.013756625573223444,0.0012303149606299212,0.013810251181498309,4.0,0.0,0.0,0.010985735390540282,0.015625,1014
Stocks-USA.csv,1723,0.1005859375,0.1015625,0.012619968733711021,0.0030757874015748033,0.0065148633340913935,0.32,0.015873015873015872,0.015625,0.27894744589322407,0.1484375,22
Stocks-USA.csv,1724,0.10400390625,0.109375,0.016737437989260362,0.0014763779527559055,0.004570417229578424,0.6153846153846154,0.015873015873015872,0.015625,0.27086587723758887,0.0703125,57
Stocks-USA.csv,1725,0.0882568359375,0.09375,0.008862506454314772,0.0030757874015748033,0.00621278601031131,0.3076923076923077,0.023809523809523808,0.015625,0.18960194084539003,0.15625,44
Stocks-USA.csv,1726,0.0927734375,0.09375,0.014185389693685498,0.003813976377952756,0.006711703591036354,0.25,0.031746031746031744,0.015625,0.3043195556004782,0.1953125,15
Stocks-USA.csv,1727,0.0963134765625,0.09375,0.020182250648374814,0.003937007874015748,0.007061193332815808,0.25,0.023809523809523808,0.015625,0.38051141148853973,0.21875,24
Stocks-USA.csv,1728,0.095703125,0.09375,0.013531646934131853,0.002583661417322835,0.006126919093498383,0.38095238095238093,0.007936507936507936,0.015625,0.284732176245798,0.1171875,25
Stocks-USA.csv,1729,0.095703125,0.09375,0.011219848919019587,0.0020915354330708663,0.005320312084261728,0.4444444444444444,0.007936507936507936,0.015625,0.24875154358918072,0.1171875,83
Stocks-USA.csv,1730,0.115966796875,0.09375,0.04958820041308961,0.002952755905511811,0.009751361821079906,0.4,0.0,0.0,0.3541536034259558,0.1171875,24
Stocks-USA.csv,1731,0.14501953125,0.15625,0.016333719417654033,0.0014763779527559055,0.004570417229578424,0.6153846153846154,0.0,0.0,0.27636631622188473,0.0546875,75
Stocks-USA.csv,1732,0.1419677734375,0.140625,0.010340011197569225,0.0011072834645669291,0.004463178431893957,0.8888888888888888,0.007936507936507936,0.015625,0.20488445152593182,0.0546875,30
Stocks-USA.csv,1733,0.131591796875,0.140625,0.010262621853995948,0.0033218503937007876,0.006392904063369375,0.2857142857142857,0.015873015873015872,0.015625,0.22377295393873953,0.2109375,18
Stocks-USA.csv,1734,0.1397705078125,0.140625,0.003552644582728332,6.151574803149606E-4,0.003038653798038507,1.3333333333333333,0.0,0.0,0.05099747895230578,0.046875,1024
Stocks-USA.csv,1735,0.1448974609375,0.140625,0.012308537925271593,0.0013533464566929134,0.004394825565819829,0.6666666666666666,0.007936507936507936,0.015625,0.2606959753259109,0.078125,109
Stocks-USA.csv,1736,0.1270751953125,0.125,0.015911807874803716,0.0030757874015748033,0.006514863334091396,0.32,0.007936507936507936,0.015625,0.3414028551654336,0.140625,36
Stocks-USA.csv,1737,0.12841796875,0.125,0.009147946286716403,0.0020915354330708663,0.005670137117028994,0.47058823529411764,0.007936507936507936,0.015625,0.21035702159909722,0.1171875,72
Stocks-USA.csv,1738,0.1810302734375,0.203125,0.04447499117880654,0.0013533464566929134,0.007600120674941188,1.0,0.0,0.0,0.19302011957699663,0.0234375,48
Stocks-USA.csv,1739,0.1043701171875,0.109375,0.008037196885440197,0.00406003937007874,0.0071273367903347635,0.24242424242424243,0.023809523809523808,0.015625,0.1745347270186255,0.21875,26
Stocks-USA.csv,1740,0.10205078125,0.109375,0.014075718071679271,0.0022145669291338582,0.005449614810617647,0.42105263157894735,0.007936507936507936,0.015625,0.27585998247960747,0.109375,37
Stocks-USA.csv,1741,0.1083984375,0.109375,0.014842464993721351,0.0015994094488188976,0.005126148291338499,0.6153846153846154,0.007936507936507936,0.015625,0.2946197202726884,0.0703125,25
Stocks-USA.csv,1742,0.12060546875,0.125,0.015739024864537304,9.84251968503937E-4,0.003796074955841906,0.8888888888888888,0.007936507936507936,0.015625,0.28081366377412675,0.0390625,55
Stocks-USA.csv,1743,0.0953369140625,0.09375,0.008916147989416576,0.002583661417322835,0.005804688047286144,0.36363636363636365,0.031746031746031744,0.015625,0.20273156239531331,0.1171875,39
Stocks-USA.csv,1744,0.1185302734375,0.125,0.014422389160777746,0.0013533464566929134,0.004812403350297244,0.7272727272727273,0.0,0.0,0.19196488555420343,0.0546875,106
Stocks-USA.csv,1745,0.0936279296875,0.09375,0.01060748170749041,0.0033218503937007876,0.006686849528396252,0.2962962962962963,0.023809523809523808,0.015625,0.24580403583349864,0.1796875,13
Stocks-USA.csv,1746,0.171142578125,0.203125,0.0592366866272247,0.002829724409448819,0.01321429289576531,0.5,0.031746031746031744,0.015625,0.17401756802074816,0.09375,44
Stocks-USA.csv,1747,0.095703125,0.09375,0.015378921628929319,0.0027066929133858267,0.005913196279871017,0.34782608695652173,0.015873015873015872,0.015625,0.284832790362225,0.140625,28
Stocks-USA.csv,1748,0.0849609375,0.09375,0.013913873875756842,0.0022145669291338582,0.005791634988159365,0.4444444444444444,0.007936507936507936,0.0234375,0.2723966877341743,0.1015625,29
Stocks-USA.csv,1749,0.095947265625,0.09375,0.01534594250958762,0.002829724409448819,0.006328652140556938,0.34782608695652173,0.015873015873015872,0.015625,0.2842439863333339,0.1328125,16
Stocks-USA.csv,1750,0.083251953125,0.078125,0.009979947966782077,0.0013533464566929134,0.0043948255658198265,0.6666666666666666,0.007936507936507936,0.015625,0.2090683425394458,0.0546875,35
Stocks-USA.csv,1751,0.0684814453125,0.078125,0.013548704910322952,0.0034448818897637795,0.0070461717831084465,0.2962962962962963,0.015873015873015872,0.015625,0.2943028464592675,0.140625,20
Stocks-USA.csv,1752,0.135498046875,0.140625,0.05266594862549048,0.001968503937007874,0.009402053727629353,0.7272727272727273,0.0,0.0,0.28984224118737195,0.046875,43
Stocks-USA.csv,1753,0.1004638671875,0.109375,0.01116593102741206,0.0017224409448818897,0.0052717237415424644,0.5714285714285714,0.0,0.0,0.22545467953124199,0.0859375,34
Stocks-USA.csv,1754,0.097412109375,0.09375,0.010783722082694227,0.0030757874015748033,0.00651486333409139,0.32,0.031746031746031744,0.015625,0.23309281800971168,0.15625,22
Stocks-USA.csv,1755,0.095947265625,0.09375,0.014183288621365052,0.0017224409448818897,0.0052717237415424644,0.5714285714285714,0.0,0.0,0.2805347916157434,0.078125,35
Stocks-USA.csv,1756,0.098876953125,0.109375,0.01575983993507081,0.0014763779527559055,0.004570417229578424,0.6153846153846154,0.0,0.0,0.26730612682851446,0.046875,35
Stocks-USA.csv,1757,0.088623046875,0.09375,0.010717189486156235,0.0030757874015748033,0.006514863334091396,0.32,0.023809523809523808,0.015625,0.2254240270879816,0.125,32
Stocks-USA.csv,1758,0.0966796875,0.09375,0.00931581251383736,0.0022145669291338582,0.005449614810617647,0.42105263157894735,0.031746031746031744,0.015625,0.20555852400925403,0.1328125,17
Stocks-USA.csv,1759,0.08349609375,0.078125,0.010415395023291769,0.004798228346456693,0.007207587852301583,0.2,0.05555555555555555,0.015625,0.24299046156814005,0.2734375,17
Stocks-USA.csv,1760,0.1837158203125,0.21875,0.05319339052566728,0.0014763779527559055,0.010269998402908076,1.3333333333333333,0.0,0.0,0.19951043526115453,0.03125,79
Stocks-USA.csv,1761,0.151123046875,0.15625,0.01382577649879665,0.0011072834645669291,0.005254467643716179,1.0,0.007936507936507936,0.015625,0.1450245051301211,0.0546875,68
Stocks-USA.csv,1762,0.1279296875,0.125,0.007242381335054358,0.0015994094488188976,0.004736313128671296,0.5714285714285714,0.015873015873015872,0.015625,0.15786153920983867,0.09375,33
Stocks-USA.csv,1763,0.1407470703125,0.140625,0.011303869126862875,0.0011072834645669291,0.004009392405708737,0.8,0.0,0.0,0.2561164367905589,0.0625,54
Stocks-USA.csv,1764,0.1282958984375,0.125,0.01508494721870937,0.0033218503937007876,0.006392904063369376,0.2857142857142857,0.023809523809523808,0.015625,0.32527251074080776,0.1875,26
Stocks-USA.csv,1765,0.1260986328125,0.125,0.013836011631151545,0.0034448818897637795,0.007046171783108444,0.2962962962962963,0.015873015873015872,0.015625,0.29179129001562193,0.140625,32
Stocks-USA.csv,1766,0.1292724609375,0.140625,0.013491392959322219,0.0024606299212598425,0.00601974892850643,0.4,0.015873015873015872,0.01953125,0.2707554092910645,0.1171875,27
Stocks-USA.csv,1767,0.152099609375,0.15625,0.011634523981878765,8.612204724409449E-4,0.0040693492639127,1.1428571428571428,0.007936507936507936,0.0234375,0.2575975088966222,0.0390625,62
Stocks-USA.csv,1768,0.1363525390625,0.109375,0.05505993590084104,0.0022145669291338582,0.012965675248708371,0.7272727272727273,0.007936507936507936,0.015625,0.2890555860091013,0.078125,39
Stocks-USA.csv,1769,0.11865234375,0.125,0.013309583174256847,0.0011072834645669291,0.005254467643716178,1.0,0.007936507936507936,0.015625,0.19523510739585184,0.046875,32
Stocks-USA.csv,1770,0.10498046875,0.109375,0.015246577144527339,0.002952755905511811,0.006117028983590582,0.32,0.015873015873015872,0.015625,0.2893226463277759,0.171875,47
Stocks-USA.csv,1771,0.10546875,0.109375,0.011388577919619728,0.0013533464566929134,0.004394825565819823,0.6666666666666666,0.007936507936507936,0.015625,0.1646121823368364,0.0625,35
Stocks-USA.csv,1772,0.1083984375,0.109375,0.013354291339040375,0.0017224409448818897,0.004893499458993939,0.5333333333333333,0.0,0.0,0.28053528927935834,0.078125,55
Stocks-USA.csv,1773,0.1063232421875,0.109375,0.013956112566355386,0.0018454724409448819,0.005042790731279327,0.5,0.007936507936507936,0.015625,0.302911903622389,0.0859375,72
Stocks-USA.csv,1774,0.1048583984375,0.109375,0.011743519355332117,0.0018454724409448819,0.005042790731279323,0.5,0.015873015873015872,0.015625,0.24025975572822209,0.09375,36
Stocks-USA.csv,1775,0.0960693359375,0.09375,0.009976214493168663,0.0015994094488188976,0.004736313128671292,0.5714285714285714,0.007936507936507936,0.015625,0.22973548176072459,0.078125,29
Stocks-USA.csv,1776,0.15283203125,0.171875,0.03836971104858816,0.0017224409448818897,0.007898966987831949,0.7272727272727273,0.015873015873015872,0.015625,0.18347541882147075,0.0625,104
Stocks-USA.csv,1777,0.1256103515625,0.125,0.01567403727834556,0.0018454724409448819,0.005042790731279319,0.5,0.0,0.0,0.3068238350025414,0.1015625,50
Stocks-USA.csv,1778,0.1099853515625,0.109375,0.01330454410424184,0.0022145669291338582,0.005791634988159365,0.4444444444444444,0.007936507936507936,0.015625,0.2293188016875544,0.125,37
Stocks-USA.csv,1779,0.114013671875,0.109375,0.009835564979728362,6.151574803149606E-4,0.0036163726517468233,1.6,0.0,0.0,0.22247617852562543,0.0234375,638
Stocks-USA.csv,1780,0.1082763671875,0.109375,0.015525021169405401,0.0015994094488188976,0.004736313128671292,0.5714285714285714,0.0,0.0,0.29478504113938087,0.09375,201
Stocks-USA.csv,1781,0.1048583984375,0.109375,0.013124119865335163,0.0015994094488188976,0.004736313128671295,0.5714285714285714,0.007936507936507936,0.015625,0.29008376407719766,0.0703125,34
Stocks-USA.csv,1782,0.100341796875,0.09375,0.016059554724310237,0.003937007874015748,0.00706119333281581,0.25,0.047619047619047616,0.015625,0.3267912447567109,0.203125,41
Stocks-USA.csv,1783,0.1014404296875,0.109375,0.017900270085987702,0.0022145669291338582,0.005449614810617647,0.42105263157894735,0.015873015873015872,0.015625,0.3419266343973184,0.109375,40
Stocks-USA.csv,1784,0.158447265625,0.171875,0.0314164497172372,0.0013533464566929134,0.007848985190815231,1.1428571428571428,0.0,0.0,0.13596146088715513,0.0390625,164
Stocks-USA.csv,1785,0.1099853515625,0.109375,0.012567315047120897,0.0018454724409448819,0.005410588933881893,0.5333333333333333,0.0,0.0,0.2724829898992907,0.078125,87
Stocks-USA.csv,1786,0.111572265625,0.109375,0.012767877797844612,0.002952755905511811,0.006117028983590581,0.32,0.023809523809523808,0.015625,0.21913543848089279,0.15625,32
Stocks-USA.csv,1787,0.1083984375,0.109375,0.008228661887867538,0.0013533464566929134,0.004394825565819822,0.6666666666666666,0.007936507936507936,0.015625,0.18804926500511435,0.0859375,26
Stocks-USA.csv,1788,0.100341796875,0.09375,0.016295358003872305,0.0030757874015748033,0.006514863334091393,0.32,0.031746031746031744,0.015625,0.33380378960999585,0.1484375,20
Stocks-USA.csv,1789,0.1129150390625,0.109375,0.00878142979122202,0.0013533464566929134,0.0043948255658198265,0.6666666666666666,0.0,0.0,0.19633566009633605,0.0625,41
Stocks-USA.csv,1790,0.1024169921875,0.109375,0.010299580891424732,0.002952755905511811,0.006117028983590581,0.32,0.023809523809523808,0.015625,0.2252977770405942,0.1328125,27
Stocks-USA.csv,1791,0.1085205078125,0.109375,0.010752586186730332,0.0027066929133858267,0.005913196279871023,0.34782608695652173,0.015873015873015872,0.015625,0.20189292020925365,0.1328125,83
Stocks-USA.csv,1792,0.125244140625,0.125,0.03638186837597953,0.0030757874015748033,0.010382866971379006,0.42105263157894735,0.015873015873015872,0.015625,0.34011465698241583,0.1015625,40
Stocks-USA.csv,1793,0.10693359375,0.109375,0.018158548810338918,0.0018454724409448819,0.005042790731279327,0.5,0.007936507936507936,0.015625,0.32382683837573706,0.0859375,59
Stocks-USA.csv,1794,0.122802734375,0.125,0.01117460204232989,9.84251968503937E-4,0.005093563372166468,1.1428571428571428,0.007936507936507936,0.015625,0.06778992290053464,0.0390625,46
Stocks-USA.csv,1795,0.097900390625,0.09375,0.017738458776604214,0.0030757874015748033,0.006514863334091392,0.32,0.007936507936507936,0.015625,0.35667035992280716,0.1171875,50
Stocks-USA.csv,1796,0.11669921875,0.109375,0.015120959538283225,0.0023375984251968506,0.005573204553595537,0.4,0.007936507936507936,0.015625,0.30900237768033806,0.125,57
Stocks-USA.csv,1797,0.1103515625,0.109375,0.019701407228351578,0.0023375984251968506,0.006224956023953505,0.4444444444444444,0.007936507936507936,0.015625,0.339326718223748,0.0859375,49
Stocks-USA.csv,1798,0.118408203125,0.125,0.015079513248713143,8.612204724409449E-4,0.0040693492639126945,1.1428571428571428,0.0,0.0,0.16477096469203145,0.0390625,75
Stocks-USA.csv,1799,0.110595703125,0.109375,0.016059554724310237,0.0017224409448818897,0.005271723741542465,0.5714285714285714,0.007936507936507936,0.015625,0.3038813443759705,0.0703125,100
Stocks-USA.csv,1800,0.114990234375,0.125,0.026184579982335372,0.0017224409448818897,0.007131583044384555,0.7272727272727273,0.0,0.0,0.34061681457591547,0.0390625,59
Stocks-USA.csv,1801,0.1158447265625,0.125,0.01785025293400753,0.0024606299212598425,0.00601974892850643,0.4,0.023809523809523808,0.018229166666666668,0.2555932606285585,0.1328125,37
Stocks-USA.csv,1802,0.112548828125,0.109375,0.012096669083825678,0.001968503937007874,0.005543248191962995,0.5,0.007936507936507936,0.015625,0.2643838199261795,0.1015625,68
Stocks-USA.csv,1803,0.1011962890625,0.09375,0.008278311441985339,0.0015994094488188976,0.004736313128671299,0.5714285714285714,0.007936507936507936,0.015625,0.18341501255079495,0.1015625,60
Stocks-USA.csv,1804,0.11047794117647058,0.109375,0.009216875835824763,0.0020461309523809525,0.0057962933225010685,0.7272727272727273,0.012048192771084338,0.015625,0.19904603328635617,0.10588235294117647,503
Dew-point-temp.csv,1805,0.1810302734375,0.1875,0.010791319415619179,0.0014763779527559055,0.0049732733591062355,0.6666666666666666,0.007936507936507936,0.015625,0.2033323485523925,0.0703125,59
Dew-point-temp.csv,1806,0.1805419921875,0.1875,0.017005494267706582,0.0022145669291338582,0.005449614810617647,0.42105263157894735,0.007936507936507936,0.015625,0.3019910284771849,0.1171875,28
Dew-point-temp.csv,1807,0.174560546875,0.171875,0.015016137026056427,0.0015994094488188976,0.0047363131286713,0.5714285714285714,0.0,0.0,0.32609596256993206,0.0546875,25
Dew-point-temp.csv,1808,0.1737060546875,0.171875,0.014168046528802825,0.0027066929133858267,0.006229817372624099,0.36363636363636365,0.007936507936507936,0.015625,0.29059808719178976,0.1015625,44
Dew-point-temp.csv,1809,0.182861328125,0.1875,0.01672853272766201,0.0024606299212598425,0.00601974892850643,0.4,0.023809523809523808,0.015625,0.3204827141688942,0.125,45
Dew-point-temp.csv,1810,0.1771240234375,0.1875,0.014256119300948914,0.0017224409448818897,0.0048934994589939365,0.5333333333333333,0.015873015873015872,0.015625,0.296189512146345,0.078125,36
Dew-point-temp.csv,1811,0.1871337890625,0.1875,0.015802802297304516,0.0012303149606299212,0.004208324649726149,0.7272727272727273,0.007936507936507936,0.015625,0.3113383545117332,0.0546875,60
Dew-point-temp.csv,1812,0.1812744140625,0.1875,0.01385753456806494,0.0017224409448818897,0.004893499458993936,0.5333333333333333,0.007936507936507936,0.015625,0.30731262284435007,0.078125,50
Dew-point-temp.csv,1813,0.1741943359375,0.171875,0.014886072958094371,0.0024606299212598425,0.00601974892850643,0.4,0.007936507936507936,0.015625,0.32354788052739764,0.1015625,31
Dew-point-temp.csv,1814,0.181884765625,0.1875,0.014183288621365052,0.0022145669291338582,0.005449614810617648,0.42105263157894735,0.0,0.0,0.30831311589205784,0.09375,31
Dew-point-temp.csv,1815,0.1810302734375,0.1875,0.015320188966337668,0.0030757874015748033,0.00651486333409139,0.32,0.007936507936507936,0.015625,0.32170034466885084,0.1484375,34
Dew-point-temp.csv,1816,0.1558837890625,0.15625,0.006895622188720019,9.84251968503937E-4,0.0037960749558419065,0.8888888888888888,0.0,0.0,0.1350762807113727,0.046875,57
Dew-point-temp.csv,1817,0.1737060546875,0.171875,0.009886188156739016,0.001968503937007874,0.005879824382553403,0.5333333333333333,0.007936507936507936,0.015625,0.20459217621209347,0.078125,57
Dew-point-temp.csv,1818,0.167236328125,0.171875,0.014792182089551865,0.0024606299212598425,0.00601974892850643,0.4,0.023809523809523808,0.015625,0.30747186473349314,0.078125,24
Dew-point-temp.csv,1819,0.1744384765625,0.171875,0.016315006662753793,0.002583661417322835,0.006126919093498385,0.38095238095238093,0.015873015873015872,0.015625,0.338713162719543,0.1015625,34
Dew-point-temp.csv,1820,0.1767578125,0.171875,0.016194456984157227,0.002829724409448819,0.006328652140556935,0.34782608695652173,0.023809523809523808,0.015625,0.34385139747000637,0.1328125,66
Dew-point-temp.csv,1821,0.16796875,0.171875,0.01680141653719263,0.002583661417322835,0.006126919093498386,0.38095238095238093,0.015873015873015872,0.015625,0.34792616835660795,0.125,33
Dew-point-temp.csv,1822,0.1807861328125,0.1875,0.012908899474037217,0.002583661417322835,0.006126919093498384,0.38095238095238093,0.023809523809523808,0.015625,0.27519288259845326,0.1328125,30
Dew-point-temp.csv,1823,0.1708984375,0.171875,0.014451805260692131,0.0022145669291338582,0.005449614810617647,0.42105263157894735,0.015873015873015872,0.015625,0.30295361744534904,0.109375,28
Dew-point-temp.csv,1824,0.171142578125,0.171875,0.017885696198625355,0.0024606299212598425,0.00601974892850643,0.4,0.031746031746031744,0.015625,0.3125500730066316,0.109375,24
Dew-point-temp.csv,1825,0.1771240234375,0.1875,0.014910077929072443,0.0017224409448818897,0.004893499458993937,0.5333333333333333,0.007936507936507936,0.015625,0.28802740049184855,0.078125,71
Dew-point-temp.csv,1826,0.173583984375,0.1875,0.017925641968535768,0.0020915354330708663,0.005320312084261728,0.4444444444444444,0.031746031746031744,0.015625,0.31241310930301774,0.09375,28
Dew-point-temp.csv,1827,0.1768798828125,0.171875,0.012186873004141776,0.0024606299212598425,0.006331043469620377,0.42105263157894735,0.007936507936507936,0.015625,0.24211572858362085,0.1015625,21
Dew-point-temp.csv,1828,0.1702880859375,0.171875,0.013078624902648491,0.0031988188976377952,0.006887566438129136,0.32,0.007936507936507936,0.015625,0.2892043413142056,0.09375,21
Dew-point-temp.csv,1829,0.1561279296875,0.15625,0.017739718804222027,0.004552165354330708,0.009219977359840158,0.25,0.023809523809523808,0.018229166666666668,0.3611646711057596,0.1875,30
Dew-point-temp.csv,1830,0.1790771484375,0.1875,0.01393474188914272,0.0017224409448818897,0.004893499458993935,0.5333333333333333,0.023809523809523808,0.015625,0.30156017700042126,0.0859375,51
Dew-point-temp.csv,1831,0.1693115234375,0.171875,0.017444953856687345,0.004183070866141733,0.0069182657084200586,0.22857142857142856,0.05555555555555555,0.015625,0.3430495864486389,0.2265625,17
Dew-point-temp.csv,1832,0.18310546875,0.1875,0.01701994634563806,0.0024606299212598425,0.006331043469620377,0.42105263157894735,0.015873015873015872,0.015625,0.3378505065119884,0.1015625,45
Dew-point-temp.csv,1833,0.171630859375,0.171875,0.018215901225703865,0.003937007874015748,0.007061193332815811,0.25,0.031746031746031744,0.015625,0.3673657135895279,0.1796875,22
Dew-point-temp.csv,1834,0.1776123046875,0.171875,0.01609060830867196,0.0027066929133858267,0.006229817372624097,0.36363636363636365,0.031746031746031744,0.015625,0.3343786304524912,0.1015625,23
Dew-point-temp.csv,1835,0.173095703125,0.171875,0.01361727028064877,0.0022145669291338582,0.005449614810617648,0.42105263157894735,0.0,0.0,0.288680205895657,0.09375,31
Dew-point-temp.csv,1836,0.1737060546875,0.171875,0.012899661509190728,0.0024606299212598425,0.006331043469620377,0.42105263157894735,0.015873015873015872,0.015625,0.29390893375434873,0.1015625,41
Dew-point-temp.csv,1837,0.177734375,0.1875,0.020669932117692115,0.0018454724409448819,0.005042790731279328,0.5,0.007936507936507936,0.015625,0.37225407434910046,0.0625,35
Dew-point-temp.csv,1838,0.175048828125,0.1875,0.022299810567829585,0.0030757874015748033,0.006514863334091392,0.32,0.047619047619047616,0.015625,0.3788297171188722,0.140625,37
Dew-point-temp.csv,1839,0.173095703125,0.171875,0.014166468824613289,0.0024606299212598425,0.005691453497155698,0.38095238095238093,0.015873015873015872,0.015625,0.3146321983478639,0.125,37
Dew-point-temp.csv,1840,0.17333984375,0.171875,0.015678314802736643,0.0036909448818897637,0.006636862184675781,0.25806451612903225,0.03968253968253968,0.015625,0.33867723589456084,0.1796875,33
Dew-point-temp.csv,1841,0.168701171875,0.171875,0.014662672120211717,0.0034448818897637795,0.007046171783108445,0.2962962962962963,0.047619047619047616,0.015625,0.31046176386989455,0.1640625,24
Dew-point-temp.csv,1842,0.17529296875,0.171875,0.01645007864054982,0.0033218503937007876,0.006686849528396254,0.2962962962962963,0.007936507936507936,0.015625,0.3369606955033404,0.1484375,42
Dew-point-temp.csv,1843,0.1739501953125,0.171875,0.019567456065516426,0.003813976377952756,0.006711703591036349,0.25,0.023809523809523808,0.015625,0.3821375385906964,0.1640625,20
Dew-point-temp.csv,1844,0.1781005859375,0.1875,0.015171626048692499,0.0023375984251968506,0.005908074411192409,0.42105263157894735,0.031746031746031744,0.017578125,0.30118335666345253,0.09375,72
Dew-point-temp.csv,1845,0.17529296875,0.171875,0.01690750946599686,0.0027066929133858267,0.00653110700786761,0.38095238095238093,0.015873015873015872,0.01953125,0.3489680923074612,0.1171875,47
Dew-point-temp.csv,1846,0.173095703125,0.171875,0.01720628578744888,0.0024606299212598425,0.005691453497155697,0.38095238095238093,0.015873015873015872,0.015625,0.35536328352800345,0.09375,50
Dew-point-temp.csv,1847,0.1778564453125,0.1796875,0.01526952747140966,0.0024606299212598425,0.005691453497155696,0.38095238095238093,0.015873015873015872,0.015625,0.32310548866346395,0.1015625,35
Dew-point-temp.csv,1848,0.173095703125,0.171875,0.01687045283335602,0.0033218503937007876,0.006392904063369376,0.2857142857142857,0.031746031746031744,0.015625,0.3496644959315139,0.140625,25
Dew-point-temp.csv,1849,0.17138671875,0.171875,0.01713164530551644,0.0024606299212598425,0.005691453497155698,0.38095238095238093,0.015873015873015872,0.015625,0.3516422390124659,0.109375,45
Dew-point-temp.csv,1850,0.176513671875,0.1875,0.016382909247859002,0.0023375984251968506,0.005908074411192409,0.42105263157894735,0.015873015873015872,0.015625,0.33355976721917524,0.1015625,37
Dew-point-temp.csv,1851,0.173095703125,0.171875,0.015577243301708272,0.0020915354330708663,0.005670137117028995,0.47058823529411764,0.007936507936507936,0.015625,0.318173491166238,0.1015625,29
Dew-point-temp.csv,1852,0.1771240234375,0.1875,0.015536534690179087,0.0017224409448818897,0.005956554348873116,0.6153846153846154,0.0,0.0,0.2448816204050658,0.0546875,36
Dew-point-temp.csv,1853,0.1695556640625,0.171875,0.01669777311793652,0.001968503937007874,0.005543248191962994,0.5,0.0,0.0,0.32706318562506254,0.0859375,108
Dew-point-temp.csv,1854,0.1751708984375,0.1875,0.016875310117909614,0.001968503937007874,0.005184868972860597,0.47058823529411764,0.007936507936507936,0.015625,0.29082034173991295,0.109375,42
Dew-point-temp.csv,1855,0.181640625,0.1875,0.012039871099548781,7.381889763779527E-4,0.0033150082641012508,1.1428571428571428,0.0,0.0,0.18958975788074875,0.0234375,66
Dew-point-temp.csv,1856,0.1854248046875,0.1875,0.017726273892013106,0.0013533464566929134,0.004394825565819829,0.6666666666666666,0.015873015873015872,0.015625,0.3323696541617283,0.0546875,68
Dew-point-temp.csv,1857,0.178466796875,0.1796875,0.021000351584988173,0.0018454724409448819,0.0050427907312793245,0.5,0.015873015873015872,0.015625,0.3683923968810603,0.0703125,47
Dew-point-temp.csv,1858,0.1865234375,0.1875,0.01870824615299611,0.0015994094488188976,0.005488363194683922,0.6666666666666666,0.007936507936507936,0.015625,0.31828162056782044,0.0625,89
Dew-point-temp.csv,1859,0.18505859375,0.1875,0.019080491877519454,0.001968503937007874,0.0051848689728605955,0.47058823529411764,0.023809523809523808,0.015625,0.3316501759967078,0.1015625,38
Dew-point-temp.csv,1860,0.175048828125,0.1875,0.018668378558453033,0.0023375984251968506,0.005908074411192408,0.42105263157894735,0.023809523809523808,0.015625,0.35900489247217915,0.1015625,28
Dew-point-temp.csv,1861,0.18701171875,0.203125,0.0213898399548921,7.381889763779527E-4,0.0033150082641012508,1.1428571428571428,0.0,0.0,0.3002594456512648,0.03125,65
Dew-point-temp.csv,1862,0.181884765625,0.1875,0.013494153911558084,4.921259842519685E-4,0.0033603593217883102,2.0,0.0,0.0,0.16181544578547977,0.015625,71
Dew-point-temp.csv,1863,0.177001953125,0.1875,0.01551590023968325,0.0014763779527559055,0.004570417229578424,0.6153846153846154,0.007936507936507936,0.015625,0.2676828284735773,0.0546875,33
Dew-point-temp.csv,1864,0.1849365234375,0.1875,0.014322858868106629,0.0014763779527559055,0.004570417229578424,0.6153846153846154,0.015873015873015872,0.015625,0.31004921584117767,0.0546875,81
Dew-point-temp.csv,1865,0.177001953125,0.1875,0.014630115494705697,0.0023375984251968506,0.005573204553595536,0.4,0.031746031746031744,0.015625,0.2602700863029394,0.140625,302
Dew-point-temp.csv,1866,0.18017578125,0.1875,0.012029965815190351,0.0015994094488188976,0.004736313128671293,0.5714285714285714,0.015873015873015872,0.015625,0.21661531234044554,0.09375,91
Dew-point-temp.csv,1867,0.163818359375,0.171875,0.01309968596220343,0.001968503937007874,0.005543248191962995,0.5,0.007936507936507936,0.015625,0.2173042966910825,0.0703125,40
Dew-point-temp.csv,1868,0.1756591796875,0.1875,0.017331835116535552,9.84251968503937E-4,0.0037960749558419073,0.8888888888888888,0.007936507936507936,0.015625,0.2780408301178773,0.046875,102
Dew-point-temp.csv,1869,0.190673828125,0.203125,0.018871612345874398,0.0011072834645669291,0.00446317843189394,0.8888888888888888,0.0,0.0,0.25457552839800723,0.046875,95
Dew-point-temp.csv,1870,0.1641845703125,0.171875,0.015746124002573813,0.0014763779527559055,0.004973273359106236,0.6666666666666666,0.0,0.0,0.19784516751336487,0.0546875,43
Dew-point-temp.csv,1871,0.187255859375,0.1875,0.0019378061360336358,2.4606299212598425E-4,0.001945298757485471,2.6666666666666665,0.0,0.0,0.019352512550794954,0.0234375,1024
Dew-point-temp.csv,1872,0.1591796875,0.171875,0.017550977300401786,0.0022145669291338582,0.005791634988159365,0.4444444444444444,0.007936507936507936,0.015625,0.2732500974529241,0.0625,34
Dew-point-temp.csv,1873,0.176513671875,0.1875,0.015423428195397545,0.0012303149606299212,0.004208324649726154,0.7272727272727273,0.0,0.0,0.27339520524785793,0.0390625,65
Dew-point-temp.csv,1874,0.181884765625,0.1875,0.013352059486206365,9.84251968503937E-4,0.0037960749558419078,0.8888888888888888,0.007936507936507936,0.015625,0.16600839276136742,0.046875,70
Dew-point-temp.csv,1875,0.177490234375,0.1875,0.019010075256905044,0.0012303149606299212,0.004208324649726167,0.7272727272727273,0.007936507936507936,0.015625,0.239323274974932,0.0390625,56
Dew-point-temp.csv,1876,0.1741943359375,0.1875,0.01864082020403967,0.0022145669291338582,0.0061145539565891655,0.47058823529411764,0.007936507936507936,0.015625,0.2967970500490194,0.0859375,72
Dew-point-temp.csv,1877,0.1739501953125,0.1875,0.0189735909432602,0.0012303149606299212,0.004208324649726151,0.7272727272727273,0.0,0.0,0.28852399506849635,0.0546875,125
Dew-point-temp.csv,1878,0.180419921875,0.1875,0.01523680056311516,0.0017224409448818897,0.004893499458993936,0.5333333333333333,0.0,0.0,0.3286737155575478,0.078125,50
Dew-point-temp.csv,1879,0.1778564453125,0.1875,0.014368562500847441,0.0014763779527559055,0.004570417229578424,0.6153846153846154,0.015873015873015872,0.015625,0.24694598916140628,0.0859375,190
Dew-point-temp.csv,1880,0.157958984375,0.15625,0.010003809203392519,0.004183070866141733,0.0069182657084200586,0.22857142857142856,0.05555555555555555,0.015625,0.23112703401876022,0.2265625,33
Dew-point-temp.csv,1881,0.177001953125,0.171875,0.011736538419650307,0.0024606299212598425,0.005691453497155698,0.38095238095238093,0.023809523809523808,0.015625,0.2494626988662002,0.1328125,100
Dew-point-temp.csv,1882,0.1785888671875,0.1875,0.013627662013673634,0.0018454724409448819,0.005042790731279331,0.5,0.023809523809523808,0.015625,0.24532531778341768,0.0859375,33
Dew-point-temp.csv,1883,0.172607421875,0.171875,0.01723397646846982,0.0012303149606299212,0.004642707250027871,0.8,0.007936507936507936,0.015625,0.31181858040787497,0.0546875,45
Dew-point-temp.csv,1884,0.16552734375,0.171875,0.020244543400027227,0.0022145669291338582,0.005449614810617646,0.42105263157894735,0.015873015873015872,0.015625,0.36230871454661046,0.1015625,44
Dew-point-temp.csv,1885,0.1806640625,0.1875,0.012313984582928214,7.381889763779527E-4,0.0033150082641012503,1.1428571428571428,0.0,0.0,0.20183999456953913,0.0390625,148
Dew-point-temp.csv,1886,0.17822265625,0.1875,0.018676358885649686,0.0011072834645669291,0.0040093924057087275,0.8,0.007936507936507936,0.015625,0.2105708436923153,0.0546875,125
Dew-point-temp.csv,1887,0.1763916015625,0.1875,0.017916911441402505,0.0014763779527559055,0.004570417229578424,0.6153846153846154,0.023809523809523808,0.015625,0.3299003700633943,0.0703125,74
Dew-point-temp.csv,1888,0.1929931640625,0.203125,0.017856929982142673,0.0013533464566929134,0.004812403350297243,0.7272727272727273,0.015873015873015872,0.015625,0.2552609765107035,0.0546875,87
Dew-point-temp.csv,1889,0.1749267578125,0.171875,0.021578150611768324,0.0017224409448818897,0.00489349945899394,0.5333333333333333,0.007936507936507936,0.015625,0.3650074801411523,0.0703125,34
Dew-point-temp.csv,1890,0.18505859375,0.1875,0.02196180287504787,0.0015994094488188976,0.004736313128671295,0.5714285714285714,0.0,0.0,0.34159903961583465,0.0546875,69
Dew-point-temp.csv,1891,0.176025390625,0.171875,0.012116362493825741,0.0020915354330708663,0.005320312084261728,0.4444444444444444,0.03968253968253968,0.015625,0.24910529185199826,0.125,83
Dew-point-temp.csv,1892,0.173095703125,0.1875,0.019976313392897106,0.0022145669291338582,0.005791634988159365,0.4444444444444444,0.03968253968253968,0.0171875,0.26163012473779773,0.1171875,38
Dew-point-temp.csv,1893,0.156005859375,0.15625,0.01757642949722297,0.0024606299212598425,0.005691453497155696,0.38095238095238093,0.023809523809523808,0.015625,0.3004383841337135,0.1328125,71
Dew-point-temp.csv,1894,0.1343994140625,0.140625,0.009022474361392764,0.0024606299212598425,0.005691453497155698,0.38095238095238093,0.031746031746031744,0.015625,0.1891032104925138,0.1484375,41
Dew-point-temp.csv,1895,0.13916015625,0.140625,0.006309984366855511,8.612204724409449E-4,0.0035657915221922834,1.0,0.0,0.0,0.06974412506841272,0.0390625,973
Dew-point-temp.csv,1896,0.159423828125,0.15625,0.012711734420844544,0.0024606299212598425,0.005691453497155697,0.38095238095238093,0.031746031746031744,0.015625,0.26292335336939004,0.125,50
Dew-point-temp.csv,1897,0.159912109375,0.171875,0.01674277887265618,0.0018454724409448819,0.0050427907312793185,0.5,0.031746031746031744,0.015625,0.2762936984087087,0.0859375,80
Dew-point-temp.csv,1898,0.1820068359375,0.1875,0.020446321852435854,0.0015994094488188976,0.004736313128671296,0.5714285714285714,0.007936507936507936,0.015625,0.36369355258832786,0.0546875,71
Dew-point-temp.csv,1899,0.1920166015625,0.203125,0.019151816696766917,9.84251968503937E-4,0.0037960749558419073,0.8888888888888888,0.015873015873015872,0.015625,0.24672654991133766,0.046875,66
Dew-point-temp.csv,1900,0.1920166015625,0.203125,0.02184990396980465,0.0018454724409448819,0.005042790731279315,0.5,0.023809523809523808,0.015625,0.21577917702564864,0.0703125,85
Dew-point-temp.csv,1901,0.190185546875,0.203125,0.01904766318338821,0.0017224409448818897,0.004893499458993938,0.5333333333333333,0.0,0.0,0.27099366590140805,0.0703125,62
Dew-point-temp.csv,1902,0.1724264705882353,0.1875,0.023901300528528093,0.002232142857142857,0.0054676110329981665,0.6153846153846154,0.03614457831325301,0.015625,0.2656756418451058,0.10588235294117647,55
PM10-dust.csv,1903,0.0628662109375,0.0625,0.015312405800043076,0.007135826771653544,0.009951111099355888,0.1568627450980392,0.07142857142857142,0.015625,0.31528295149897,0.3125,13
PM10-dust.csv,1904,0.0633544921875,0.0625,0.017393627445667824,0.008981299212598425,0.012169550215431337,0.14035087719298245,0.0873015873015873,0.022727272727272728,0.33983368525457425,0.296875,11
PM10-dust.csv,1905,0.05078125,0.046875,0.020669932117692115,0.009473425196850394,0.011952432274803918,0.13333333333333333,0.07936507936507936,0.02109375,0.39092434948505667,0.296875,9
PM10-dust.csv,1906,0.0494384765625,0.046875,0.020649375960593838,0.011934055118110236,0.01322001907053498,0.10810810810810811,0.10317460317460317,0.020432692307692308,0.37869424344843333,0.3359375,8
PM10-dust.csv,1907,0.0584716796875,0.0625,0.02087616491208245,0.013410433070866142,0.015896316812339776,0.1038961038961039,0.1111111111111111,0.026227678571428572,0.39200077195146954,0.390625,9
PM10-dust.csv,1908,0.047119140625,0.046875,0.025238756679254223,0.01328740157480315,0.01557308552774578,0.11594202898550725,0.0873015873015873,0.02556818181818182,0.409747076710423,0.3359375,7
PM10-dust.csv,1909,0.0479736328125,0.046875,0.027908754840795223,0.012918307086614173,0.02057386812665763,0.11764705882352941,0.07142857142857142,0.0234375,0.41901303678542484,0.34375,12
PM10-dust.csv,1910,0.0494384765625,0.046875,0.027397919540360645,0.014886811023622047,0.017190102222986597,0.10810810810810811,0.10317460317460317,0.030048076923076924,0.4403135512727108,0.359375,7
PM10-dust.csv,1911,0.03173828125,0.0234375,0.020007618406785038,0.00984251968503937,0.014647466697660084,0.14545454545454545,0.1111111111111111,0.021205357142857144,0.3288046068192014,0.3203125,8
PM10-dust.csv,1912,0.0357666015625,0.03125,0.017810138077326496,0.010703740157480315,0.013109639522610713,0.12121212121212122,0.09523809523809523,0.024739583333333332,0.338850928486565,0.34375,10
PM10-dust.csv,1913,0.041259765625,0.03125,0.02233186205482412,0.012057086614173228,0.014028827848523974,0.10810810810810811,0.11904761904761904,0.022395833333333334,0.3932877163628707,0.40625,7
PM10-dust.csv,1914,0.0479736328125,0.046875,0.016593931351584858,0.011441929133858268,0.011674385988461086,0.10666666666666667,0.15079365079365079,0.02138157894736842,0.3495174693635445,0.4296875,8
PM10-dust.csv,1915,0.060546875,0.0625,0.013948102399497755,0.007750984251968504,0.010164814254790766,0.14545454545454545,0.09523809523809523,0.020182291666666668,0.3046195179995726,0.296875,13
PM10-dust.csv,1916,0.0579833984375,0.0625,0.01823348039722354,0.007504921259842519,0.00957592948931597,0.14814814814814814,0.0873015873015873,0.017045454545454544,0.363191328739207,0.34375,10
PM10-dust.csv,1917,0.0697021484375,0.078125,0.018825363653148346,0.006520669291338582,0.0090793576414838,0.16666666666666666,0.047619047619047616,0.018229166666666668,0.3632394297095729,0.2265625,22
PM10-dust.csv,1918,0.06591796875,0.0625,0.027960231059024235,0.008858267716535433,0.011697701106303861,0.13559322033898305,0.047619047619047616,0.022135416666666668,0.4534054420796874,0.28125,11
PM10-dust.csv,1919,0.0455322265625,0.046875,0.024081907991339826,0.013533464566929134,0.01597326020385578,0.11267605633802817,0.0873015873015873,0.024857954545454544,0.4159168288867592,0.3828125,7
PM10-dust.csv,1920,0.0433349609375,0.046875,0.021942457003134623,0.010949803149606299,0.013769637550361898,0.12698412698412698,0.0873015873015873,0.024857954545454544,0.3656916877097079,0.34375,7
PM10-dust.csv,1921,0.043212890625,0.046875,0.022310499512993586,0.012303149606299213,0.01671055791963548,0.12307692307692308,0.0873015873015873,0.03196022727272727,0.3925839154020776,0.28125,8
PM10-dust.csv,1922,0.04736328125,0.046875,0.022263697490582025,0.011441929133858268,0.012315446610474609,0.11267605633802817,0.0873015873015873,0.020596590909090908,0.3888133598614167,0.359375,8
PM10-dust.csv,1923,0.06005859375,0.0625,0.025045544146937812,0.013779527559055118,0.020150891526291285,0.11940298507462686,0.05555555555555555,0.036830357142857144,0.4133108241603672,0.3046875,8
PM10-dust.csv,1924,0.04296875,0.046875,0.019628663322501738,0.01439468503937008,0.014356252112022457,0.1,0.12698412698412698,0.02685546875,0.37633721731110287,0.453125,9
PM10-dust.csv,1925,0.0543212890625,0.0625,0.025834819740683898,0.012918307086614173,0.016532979582226784,0.12307692307692308,0.07936507936507936,0.025,0.4198179285203398,0.296875,10
PM10-dust.csv,1926,0.0478515625,0.046875,0.022418438053220698,0.010211614173228346,0.013062214015735226,0.12698412698412698,0.09523809523809523,0.0234375,0.4048783981411361,0.34375,8
PM10-dust.csv,1927,0.0428466796875,0.046875,0.01974937705976982,0.012057086614173228,0.012430443838892798,0.10666666666666667,0.1349206349206349,0.02022058823529412,0.37555823248310566,0.4140625,8
PM10-dust.csv,1928,0.05419921875,0.0625,0.022855526832946192,0.013164370078740157,0.014987640091379009,0.1095890410958904,0.09523809523809523,0.029296875,0.41299353948038164,0.34375,9
PM10-dust.csv,1929,0.0526123046875,0.046875,0.018618424016346766,0.010703740157480315,0.014368898937653968,0.13114754098360656,0.07936507936507936,0.021875,0.3710656493086417,0.3359375,11
PM10-dust.csv,1930,0.058349609375,0.0625,0.013458770949548554,0.007874015748031496,0.00937787352370054,0.13793103448275862,0.06349206349206349,0.017578125,0.303392177983775,0.296875,9
PM10-dust.csv,1931,0.1611328125,0.1875,0.04020544697312285,0.010826771653543307,0.023895364543450558,0.20512820512820512,0.047619047619047616,0.041666666666666664,0.35164048104898565,0.203125,13
PM10-dust.csv,1932,0.1790771484375,0.171875,0.02375295068581278,0.008366141732283465,0.01205457550582274,0.1568627450980392,0.047619047619047616,0.0234375,0.41566148176341655,0.2421875,12
PM10-dust.csv,1933,0.1817626953125,0.171875,0.04096309385966352,0.0172244094488189,0.0203616196741225,0.10256410256410256,0.0873015873015873,0.029829545454545456,0.547204816137576,0.3125,9
PM10-dust.csv,1934,0.1005859375,0.078125,0.04550194436414744,0.012795275590551181,0.021516798219826057,0.12307692307692308,0.05555555555555555,0.0234375,0.5315846254737815,0.3984375,15
PM10-dust.csv,1935,0.049072265625,0.046875,0.014449742926716495,0.010211614173228346,0.012459634745248185,0.12698412698412698,0.09523809523809523,0.022786458333333332,0.3160780721318737,0.3125,10
PM10-dust.csv,1936,0.0384521484375,0.0390625,0.01249119925630757,0.008858267716535433,0.01084493153102314,0.13333333333333333,0.1111111111111111,0.018973214285714284,0.28423522478974755,0.40625,6
PM10-dust.csv,1937,0.037841796875,0.03125,0.019687788219461454,0.01439468503937008,0.016002609786517324,0.10526315789473684,0.1111111111111111,0.025111607142857144,0.36416039928719734,0.4140625,6
PM10-dust.csv,1938,0.0428466796875,0.03125,0.024257002124365296,0.01439468503937008,0.016002609786517324,0.10126582278481013,0.11904761904761904,0.025520833333333333,0.407685752157966,0.3359375,7
PM10-dust.csv,1939,0.04443359375,0.046875,0.022813762473093097,0.013410433070866142,0.015153365391439135,0.1095890410958904,0.07142857142857142,0.026041666666666668,0.3816097069576041,0.34375,10
PM10-dust.csv,1940,0.0374755859375,0.03125,0.022637708245703998,0.013656496062992126,0.016521073161018238,0.1095890410958904,0.09523809523809523,0.029296875,0.36559253400888725,0.359375,7
PM10-dust.csv,1941,0.0576171875,0.0625,0.021462168921714757,0.010457677165354331,0.01569314839706531,0.1509433962264151,0.06349206349206349,0.0322265625,0.37963510692105357,0.265625,6
PM10-dust.csv,1942,0.0599365234375,0.0625,0.028017463670551992,0.011811023622047244,0.019872538389019763,0.13559322033898305,0.06349206349206349,0.0322265625,0.4448820165611702,0.2421875,8
PM10-dust.csv,1943,0.0289306640625,0.015625,0.02002213623962447,0.006520669291338582,0.009693757678933166,0.17391304347826086,0.09523809523809523,0.017578125,0.2905259175368266,0.2890625,10
PM10-dust.csv,1944,0.04248046875,0.046875,0.020478727515147236,0.010826771653543307,0.013515557229192366,0.12121212121212122,0.09523809523809523,0.0234375,0.3823202393156165,0.3359375,6
PM10-dust.csv,1945,0.045654296875,0.046875,0.022994625541688872,0.011811023622047244,0.01672051896515205,0.12698412698412698,0.0873015873015873,0.026988636363636364,0.37744398578243804,0.328125,9
PM10-dust.csv,1946,0.0279541015625,0.015625,0.019399196528480826,0.007504921259842519,0.012063362098184326,0.18181818181818182,0.06349206349206349,0.0234375,0.2891370637251172,0.203125,14
PM10-dust.csv,1947,0.0413818359375,0.046875,0.01753356371620644,0.011687992125984252,0.013438058485150733,0.10810810810810811,0.10317460317460317,0.0234375,0.3459306180116088,0.3984375,8
PM10-dust.csv,1948,0.1871337890625,0.21875,0.09050927172107255,0.03937007874015748,0.044274589462140065,0.08791208791208792,0.1349206349206349,0.059283088235294115,0.5631292562335851,0.4609375,4
PM10-dust.csv,1949,0.174072265625,0.1875,0.07870231940936569,0.028420275590551183,0.031152488293755186,0.08695652173913043,0.1111111111111111,0.04185267857142857,0.6148218466154466,0.390625,5
PM10-dust.csv,1950,0.0474853515625,0.046875,0.027923700718036397,0.016486220472440943,0.021417377113178107,0.0963855421686747,0.1746031746031746,0.027698863636363636,0.4341513564798873,0.46875,8
PM10-dust.csv,1951,0.0462646484375,0.046875,0.019374600683219674,0.013656496062992126,0.012706241186308025,0.09195402298850575,0.14285714285714285,0.022569444444444444,0.3740835813725667,0.421875,7
PM10-dust.csv,1952,0.1668701171875,0.21875,0.07728882583031298,0.00861220472440945,0.017505959577519308,0.1951219512195122,0.07936507936507936,0.02734375,0.36142108677043633,0.2109375,15
PM10-dust.csv,1953,0.2237548828125,0.21875,0.010862886149365628,0.0013533464566929134,0.004394825565819827,0.6666666666666666,0.015873015873015872,0.015625,0.2385031899602806,0.0859375,77
PM10-dust.csv,1954,0.1904296875,0.1953125,0.016773011755193034,0.01033464566929134,0.013895480219975897,0.13559322033898305,0.03968253968253968,0.015625,0.31265053950045707,0.2890625,9
PM10-dust.csv,1955,0.227294921875,0.234375,0.010308980630233111,0.0034448818897637795,0.00676785065919049,0.2857142857142857,0.023809523809523808,0.018229166666666668,0.23716230615473552,0.1640625,28
PM10-dust.csv,1956,0.2066650390625,0.21875,0.015281233493039318,0.008243110236220472,0.011736456710346276,0.1568627450980392,0.03968253968253968,0.025,0.27861005309503367,0.2890625,11
PM10-dust.csv,1957,0.1781005859375,0.1875,0.015045382670299208,0.004552165354330708,0.009426171904221415,0.26666666666666666,0.023809523809523808,0.020833333333333332,0.29416483828173295,0.1875,15
PM10-dust.csv,1958,0.2286376953125,0.234375,0.007531847095167163,8.612204724409449E-4,0.003565791522192276,1.0,0.007936507936507936,0.015625,0.15808134601236515,0.0625,310
PM10-dust.csv,1959,0.2066650390625,0.203125,0.02464460243339374,0.007750984251968504,0.01190675402257402,0.1702127659574468,0.015873015873015872,0.015625,0.40959358275949764,0.2109375,19
PM10-dust.csv,1960,0.219970703125,0.21875,0.017095074534313685,0.006889763779527559,0.011708048477726683,0.19047619047619047,0.007936507936507936,0.015625,0.3060646845613099,0.1796875,13
PM10-dust.csv,1961,0.2130126953125,0.21875,0.020750157895693903,0.008489173228346457,0.0128212750690089,0.16326530612244897,0.007936507936507936,0.015625,0.35031032441800614,0.2421875,12
PM10-dust.csv,1962,0.03857421875,0.03125,0.03881452049610781,0.01328740157480315,0.02075844337133548,0.13114754098360656,0.09523809523809523,0.029296875,0.36242404309973564,0.3203125,7
PM10-dust.csv,1963,0.032470703125,0.03125,0.020071566805729572,0.010211614173228346,0.01548633757633813,0.1509433962264151,0.07936507936507936,0.0296875,0.3299482382607412,0.328125,11
PM10-dust.csv,1964,0.0377197265625,0.03125,0.022653500620321784,0.013041338582677165,0.0169542579889604,0.12307692307692308,0.0873015873015873,0.033380681818181816,0.37388827001382197,0.3359375,7
PM10-dust.csv,1965,0.0552978515625,0.0625,0.017127730743542145,0.009227362204724409,0.013205125851376736,0.14814814814814814,0.0873015873015873,0.0234375,0.35448981055617984,0.296875,8
PM10-dust.csv,1966,0.0592041015625,0.0625,0.01721104829382852,0.007750984251968504,0.009779262770294117,0.14545454545454545,0.07142857142857142,0.016493055555555556,0.33649091489829036,0.296875,11
PM10-dust.csv,1967,0.044677734375,0.046875,0.029987585360050556,0.007997047244094488,0.013846373645529956,0.17777777777777778,0.07142857142857142,0.0234375,0.3824789608922246,0.234375,9
PM10-dust.csv,1968,0.0264892578125,0.015625,0.01879050330587822,0.007504921259842519,0.013421151715841182,0.1951219512195122,0.07936507936507936,0.02421875,0.26960807204267084,0.203125,9
PM10-dust.csv,1969,0.0311279296875,0.015625,0.026957094204316027,0.010580708661417323,0.019399223031405365,0.17777777777777778,0.07142857142857142,0.03211805555555555,0.2799213700011087,0.2578125,11
PM10-dust.csv,1970,0.035400390625,0.015625,0.024118078869657864,0.013656496062992126,0.018182873045018068,0.13559322033898305,0.11904761904761904,0.03177083333333333,0.34613521584130935,0.3046875,6
PM10-dust.csv,1971,0.0272216796875,0.015625,0.019359212411316284,0.008735236220472441,0.014495804563534933,0.18181818181818182,0.10317460317460317,0.027644230769230768,0.2682738511152618,0.265625,8
PM10-dust.csv,1972,0.04736328125,0.046875,0.022177861228858915,0.012672244094488189,0.016255994723554414,0.11594202898550725,0.10317460317460317,0.02403846153846154,0.3954352515684594,0.40625,7
PM10-dust.csv,1973,0.0416259765625,0.046875,0.015163766629115049,0.007997047244094488,0.010893673041918637,0.14814814814814814,0.07936507936507936,0.02109375,0.32933643368496984,0.2890625,9
PM10-dust.csv,1974,0.047119140625,0.046875,0.011217192390293108,0.007627952755905512,0.00873956724172148,0.13559322033898305,0.07936507936507936,0.0171875,0.26120316327908893,0.359375,11
PM10-dust.csv,1975,0.0482177734375,0.046875,0.015382312524360793,0.007997047244094488,0.00957909038377054,0.13559322033898305,0.07936507936507936,0.0203125,0.33196346365718005,0.2890625,8
PM10-dust.csv,1976,0.04052734375,0.046875,0.017297841390545264,0.008981299212598425,0.011686049361952883,0.14035087719298245,0.06349206349206349,0.021484375,0.3471184075992995,0.296875,7
PM10-dust.csv,1977,0.0380859375,0.03125,0.02374071441629535,0.012426181102362205,0.014586368440235167,0.11594202898550725,0.11904761904761904,0.022395833333333334,0.3825427840351155,0.3515625,8
PM10-dust.csv,1978,0.032958984375,0.015625,0.02686767300818506,0.012672244094488189,0.017726785092842402,0.14035087719298245,0.07936507936507936,0.03203125,0.3344905283358548,0.3203125,9
PM10-dust.csv,1979,0.034912109375,0.015625,0.030351108464167532,0.014271653543307087,0.01921419549924268,0.125,0.1349206349206349,0.02849264705882353,0.3537377792567285,0.3671875,8
PM10-dust.csv,1980,0.0328369140625,0.015625,0.023096464438925542,0.011441929133858268,0.01524498752071607,0.13793103448275862,0.1111111111111111,0.02734375,0.32222280546556076,0.3203125,8
PM10-dust.csv,1981,0.0352783203125,0.0234375,0.024801311112939924,0.01624015748031496,0.01935156765849582,0.11267605633802817,0.15873015873015872,0.03046875,0.3544745323145116,0.3828125,8
PM10-dust.csv,1982,0.0281982421875,0.015625,0.020490002846184716,0.012672244094488189,0.017618007136899764,0.12698412698412698,0.15873015873015872,0.02734375,0.2920820346373551,0.3671875,13
PM10-dust.csv,1983,0.0377197265625,0.03125,0.02466877625654634,0.013533464566929134,0.018431744222492608,0.13114754098360656,0.07936507936507936,0.028125,0.36121411894097594,0.3046875,6
PM10-dust.csv,1984,0.0291748046875,0.015625,0.023710253232732258,0.010211614173228346,0.018947649282676903,0.21052631578947367,0.0873015873015873,0.033380681818181816,0.24236047512408565,0.234375,8
PM10-dust.csv,1985,0.0308837890625,0.015625,0.020434657817913,0.008981299212598425,0.01461021679268894,0.17777777777777778,0.06349206349206349,0.025390625,0.30657229274376324,0.2890625,9
PM10-dust.csv,1986,0.0421142578125,0.0390625,0.02257178775327389,0.015501968503937008,0.019558525540588224,0.1038961038961039,0.12698412698412698,0.03271484375,0.36032780204615195,0.453125,6
PM10-dust.csv,1987,0.041259765625,0.03125,0.01744025522430272,0.01218011811023622,0.014921849018659032,0.11764705882352941,0.15079365079365079,0.02631578947368421,0.2916181534769942,0.40625,10
PM10-dust.csv,1988,0.051513671875,0.046875,0.024344382986670847,0.016978346456692914,0.019313985682274017,0.1,0.19047619047619047,0.029622395833333332,0.3850954946788094,0.4765625,7
PM10-dust.csv,1989,0.1002197265625,0.078125,0.05023471458403336,0.004798228346456693,0.013372567179251905,0.4,0.031746031746031744,0.033203125,0.402304890816404,0.109375,28
PM10-dust.csv,1990,0.10693359375,0.109375,0.019378061360336356,0.002583661417322835,0.006433029755118777,0.4,0.023809523809523808,0.015625,0.2469287447632282,0.125,21
PM10-dust.csv,1991,0.0797119140625,0.078125,0.015108636216699119,0.007627952755905512,0.014121314798401867,0.18604651162790697,0.07142857142857142,0.026909722222222224,0.30231184856423216,0.2578125,10
PM10-dust.csv,1992,0.0743408203125,0.078125,0.014049757376371305,0.007627952755905512,0.011578041688994681,0.16,0.06349206349206349,0.0224609375,0.2773713715549558,0.3125,14
PM10-dust.csv,1993,0.1141357421875,0.15625,0.05242816892950507,0.006889763779527559,0.015270781101699125,0.23529411764705882,0.06349206349206349,0.021484375,0.32061053016151136,0.1875,11
PM10-dust.csv,1994,0.06041666666666667,0.0625,0.022726483572157744,0.012711864406779662,0.016644339367024013,0.25,0.08620689655172414,0.0265625,0.4219625338153828,0.35,8
IR-bio-temp.csv,1995,0.1131591796875,0.125,0.023900544227405156,0.0018454724409448819,0.005042790731279327,0.5,0.0,0.0,0.3939979095558184,0.0390625,28
IR-bio-temp.csv,1996,0.10498046875,0.109375,0.022263697490582025,0.0015994094488188976,0.004736313128671294,0.5714285714285714,0.007936507936507936,0.015625,0.413044746628829,0.0390625,40
IR-bio-temp.csv,1997,0.1116943359375,0.125,0.026499943841118957,8.612204724409449E-4,0.0035657915221922734,1.0,0.0,0.0,0.20499162962909312,0.0234375,67
IR-bio-temp.csv,1998,0.1121826171875,0.125,0.018573550624443543,0.0014763779527559055,0.004570417229578424,0.6153846153846154,0.0,0.0,0.29314377874591585,0.0390625,43
IR-bio-temp.csv,1999,0.1322021484375,0.140625,0.012642972598499287,7.381889763779527E-4,0.0033150082641012503,1.1428571428571428,0.0,0.0,0.23093884325797462,0.03125,45
IR-bio-temp.csv,2000,0.1075439453125,0.109375,0.02091039867891265,0.0022145669291338582,0.005449614810617647,0.42105263157894735,0.015873015873015872,0.015625,0.3705892180049684,0.09375,26
IR-bio-temp.csv,2001,0.1275634765625,0.125,0.02422011586921501,0.0020915354330708663,0.005320312084261728,0.4444444444444444,0.0,0.0,0.38328666120794835,0.0390625,30
IR-bio-temp.csv,2002,0.1173095703125,0.125,0.01943296498570615,0.0017224409448818897,0.004893499458993939,0.5333333333333333,0.0,0.0,0.33274613714968626,0.0390625,26
IR-bio-temp.csv,2003,0.104736328125,0.109375,0.01672853272766201,0.002829724409448819,0.006017233888108999,0.3333333333333333,0.007936507936507936,0.015625,0.31894513424272825,0.1015625,23
IR-bio-temp.csv,2004,0.137939453125,0.140625,0.021315867496369992,0.0013533464566929134,0.004394825565819817,0.6666666666666666,0.0,0.0,0.3485700080714025,0.046875,110
IR-bio-temp.csv,2005,0.11474609375,0.109375,0.019767853984372228,0.0027066929133858267,0.006229817372624088,0.36363636363636365,0.015873015873015872,0.015625,0.3804041822027828,0.1015625,30
IR-bio-temp.csv,2006,0.107421875,0.109375,0.019918044974971814,0.0030757874015748033,0.006212786010311309,0.3076923076923077,0.007936507936507936,0.015625,0.38508252978112184,0.1171875,36
IR-bio-temp.csv,2007,0.148681640625,0.15625,0.018833673063381705,8.612204724409449E-4,0.004069349263912715,1.1428571428571428,0.0,0.0,0.19335476325606418,0.015625,41
IR-bio-temp.csv,2008,0.1263427734375,0.140625,0.0212188262039187,0.0013533464566929134,0.004812403350297232,0.7272727272727273,0.007936507936507936,0.015625,0.3017163250800638,0.046875,151
IR-bio-temp.csv,2009,0.12255859375,0.125,0.02572181092005063,0.0015994094488188976,0.004736313128671294,0.5714285714285714,0.0,0.0,0.43051401271404804,0.0390625,30
IR-bio-temp.csv,2010,0.1209716796875,0.125,0.024257002124365296,0.0018454724409448819,0.005042790731279322,0.5,0.007936507936507936,0.015625,0.38491389106747903,0.0390625,32
IR-bio-temp.csv,2011,0.1435546875,0.15625,0.019797983332727826,8.612204724409449E-4,0.004069349263912705,1.1428571428571428,0.0,0.0,0.29453747546037806,0.015625,51
IR-bio-temp.csv,2012,0.125,0.125,0.03013134496199514,0.0017224409448818897,0.004893499458993938,0.5333333333333333,0.015873015873015872,0.015625,0.42537840918222763,0.0546875,36
IR-bio-temp.csv,2013,0.1094970703125,0.109375,0.016970407844052942,0.001968503937007874,0.0051848689728605955,0.47058823529411764,0.0,0.0,0.34690087948568865,0.046875,41
IR-bio-temp.csv,2014,0.12744140625,0.1328125,0.0176255328591602,6.151574803149606E-4,0.0030386537980385086,1.3333333333333333,0.0,0.0,0.2998883345017341,0.015625,86
IR-bio-temp.csv,2015,0.1085205078125,0.109375,0.009825712359668328,0.0012303149606299212,0.004208324649726149,0.7272727272727273,0.007936507936507936,0.015625,0.16033229108969713,0.0546875,56
IR-bio-temp.csv,2016,0.1190185546875,0.125,0.022954088059717364,0.0017224409448818897,0.005624571580050418,0.6153846153846154,0.0,0.0,0.37654983105026746,0.0234375,33
IR-bio-temp.csv,2017,0.1041259765625,0.109375,0.01660470371821681,0.0015994094488188976,0.005488363194683914,0.6666666666666666,0.0,0.0,0.30669761387351835,0.0390625,39
IR-bio-temp.csv,2018,0.1368408203125,0.140625,0.012467317771398341,7.381889763779527E-4,0.0038514950399848743,1.3333333333333333,0.0,0.0,0.1206849093862229,0.0234375,70
IR-bio-temp.csv,2019,0.110107421875,0.109375,0.017011188976215667,0.0014763779527559055,0.004570417229578424,0.6153846153846154,0.007936507936507936,0.015625,0.3206726905404204,0.0625,32
IR-bio-temp.csv,2020,0.10595703125,0.109375,0.01922985221437033,0.0023375984251968506,0.005573204553595537,0.4,0.015873015873015872,0.015625,0.3857973763750065,0.1015625,29
IR-bio-temp.csv,2021,0.12451171875,0.125,0.016565620560241575,9.84251968503937E-4,0.003796074955841906,0.8888888888888888,0.0,0.0,0.319242313861178,0.0390625,59
IR-bio-temp.csv,2022,0.1260986328125,0.140625,0.02845024033094643,0.0023375984251968506,0.00590807441119241,0.42105263157894735,0.015873015873015872,0.015625,0.36150909738181247,0.078125,27
IR-bio-temp.csv,2023,0.1204833984375,0.125,0.013411633635427678,0.0011072834645669291,0.004874904713621769,1.0,0.007936507936507936,0.015625,0.15866457961966607,0.03125,72
IR-bio-temp.csv,2024,0.0777587890625,0.078125,0.009660536866917277,0.0054133858267716535,0.0074350122685719056,0.17777777777777778,0.047619047619047616,0.015625,0.2154560366661935,0.3203125,105
IR-bio-temp.csv,2025,0.1265869140625,0.125,0.01777663988041405,0.0013533464566929134,0.004394825565819822,0.6666666666666666,0.0,0.0,0.3054611989116736,0.0625,45
IR-bio-temp.csv,2026,0.119140625,0.125,0.017026948998205758,0.0014763779527559055,0.004570417229578424,0.6153846153846154,0.0,0.0,0.3021347893521996,0.03125,39
IR-bio-temp.csv,2027,0.109130859375,0.109375,0.016571016820950506,0.0018454724409448819,0.005410588933881885,0.5333333333333333,0.0,0.0,0.3460479350123317,0.0546875,27
IR-bio-temp.csv,2028,0.133544921875,0.140625,0.01712294506357322,9.84251968503937E-4,0.004272577596994422,1.0,0.0,0.0,0.19896046498619027,0.0234375,101
IR-bio-temp.csv,2029,0.10693359375,0.109375,0.01751698351040244,0.0014763779527559055,0.004570417229578424,0.6153846153846154,0.0,0.0,0.33893941637811237,0.03125,53
IR-bio-temp.csv,2030,0.1097412109375,0.109375,0.018882269034339937,0.0017224409448818897,0.005271723741542461,0.5714285714285714,0.007936507936507936,0.015625,0.3567961930962087,0.0546875,58
IR-bio-temp.csv,2031,0.1243896484375,0.125,0.019570501939538146,8.612204724409449E-4,0.003565791522192283,1.0,0.0,0.0,0.2943058890939982,0.03125,35
IR-bio-temp.csv,2032,0.11669921875,0.125,0.024854426938719556,0.0018454724409448819,0.005042790731279315,0.5,0.015873015873015872,0.015625,0.3072790594329272,0.0625,38
IR-bio-temp.csv,2033,0.11767578125,0.109375,0.028164136994960426,0.0014763779527559055,0.004570417229578424,0.6153846153846154,0.0,0.0,0.4151610232456833,0.03125,36
IR-bio-temp.csv,2034,0.1143798828125,0.125,0.022091354197054207,0.0022145669291338582,0.0069944244111968005,0.5333333333333333,0.0,0.0,0.237756647966293,0.0546875,43
IR-bio-temp.csv,2035,0.138427734375,0.15625,0.024295365755853386,8.612204724409449E-4,0.003565791522192284,1.0,0.0,0.0,0.34288806616580675,0.015625,140
IR-bio-temp.csv,2036,0.130615234375,0.140625,0.014581144259413195,7.381889763779527E-4,0.003851495039984875,1.3333333333333333,0.0,0.0,0.25637980080553696,0.015625,115
IR-bio-temp.csv,2037,0.11279296875,0.109375,0.017787114843834946,0.0017224409448818897,0.005956554348873125,0.6153846153846154,0.007936507936507936,0.015625,0.29988636096173954,0.046875,27
IR-bio-temp.csv,2038,0.1038818359375,0.109375,0.023322458855339866,0.0017224409448818897,0.005271723741542465,0.5714285714285714,0.0,0.0,0.3558372100800951,0.0390625,62
IR-bio-temp.csv,2039,0.146484375,0.15625,0.01953125,7.381889763779527E-4,0.0033150082641012503,1.1428571428571428,0.0,0.0,0.23993303486426418,0.015625,62
IR-bio-temp.csv,2040,0.1258544921875,0.125,0.01782686357106008,0.0015994094488188976,0.005126148291338493,0.6153846153846154,0.0,0.0,0.2907610969311374,0.03125,48
IR-bio-temp.csv,2041,0.114990234375,0.125,0.020552812885909155,0.0020915354330708663,0.006311887469675525,0.5333333333333333,0.0,0.0,0.32279988512157093,0.0546875,41
IR-bio-temp.csv,2042,0.1298828125,0.125,0.012770211748654317,0.0013533464566929134,0.004394825565819814,0.6666666666666666,0.0,0.0,0.23019287026663302,0.0625,62
IR-bio-temp.csv,2043,0.138671875,0.140625,0.02094493221633517,0.0017224409448818897,0.004893499458993938,0.5333333333333333,0.0,0.0,0.3406028632634679,0.046875,25
IR-bio-temp.csv,2044,0.125732421875,0.125,0.018411181788186397,0.0011072834645669291,0.00400939240570874,0.8,0.0,0.0,0.3465216224751367,0.0234375,36
IR-bio-temp.csv,2045,0.1318359375,0.140625,0.016194456984157227,0.001968503937007874,0.005543248191962995,0.5,0.015873015873015872,0.01953125,0.23911113778746027,0.0703125,61
IR-bio-temp.csv,2046,0.1451416015625,0.15625,0.01600518235083359,6.151574803149606E-4,0.0030386537980385026,1.3333333333333333,0.0,0.0,0.27672199649617907,0.015625,120
IR-bio-temp.csv,2047,0.121337890625,0.125,0.028201148473741937,0.0022145669291338582,0.005449614810617647,0.42105263157894735,0.0,0.0,0.4456524578744235,0.0625,21
IR-bio-temp.csv,2048,0.1241455078125,0.125,0.013575074971590911,0.0013533464566929134,0.0048124033502972416,0.7272727272727273,0.0,0.0,0.26237789635044334,0.0390625,41
IR-bio-temp.csv,2049,0.1285400390625,0.140625,0.0167120454839103,6.151574803149606E-4,0.003038653798038509,1.3333333333333333,0.0,0.0,0.2822896248949866,0.015625,72
IR-bio-temp.csv,2050,0.1199951171875,0.125,0.016565170792500288,9.84251968503937E-4,0.004701026863814685,1.1428571428571428,0.0,0.0,0.10529240115985002,0.0234375,84
IR-bio-temp.csv,2051,0.126220703125,0.125,0.012292183471849712,4.921259842519685E-4,0.002728970597049561,1.6,0.0,0.0,0.249031036730163,0.015625,293
IR-bio-temp.csv,2052,0.1279296875,0.140625,0.024059931630380702,7.381889763779527E-4,0.0033150082641012503,1.1428571428571428,0.0,0.0,0.4004589451580219,0.015625,45
IR-bio-temp.csv,2053,0.12255859375,0.125,0.019378061360336356,0.0012303149606299212,0.004208324649726156,0.7272727272727273,0.0,0.0,0.31330266110807026,0.0546875,95
IR-bio-temp.csv,2054,0.128662109375,0.125,0.01685631459258776,0.002583661417322835,0.006126919093498384,0.38095238095238093,0.031746031746031744,0.017578125,0.3370214444755571,0.125,22
IR-bio-temp.csv,2055,0.1240234375,0.125,0.02027396434768232,0.001968503937007874,0.005543248191962996,0.5,0.0,0.0,0.33445506626407256,0.0703125,33
IR-bio-temp.csv,2056,0.1346435546875,0.140625,0.025474702572419943,0.0013533464566929134,0.0043948255658198205,0.6666666666666666,0.007936507936507936,0.015625,0.37992395334825874,0.046875,91
IR-bio-temp.csv,2057,0.13427734375,0.15625,0.03374090566671204,0.001968503937007874,0.005543248191962994,0.5,0.0,0.0,0.3890537527757089,0.0625,35
IR-bio-temp.csv,2058,0.130615234375,0.140625,0.023334275862413073,0.0022145669291338582,0.005791634988159365,0.4444444444444444,0.0,0.0,0.39834518204813785,0.09375,22
IR-bio-temp.csv,2059,0.0887451171875,0.09375,0.01913001876004581,0.002952755905511811,0.0064236109656528656,0.3333333333333333,0.015873015873015872,0.015625,0.37764316095375317,0.1328125,34
IR-bio-temp.csv,2060,0.1495361328125,0.15625,0.016878841810538225,7.381889763779527E-4,0.00331500826410125,1.1428571428571428,0.0,0.0,0.18419750630418677,0.015625,76
IR-bio-temp.csv,2061,0.134033203125,0.140625,0.021000351584988173,0.0015994094488188976,0.004736313128671295,0.5714285714285714,0.0,0.0,0.3660400038363329,0.046875,24
IR-bio-temp.csv,2062,0.1080322265625,0.109375,0.0170300117532507,0.0027066929133858267,0.005913196279871018,0.34782608695652173,0.007936507936507936,0.015625,0.32090113484483646,0.09375,29
IR-bio-temp.csv,2063,0.128173828125,0.125,0.015546602026301728,0.0015994094488188976,0.005126148291338491,0.6153846153846154,0.007936507936507936,0.015625,0.28828740620831944,0.0546875,40
IR-bio-temp.csv,2064,0.1317138671875,0.140625,0.015949223264478223,0.0017224409448818897,0.004893499458993939,0.5333333333333333,0.0,0.0,0.27663658747970327,0.046875,35
IR-bio-temp.csv,2065,0.121826171875,0.125,0.020331212740939335,0.001968503937007874,0.005543248191962995,0.5,0.007936507936507936,0.015625,0.3413807855106962,0.0390625,31
IR-bio-temp.csv,2066,0.1341552734375,0.140625,0.02867353429332604,0.0013533464566929134,0.004394825565819823,0.6666666666666666,0.0,0.0,0.4464763586837768,0.046875,57
IR-bio-temp.csv,2067,0.10498046875,0.109375,0.011870357208147674,0.0017224409448818897,0.004893499458993937,0.5333333333333333,0.007936507936507936,0.015625,0.22646312729525295,0.0859375,40
IR-bio-temp.csv,2068,0.14794921875,0.171875,0.032794911348060514,0.002583661417322835,0.009757568926623229,0.5,0.015873015873015872,0.01953125,0.2548701132766253,0.0859375,62
IR-bio-temp.csv,2069,0.1121826171875,0.109375,0.011626195989634446,0.0030757874015748033,0.0065148633340913935,0.32,0.007936507936507936,0.015625,0.2596612267722073,0.1640625,30
IR-bio-temp.csv,2070,0.1275634765625,0.140625,0.021991297973205804,0.0014763779527559055,0.004570417229578424,0.6153846153846154,0.015873015873015872,0.015625,0.35840866150128187,0.0546875,43
IR-bio-temp.csv,2071,0.138671875,0.140625,0.012506102026236032,0.0018454724409448819,0.005410588933881886,0.5333333333333333,0.015873015873015872,0.015625,0.20684114706333193,0.0859375,32
IR-bio-temp.csv,2072,0.1107177734375,0.125,0.022185586658774247,0.0024606299212598425,0.00601974892850643,0.4,0.015873015873015872,0.015625,0.37918923244828767,0.109375,25
IR-bio-temp.csv,2073,0.029541015625,0.03125,0.007105289165456664,0.0011072834645669291,0.004009392405708741,0.8,0.015873015873015872,0.015625,0.15589092537730512,0.0703125,137
IR-bio-temp.csv,2074,0.1380615234375,0.140625,0.024918793873476817,7.381889763779527E-4,0.0033150082641012503,1.1428571428571428,0.0,0.0,0.3311723525203736,0.015625,183
IR-bio-temp.csv,2075,0.1197509765625,0.125,0.01771618351186319,0.0012303149606299212,0.004208324649726148,0.7272727272727273,0.0,0.0,0.34368715124658217,0.03125,38
IR-bio-temp.csv,2076,0.1116943359375,0.109375,0.020678220920994594,0.001968503937007874,0.0051848689728605955,0.47058823529411764,0.007936507936507936,0.015625,0.36894076424387706,0.0625,45
IR-bio-temp.csv,2077,0.1217041015625,0.125,0.016761903063494836,6.151574803149606E-4,0.0030386537980385026,1.3333333333333333,0.0,0.0,0.29373588980737403,0.015625,74
IR-bio-temp.csv,2078,0.1363525390625,0.140625,0.02292030623462739,0.0011072834645669291,0.004009392405708742,0.8,0.0,0.0,0.35848133520874903,0.03125,62
IR-bio-temp.csv,2079,0.1324462890625,0.140625,0.029810909956589388,0.0018454724409448819,0.00607979778573121,0.5714285714285714,0.0,0.0,0.39181438163196275,0.0234375,21
IR-bio-temp.csv,2080,0.1185302734375,0.1328125,0.03351913860550297,0.0014763779527559055,0.004973273359106236,0.6666666666666666,0.0,0.0,0.4404776688258292,0.0234375,73
IR-bio-temp.csv,2081,0.127197265625,0.125,0.022160385111826088,0.0024606299212598425,0.005691453497155697,0.38095238095238093,0.0,0.0,0.4013826785639689,0.1015625,62
IR-bio-temp.csv,2082,0.1343994140625,0.140625,0.014918071002315103,0.0013533464566929134,0.0048124033502972285,0.7272727272727273,0.0,0.0,0.29385696947570344,0.046875,37
IR-bio-temp.csv,2083,0.126220703125,0.125,0.022660406323364773,0.0022145669291338582,0.006994424411196802,0.5333333333333333,0.0,0.0,0.4046122703263289,0.0546875,47
IR-bio-temp.csv,2084,0.1292724609375,0.140625,0.020270656622821796,0.0024606299212598425,0.006331043469620377,0.42105263157894735,0.007936507936507936,0.015625,0.3508453597633398,0.078125,48
IR-bio-temp.csv,2085,0.1385498046875,0.140625,0.021781599373115728,8.612204724409449E-4,0.0035657915221922842,1.0,0.0,0.0,0.33690597673684725,0.0234375,81
IR-bio-temp.csv,2086,0.1307373046875,0.140625,0.0255307950150887,0.0020915354330708663,0.005320312084261728,0.4444444444444444,0.0,0.0,0.4017219132456949,0.0703125,40
IR-bio-temp.csv,2087,0.0985107421875,0.09375,0.016977430929695905,0.0036909448818897637,0.007455343212373587,0.2857142857142857,0.007936507936507936,0.015625,0.3408039058628538,0.1328125,17
IR-bio-temp.csv,2088,0.134033203125,0.140625,0.023324056098050147,6.151574803149606E-4,0.003038653798038504,1.3333333333333333,0.0,0.0,0.29993336646562757,0.015625,125
IR-bio-temp.csv,2089,0.1246337890625,0.125,0.023957834376792445,0.0017224409448818897,0.004893499458993938,0.5333333333333333,0.007936507936507936,0.015625,0.41580242195642264,0.046875,44
IR-bio-temp.csv,2090,0.1402587890625,0.140625,0.013736571777473915,0.0015994094488188976,0.004736313128671287,0.5714285714285714,0.0,0.0,0.2551291880901596,0.0703125,87
IR-bio-temp.csv,2091,0.1002197265625,0.109375,0.03134308303321156,0.0030757874015748033,0.006803541615501221,0.3333333333333333,0.007936507936507936,0.015625,0.4471822689529648,0.109375,21
IR-bio-temp.csv,2092,0.09776785714285714,0.109375,0.030422723281072896,0.004595588235294118,0.007119454680528342,0.7272727272727272,0.0,0.0,0.46667553390667643,0.08571428571428572,14
City-lat.csv,2093,0.3160400390625,0.3125,0.0065407364866302805,0.00516732283464567,0.007351067542465383,0.18604651162790697,0.11904761904761904,0.015625,0.12866177832476441,0.3359375,19
City-lat.csv,2094,0.3131103515625,0.3125,0.003027245304598937,0.0011072834645669291,0.004009392405708741,0.8,0.031746031746031744,0.015625,0.039662858553172774,0.078125,68
City-lat.csv,2095,0.3131103515625,0.3125,0.003027245304598937,9.84251968503937E-4,0.003796074955841906,0.8888888888888888,0.023809523809523808,0.015625,0.039662858553172774,0.0703125,38
City-lat.csv,2096,0.3126220703125,0.3125,0.0013756625573223442,2.4606299212598425E-4,0.001945298757485473,2.6666666666666665,0.007936507936507936,0.015625,0.010985735390540282,0.0234375,64
City-lat.csv,2097,0.32080078125,0.328125,0.007797226280601226,0.008489173228346457,0.007783140085597789,0.11428571428571428,0.12698412698412698,0.015625,0.16619673314904404,0.546875,980
City-lat.csv,2098,0.3250732421875,0.328125,0.006194391824397107,0.004798228346456693,0.007207587852301583,0.2,0.031746031746031744,0.015625,0.118742240827813,0.3125,1024
City-lat.csv,2099,0.3128662109375,0.3125,0.0023638814368941753,7.381889763779527E-4,0.0033150082641012503,1.1428571428571428,0.023809523809523808,0.015625,0.026721454316504755,0.0546875,89
City-lat.csv,2100,0.3131103515625,0.3125,0.003027245304598937,0.0012303149606299212,0.004208324649726151,0.7272727272727273,0.03968253968253968,0.015625,0.039662858553172774,0.0859375,57
City-lat.csv,2101,0.3126220703125,0.3125,0.0013756625573223442,2.4606299212598425E-4,0.0019452987574854724,2.6666666666666665,0.007936507936507936,0.015625,0.010985735390540282,0.0234375,64
City-lat.csv,2102,0.3145751953125,0.3125,0.005302687165276727,0.00406003937007874,0.006852313147462757,0.23529411764705882,0.12698412698412698,0.015625,0.09418355538265948,0.265625,21
City-lat.csv,2103,0.313232421875,0.3125,0.003302673158805831,9.84251968503937E-4,0.003796074955841906,0.8888888888888888,0.023809523809523808,0.015625,0.045495142985678305,0.0703125,47
City-lat.csv,2104,0.3126220703125,0.3125,0.0013756625573223442,2.4606299212598425E-4,0.0019452987574854713,2.6666666666666665,0.007936507936507936,0.015625,0.010985735390540282,0.0234375,64
City-lat.csv,2105,0.3145751953125,0.3125,0.005302687165276727,0.0034448818897637795,0.0064775819788819855,0.27586206896551724,0.0873015873015873,0.015625,0.09418355538265948,0.2265625,30
City-lat.csv,2106,0.3131103515625,0.3125,0.003027245304598937,9.84251968503937E-4,0.0037960749558419065,0.8888888888888888,0.023809523809523808,0.015625,0.039662858553172774,0.0703125,38
City-lat.csv,2107,0.3131103515625,0.3125,0.003027245304598937,0.0012303149606299212,0.0042083246497261525,0.7272727272727273,0.03968253968253968,0.015625,0.039662858553172774,0.0859375,46
City-lat.csv,2108,0.3232421875,0.328125,0.007242381335054358,0.006028543307086614,0.007606093265784313,0.16,0.047619047619047616,0.015625,0.14933970542242625,0.390625,1024
City-lat.csv,2109,0.313720703125,0.3125,0.0041932529387982585,0.0022145669291338582,0.005449614810617648,0.42105263157894735,0.06349206349206349,0.015625,0.06592296774274624,0.1484375,41
City-lat.csv,2110,0.3128662109375,0.3125,0.0023638814368941753,7.381889763779527E-4,0.0033150082641012508,1.1428571428571428,0.023809523809523808,0.015625,0.026721454316504755,0.0546875,41
City-lat.csv,2111,0.3134765625,0.3125,0.0037822102990306807,0.001968503937007874,0.005184868972860598,0.47058823529411764,0.06349206349206349,0.015625,0.056215011102835645,0.1328125,45
City-lat.csv,2112,0.3177490234375,0.3125,0.007379955566499922,0.0072588582677165355,0.007792858081748584,0.13333333333333333,0.15079365079365079,0.015625,0.15347966923972023,0.46875,19
City-lat.csv,2113,0.3192138671875,0.3125,0.007734866656465277,0.007750984251968504,0.007812257808261592,0.125,0.14285714285714285,0.015625,0.16428127989310218,0.5,26
City-lat.csv,2114,0.314208984375,0.3125,0.004876705164901899,0.0034448818897637795,0.006477581978881982,0.27586206896551724,0.1111111111111111,0.015625,0.08300464775574608,0.2265625,19
City-lat.csv,2115,0.3131103515625,0.3125,0.003027245304598937,0.0012303149606299212,0.004208324649726151,0.7272727272727273,0.03968253968253968,0.015625,0.039662858553172774,0.0859375,63
City-lat.csv,2116,0.3148193359375,0.3125,0.005555205201651735,0.004183070866141733,0.0069182657084200586,0.22857142857142856,0.11904761904761904,0.015625,0.1009860492758944,0.2734375,16
City-lat.csv,2117,0.3128662109375,0.3125,0.0023638814368941753,7.381889763779527E-4,0.0033150082641012503,1.1428571428571428,0.023809523809523808,0.015625,0.026721454316504755,0.0546875,54
City-lat.csv,2118,0.313232421875,0.3125,0.003302673158805831,0.0012303149606299212,0.004208324649726156,0.7272727272727273,0.031746031746031744,0.015625,0.045495142985678305,0.0859375,37
City-lat.csv,2119,0.3131103515625,0.3125,0.003027245304598937,0.0012303149606299212,0.004208324649726162,0.7272727272727273,0.03968253968253968,0.015625,0.039662858553172774,0.0859375,38
City-lat.csv,2120,0.314453125,0.3125,0.005167483029423029,0.002952755905511811,0.006117028983590581,0.32,0.07142857142857142,0.015625,0.0905940738665994,0.1953125,23
City-lat.csv,2121,0.315185546875,0.3125,0.005894871322094549,0.004183070866141733,0.006918265708420058,0.22857142857142856,0.1111111111111111,0.015625,0.11032934401859419,0.2734375,19
City-lat.csv,2122,0.3140869140625,0.3125,0.00471987669169463,0.002583661417322835,0.005804688047286142,0.36363636363636365,0.07142857142857142,0.015625,0.07898818724682638,0.171875,22
City-lat.csv,2123,0.318115234375,0.3125,0.0074971447913984805,0.008366141732283465,0.007792858081748584,0.11594202898550725,0.19047619047619047,0.015625,0.15702719484725855,0.5390625,10
City-lat.csv,2124,0.31591796875,0.3125,0.0064593537867787855,0.005536417322834645,0.007473593773861934,0.17391304347826086,0.1349206349206349,0.015625,0.12631307708973258,0.359375,13
City-lat.csv,2125,0.312744140625,0.3125,0.0019378061360336358,4.921259842519685E-4,0.002728970597049563,1.6,0.015873015873015872,0.015625,0.019352512550794954,0.0390625,49
City-lat.csv,2126,0.3131103515625,0.3125,0.003027245304598937,0.0012303149606299212,0.004208324649726151,0.7272727272727273,0.03968253968253968,0.015625,0.039662858553172774,0.0859375,46
City-lat.csv,2127,0.3148193359375,0.3125,0.005555205201651735,0.0036909448818897637,0.006636862184675781,0.25806451612903225,0.09523809523809523,0.015625,0.1009860492758944,0.2421875,22
City-lat.csv,2128,0.31591796875,0.3125,0.0064593537867787855,0.004675196850393701,0.007154892395939334,0.20512820512820512,0.10317460317460317,0.015625,0.12631307708973258,0.3046875,19
City-lat.csv,2129,0.3216552734375,0.328125,0.007696240364330134,0.006889763779527559,0.007757816324032706,0.14035087719298245,0.09523809523809523,0.015625,0.1630974142199992,0.4453125,1011
City-lat.csv,2130,0.3135986328125,0.3125,0.003994889690418352,0.001968503937007874,0.005184868972860596,0.47058823529411764,0.05555555555555555,0.015625,0.06118145983512229,0.1328125,64
City-lat.csv,2131,0.312744140625,0.3125,0.0019378061360336358,4.921259842519685E-4,0.0027289705970495637,1.6,0.015873015873015872,0.015625,0.019352512550794954,0.0390625,49
City-lat.csv,2132,0.324462890625,0.328125,0.006901022473194614,0.004183070866141733,0.007190767320965782,0.23529411764705882,0.023809523809523808,0.015625,0.1368330166595127,0.2578125,1024
City-lat.csv,2133,0.3125,0.3125,0.0,0.0,0.0,8.0,0.0,0.0,0.0,0.16666666666666666,41
Wind-Speed.csv,2134,0.084228515625,0.078125,0.01716466600679302,0.004921259842519685,0.007257815553027866,0.1951219512195122,0.06349206349206349,0.015625,0.34027818991874975,0.2734375,23
Wind-Speed.csv,2135,0.063232421875,0.0625,0.008019564309402755,0.006028543307086614,0.008329877401481669,0.1702127659574468,0.07936507936507936,0.01796875,0.1824571837705057,0.2890625,20
Wind-Speed.csv,2136,0.063720703125,0.0625,0.010262621853995948,0.0072588582677165355,0.008271523776560838,0.13793103448275862,0.1111111111111111,0.016741071428571428,0.23896404262308965,0.3828125,14
Wind-Speed.csv,2137,0.0654296875,0.0625,0.010830602057040447,0.006520669291338582,0.007704954877879506,0.14814814814814814,0.09523809523809523,0.015625,0.2440986634672193,0.3671875,10
Wind-Speed.csv,2138,0.067626953125,0.0625,0.008973621069086477,0.00578248031496063,0.007544148482655464,0.16666666666666666,0.11904761904761904,0.015625,0.20441814203138686,0.3671875,15
Wind-Speed.csv,2139,0.0618896484375,0.0625,0.008378506453074815,0.004675196850393701,0.007154892395939334,0.20512820512820512,0.07936507936507936,0.015625,0.19212502846818316,0.265625,21
Wind-Speed.csv,2140,0.068359375,0.0625,0.009160968280905136,0.004798228346456693,0.007207587852301583,0.2,0.05555555555555555,0.015625,0.21228512638030148,0.2578125,13
Wind-Speed.csv,2141,0.076171875,0.078125,0.014084184669781208,0.00406003937007874,0.006852313147462757,0.23529411764705882,0.031746031746031744,0.015625,0.2796417054372378,0.234375,50
Wind-Speed.csv,2142,0.0831298828125,0.078125,0.009555072717394912,0.00516732283464567,0.007608083087470627,0.19047619047619047,0.06349206349206349,0.015625,0.21498163394624079,0.2890625,14
Wind-Speed.csv,2143,0.0677490234375,0.0625,0.011096318981750803,0.006766732283464567,0.00822380657828169,0.14814814814814814,0.05555555555555555,0.017857142857142856,0.2574392119455185,0.359375,14
Wind-Speed.csv,2144,0.0665283203125,0.0625,0.008788214748611484,0.004552165354330708,0.007099674235360988,0.21052631578947367,0.06349206349206349,0.015625,0.19128807146252483,0.2578125,22
Wind-Speed.csv,2145,0.0679931640625,0.0625,0.00907517040712713,0.0052903543307086616,0.007394182677813348,0.18181818181818182,0.07142857142857142,0.015625,0.20981099287784033,0.3046875,16
Wind-Speed.csv,2146,0.0731201171875,0.0703125,0.014210054023044021,0.004921259842519685,0.0072578155530278665,0.1951219512195122,0.03968253968253968,0.015625,0.29523832396347927,0.25,17
Wind-Speed.csv,2147,0.0960693359375,0.09375,0.014496588437174917,0.005659448818897638,0.007509961841551104,0.1702127659574468,0.07142857142857142,0.015625,0.28781627239792185,0.328125,13
Wind-Speed.csv,2148,0.072998046875,0.078125,0.012823775377606345,0.003813976377952756,0.006711703591036354,0.25,0.03968253968253968,0.015625,0.2822919560161329,0.1796875,23
Wind-Speed.csv,2149,0.067626953125,0.0625,0.009183712340724622,0.0054133858267716535,0.007435012268571906,0.17777777777777778,0.047619047619047616,0.015625,0.21280305046083262,0.296875,31
Wind-Speed.csv,2150,0.0640869140625,0.0625,0.00847751735108382,0.003937007874015748,0.006783488559099512,0.24242424242424243,0.03968253968253968,0.015625,0.18928568685651362,0.2109375,16
Wind-Speed.csv,2151,0.0706787109375,0.078125,0.009153645688631681,0.006889763779527559,0.007757816324032705,0.14035087719298245,0.09523809523809523,0.015625,0.2115234958558957,0.390625,8
Wind-Speed.csv,2152,0.0732421875,0.078125,0.010472466108167586,0.006151574803149607,0.008121942639812503,0.16326530612244897,0.0873015873015873,0.017045454545454544,0.2444189280597517,0.296875,11
Wind-Speed.csv,2153,0.06640625,0.0625,0.008286407592029853,0.004552165354330708,0.007365467296799106,0.21621621621621623,0.07936507936507936,0.01640625,0.17899349831240438,0.2578125,30
Wind-Speed.csv,2154,0.0665283203125,0.0625,0.011090946111816269,0.006028543307086614,0.008095808994272684,0.16666666666666666,0.07142857142857142,0.016493055555555556,0.2549546324160827,0.2890625,9
Wind-Speed.csv,2155,0.0882568359375,0.09375,0.013473709467872833,0.00516732283464567,0.007351067542465383,0.18604651162790697,0.1111111111111111,0.015625,0.28081620512730526,0.3046875,18
Wind-Speed.csv,2156,0.0814208984375,0.078125,0.012904281318277573,0.005536417322834645,0.0074735937738619335,0.17391304347826086,0.0873015873015873,0.015625,0.2843946014107371,0.3046875,11
Wind-Speed.csv,2157,0.087158203125,0.09375,0.012749190809713777,0.005536417322834645,0.007726534679186805,0.17777777777777778,0.07142857142857142,0.015625,0.27803876699366886,0.296875,13
Wind-Speed.csv,2158,0.0845947265625,0.078125,0.009672868816239029,0.0073818897637795275,0.008507874812805351,0.13793103448275862,0.12698412698412698,0.0166015625,0.22201904212388057,0.3984375,13
Wind-Speed.csv,2159,0.0933837890625,0.09375,0.009257244623850979,0.0044291338582677165,0.007309769083421739,0.2222222222222222,0.07936507936507936,0.015625,0.19707981627428425,0.2421875,19
Wind-Speed.csv,2160,0.0914306640625,0.09375,0.008533579246385042,0.004798228346456693,0.007469541947175465,0.20512820512820512,0.06349206349206349,0.0166015625,0.18600266477897343,0.21875,14
Wind-Speed.csv,2161,0.0679931640625,0.0625,0.010443256138665325,0.00406003937007874,0.0071273367903347635,0.24242424242424243,0.047619047619047616,0.015625,0.23754335228987603,0.1796875,15
Wind-Speed.csv,2162,0.0924072265625,0.09375,0.015005713805088777,0.005536417322834645,0.007473593773861933,0.17391304347826086,0.07142857142857142,0.015625,0.30836276122439643,0.3046875,16
Wind-Speed.csv,2163,0.0872802734375,0.09375,0.009062025123519269,0.00578248031496063,0.007794800227095063,0.1702127659574468,0.11904761904761904,0.015625,0.2042261066443095,0.34375,9
Wind-Speed.csv,2164,0.0784912109375,0.078125,0.013597010955797155,0.004306102362204725,0.007251556116285133,0.22857142857142856,0.06349206349206349,0.0166015625,0.2810377487511928,0.234375,19
Wind-Speed.csv,2165,0.0751953125,0.078125,0.013776109355142466,0.006151574803149607,0.007881701465574298,0.16,0.09523809523809523,0.016276041666666668,0.30083942209621095,0.3203125,14
Wind-Speed.csv,2166,0.0750732421875,0.0703125,0.014492476221380621,0.00406003937007874,0.007127336790334764,0.24242424242424243,0.05555555555555555,0.015625,0.27933356356154465,0.234375,40
Wind-Speed.csv,2167,0.0809326171875,0.078125,0.0122648775881332,0.005044291338582677,0.007305626397295036,0.19047619047619047,0.07936507936507936,0.015625,0.26672856981503734,0.2578125,12
Wind-Speed.csv,2168,0.078125,0.078125,0.009959022487485907,0.008243110236220472,0.00850787481280535,0.12307692307692308,0.1111111111111111,0.016741071428571428,0.2323772713558282,0.4375,7
Wind-Speed.csv,2169,0.0799560546875,0.078125,0.01132494125350974,0.004552165354330708,0.007621997294160215,0.2222222222222222,0.07142857142857142,0.017361111111111112,0.260572020387501,0.25,14
Wind-Speed.csv,2170,0.0928955078125,0.09375,0.009224994936479042,0.003813976377952756,0.006992259959834076,0.25806451612903225,0.031746031746031744,0.017578125,0.19786118406982514,0.2109375,20
Wind-Speed.csv,2171,0.0892333984375,0.09375,0.009598639469297723,0.00578248031496063,0.0077948002270950625,0.1702127659574468,0.06349206349206349,0.015625,0.22246491261842902,0.328125,22
Wind-Speed.csv,2172,0.084228515625,0.078125,0.012842353837731845,0.0062746062992125986,0.00814613452620416,0.16,0.0873015873015873,0.015625,0.28905486966899313,0.359375,9
Wind-Speed.csv,2173,0.0853271484375,0.09375,0.011203235279854602,0.005536417322834645,0.007726534679186804,0.17777777777777778,0.06349206349206349,0.015625,0.24308228865935308,0.3203125,26
Wind-Speed.csv,2174,0.09033203125,0.09375,0.01352283439856077,0.008981299212598425,0.0084382028540759,0.11267605633802817,0.1746031746031746,0.016335227272727272,0.2977329161601207,0.5078125,8
Wind-Speed.csv,2175,0.0848388671875,0.09375,0.012147682877926693,0.0044291338582677165,0.007568187253557932,0.22857142857142856,0.03968253968253968,0.0171875,0.2554583391110452,0.2265625,12
Wind-Speed.csv,2176,0.0836181640625,0.09375,0.014950000560084303,0.005536417322834645,0.007726534679186805,0.17777777777777778,0.09523809523809523,0.016276041666666668,0.3016450947959922,0.3125,13
Wind-Speed.csv,2177,0.0943603515625,0.09375,0.00903567718442239,0.006766732283464567,0.008454331959945605,0.1509433962264151,0.1111111111111111,0.016741071428571428,0.20892193705150974,0.3671875,9
Wind-Speed.csv,2178,0.067626953125,0.0625,0.010537715749466424,0.0063976377952755905,0.008400447842082458,0.16,0.1111111111111111,0.016183035714285716,0.22491396826979138,0.3515625,12
Wind-Speed.csv,2179,0.071044921875,0.0625,0.012484636401899996,0.004798228346456693,0.007207587852301583,0.2,0.07142857142857142,0.015625,0.2592829279125177,0.2578125,13
Wind-Speed.csv,2180,0.0855712890625,0.09375,0.008726960230329652,0.0062746062992125986,0.008146134526204161,0.16,0.07142857142857142,0.017361111111111112,0.19462259406354407,0.359375,10
Wind-Speed.csv,2181,0.086181640625,0.09375,0.0078086843709567755,0.007135826771653544,0.00778314008559779,0.13559322033898305,0.11904761904761904,0.015625,0.16654924072702582,0.4609375,15
Wind-Speed.csv,2182,0.0899658203125,0.09375,0.012313379517719736,0.004921259842519685,0.007518019742840642,0.2,0.07936507936507936,0.01640625,0.26353640803193673,0.234375,12
Wind-Speed.csv,2183,0.06884765625,0.0625,0.01272345138749549,0.005905511811023622,0.008302575206103838,0.17391304347826086,0.0873015873015873,0.017045454545454544,0.26107689694316183,0.28125,16
Wind-Speed.csv,2184,0.07421875,0.078125,0.013948102399497755,0.004921259842519685,0.0072578155530278665,0.1951219512195122,0.047619047619047616,0.015625,0.2861194548815063,0.2578125,14
Wind-Speed.csv,2185,0.072265625,0.0625,0.012352647110032733,0.005044291338582677,0.007814195131988388,0.2,0.03968253968253968,0.0171875,0.2570479156225191,0.265625,17
Wind-Speed.csv,2186,0.08056640625,0.078125,0.011293978033418337,0.007504921259842519,0.008736102596494455,0.13793103448275862,0.11904761904761904,0.0171875,0.26054909105768825,0.3984375,11
Wind-Speed.csv,2187,0.0791015625,0.078125,0.012918707573557571,0.006151574803149607,0.008121942639812505,0.16326530612244897,0.0873015873015873,0.017045454545454544,0.28606078106242133,0.328125,13
Wind-Speed.csv,2188,0.0804443359375,0.078125,0.011569664256335769,0.008243110236220472,0.009160684285918446,0.12903225806451613,0.09523809523809523,0.018229166666666668,0.26882964948813615,0.3671875,12
Wind-Speed.csv,2189,0.078125,0.078125,0.016572815184059706,0.004921259842519685,0.007257815553027866,0.1951219512195122,0.06349206349206349,0.015625,0.3308015833065664,0.265625,12
Wind-Speed.csv,2190,0.087158203125,0.09375,0.009286975879692497,0.0054133858267716535,0.007689222437007743,0.18181818181818182,0.06349206349206349,0.015625,0.20429618160446286,0.2890625,11
Wind-Speed.csv,2191,0.0743408203125,0.078125,0.014582677099812638,0.007012795275590551,0.009343916115180876,0.1568627450980392,0.0873015873015873,0.019176136363636364,0.3206218439368705,0.296875,10
Wind-Speed.csv,2192,0.0758056640625,0.078125,0.016351499481735872,0.006643700787401575,0.008438202854075899,0.15384615384615385,0.07936507936507936,0.0171875,0.3284517167575583,0.3359375,12
Wind-Speed.csv,2193,0.08544921875,0.078125,0.014737683860143135,0.006766732283464567,0.008223806578281692,0.14814814814814814,0.0873015873015873,0.016335227272727272,0.3161207608742153,0.375,9
Wind-Speed.csv,2194,0.06982421875,0.0625,0.013381044537153048,0.00861220472440945,0.00848114563957386,0.11764705882352941,0.12698412698412698,0.0166015625,0.29413217286186477,0.4375,11
Wind-Speed.csv,2195,0.0738525390625,0.078125,0.014708839497848705,0.006028543307086614,0.008095808994272686,0.16666666666666666,0.07936507936507936,0.01640625,0.31183333383970085,0.265625,10
Wind-Speed.csv,2196,0.080810546875,0.078125,0.01726162272882181,0.007135826771653544,0.008262368794478744,0.14035087719298245,0.1349206349206349,0.016544117647058824,0.3471916265661808,0.375,15
Wind-Speed.csv,2197,0.0723876953125,0.078125,0.011533545247558447,0.005536417322834645,0.007473593773861934,0.17391304347826086,0.06349206349206349,0.015625,0.25533944837741324,0.296875,11
Wind-Speed.csv,2198,0.078369140625,0.078125,0.012350234247989979,0.006766732283464567,0.008223806578281688,0.14814814814814814,0.09523809523809523,0.016276041666666668,0.281570567116309,0.375,13
Wind-Speed.csv,2199,0.0823974609375,0.078125,0.013349269145433548,0.0062746062992125986,0.008146134526204161,0.16,0.06349206349206349,0.0166015625,0.299662974820784,0.28125,10
Wind-Speed.csv,2200,0.076416015625,0.078125,0.012842353837731845,0.005536417322834645,0.0074735937738619335,0.17391304347826086,0.1111111111111111,0.015625,0.27501989848663944,0.3046875,12
Wind-Speed.csv,2201,0.0753173828125,0.078125,0.012722865795439606,0.006643700787401575,0.007969554498376786,0.14814814814814814,0.10317460317460317,0.01622596153846154,0.28673474755079803,0.359375,9
Wind-Speed.csv,2202,0.072021484375,0.0625,0.014776055421263682,0.0063976377952755905,0.008400447842082461,0.16,0.10317460317460317,0.016826923076923076,0.3077743473850548,0.3046875,11
Wind-Speed.csv,2203,0.0731201171875,0.0625,0.01609801522928229,0.005905511811023622,0.00757618322752985,0.16326530612244897,0.11904761904761904,0.015625,0.3069474751067806,0.3203125,11
Wind-Speed.csv,2204,0.0826416015625,0.078125,0.018544646105892938,0.007012795275590551,0.008251369408025205,0.14285714285714285,0.09523809523809523,0.015625,0.34845681943152645,0.375,10
Wind-Speed.csv,2205,0.073486328125,0.0625,0.016498921561399368,0.0054133858267716535,0.007435012268571905,0.17777777777777778,0.10317460317460317,0.015625,0.29315074318094586,0.3046875,10
Wind-Speed.csv,2206,0.0830078125,0.078125,0.015223102800898336,0.004675196850393701,0.007154892395939334,0.20512820512820512,0.05555555555555555,0.015625,0.3181284304215897,0.2578125,15
Wind-Speed.csv,2207,0.0980224609375,0.09375,0.008449346914390728,0.005659448818897638,0.008005560278049913,0.17777777777777778,0.0873015873015873,0.015625,0.18413193383974766,0.3046875,11
Wind-Speed.csv,2208,0.0863037109375,0.09375,0.01324167526289651,0.005044291338582677,0.0075641860969189924,0.1951219512195122,0.07936507936507936,0.01640625,0.2939679607422088,0.296875,19
Wind-Speed.csv,2209,0.07861328125,0.078125,0.015859747821202846,0.006766732283464567,0.00822380657828169,0.14814814814814814,0.09523809523809523,0.016276041666666668,0.31869098491488795,0.359375,9
Wind-Speed.csv,2210,0.0765380859375,0.078125,0.017120769312276164,0.007012795275590551,0.00870485873588028,0.14814814814814814,0.09523809523809523,0.017578125,0.3422208949033824,0.3515625,11
Wind-Speed.csv,2211,0.082275390625,0.078125,0.018884241835222353,0.006766732283464567,0.007742191300468631,0.14285714285714285,0.0873015873015873,0.015625,0.3557361957213961,0.3359375,10
Wind-Speed.csv,2212,0.08056640625,0.078125,0.014277530778528755,0.006766732283464567,0.00822380657828169,0.14814814814814814,0.1111111111111111,0.016183035714285716,0.30489373493424415,0.34375,9
Wind-Speed.csv,2213,0.0906982421875,0.09375,0.007579180457165716,0.006643700787401575,0.008207224448896606,0.1509433962264151,0.0873015873015873,0.017045454545454544,0.16802327112533946,0.3515625,9
Wind-Speed.csv,2214,0.0733642578125,0.078125,0.011646684950989068,0.006766732283464567,0.007742191300468632,0.14285714285714285,0.1111111111111111,0.015625,0.25933974834127843,0.390625,10
Wind-Speed.csv,2215,0.075927734375,0.078125,0.014183288621365052,0.0044291338582677165,0.00704187402620778,0.21621621621621623,0.047619047619047616,0.015625,0.2915496485708065,0.25,22
Wind-Speed.csv,2216,0.088623046875,0.09375,0.00875849175520122,0.007135826771653544,0.008262368794478746,0.14035087719298245,0.12698412698412698,0.0166015625,0.20145105020471407,0.390625,11
Wind-Speed.csv,2217,0.09326171875,0.09375,0.011209219026610349,0.007012795275590551,0.008481145639573865,0.14545454545454545,0.09523809523809523,0.016276041666666668,0.25530802525486035,0.375,11
Wind-Speed.csv,2218,0.0865478515625,0.09375,0.010130365104083308,0.0073818897637795275,0.008730903050792407,0.14035087719298245,0.14285714285714285,0.016927083333333332,0.23568204600397125,0.375,15
Wind-Speed.csv,2219,0.077392578125,0.078125,0.011531607108026897,0.0063976377952755905,0.00792956842732383,0.15384615384615385,0.10317460317460317,0.01622596153846154,0.2640537527757089,0.359375,13
Wind-Speed.csv,2220,0.078857421875,0.078125,0.013928859204683508,0.0062746062992125986,0.007906628451308875,0.1568627450980392,0.1111111111111111,0.015625,0.2889146243650973,0.3515625,11
Wind-Speed.csv,2221,0.07666015625,0.078125,0.013019816040989632,0.004675196850393701,0.007418707397480979,0.21052631578947367,0.05555555555555555,0.016741071428571428,0.27630106833266244,0.25,21
Wind-Speed.csv,2222,0.0806884765625,0.078125,0.014973903047763656,0.0052903543307086616,0.007649749781845383,0.18604651162790697,0.07142857142857142,0.016493055555555556,0.3118713494179835,0.296875,22
Wind-Speed.csv,2223,0.0826416015625,0.078125,0.019349973574085574,0.006151574803149607,0.008355278959817736,0.16666666666666666,0.06349206349206349,0.0166015625,0.3706083046196782,0.2890625,13
Wind-Speed.csv,2224,0.076416015625,0.078125,0.013704533399107606,0.0063976377952755905,0.008168401905855237,0.1568627450980392,0.07936507936507936,0.015625,0.3083110639312269,0.328125,14
Wind-Speed.csv,2225,0.086669921875,0.09375,0.018514489247701958,0.006520669291338582,0.008188760478491005,0.15384615384615385,0.0873015873015873,0.017045454545454544,0.3544091975221681,0.3125,9
Wind-Speed.csv,2226,0.0794677734375,0.078125,0.015005713805088777,0.006889763779527559,0.008001777825545819,0.14285714285714285,0.10317460317460317,0.015625,0.32800382941222256,0.328125,11
Wind-Speed.csv,2227,0.08544921875,0.078125,0.014994289582796961,0.00516732283464567,0.007351067542465382,0.18604651162790697,0.06349206349206349,0.015625,0.31984807992356207,0.2890625,28
Wind-Speed.csv,2228,0.083740234375,0.078125,0.017549279174782176,0.006520669291338582,0.00864553449348467,0.16,0.0873015873015873,0.017045454545454544,0.3398355484885916,0.3125,10
Wind-Speed.csv,2229,0.083740234375,0.09375,0.014581144259413195,0.006643700787401575,0.008207224448896605,0.1509433962264151,0.10317460317460317,0.01622596153846154,0.31469993609169067,0.3515625,11
Wind-Speed.csv,2230,0.08668870192307693,0.09375,0.014188770647864059,0.0054611650485436895,0.007450260411291667,0.21621621621621623,0.06862745098039216,0.015625,0.3104400648826989,0.2980769230769231,9
Cyber-Vehicle.csv,2231,0.2587890625,0.265625,0.016658908309796855,0.01033464566929134,0.01903293665282253,0.22857142857142856,0.031746031746031744,0.046875,0.16033495445279536,0.2421875,1024
Cyber-Vehicle.csv,2232,0.2568359375,0.265625,0.018399847345133568,0.010088582677165354,0.017920414818930235,0.21621621621621623,0.03968253968253968,0.0328125,0.19158867165945956,0.25,29
Cyber-Vehicle.csv,2233,0.2569580078125,0.265625,0.017117287534963783,0.011811023622047244,0.018153713111636438,0.18604651162790697,0.031746031746031744,0.037109375,0.17490907357732197,0.2890625,1024
Cyber-Vehicle.csv,2234,0.2547607421875,0.265625,0.020721413074419423,0.011811023622047244,0.019382830308374014,0.18604651162790697,0.047619047619047616,0.032552083333333336,0.21484351432379542,0.2734375,5
Cyber-Vehicle.csv,2235,0.2548828125,0.265625,0.02137311389476493,0.01624015748031496,0.024755942609066384,0.1702127659574468,0.031746031746031744,0.0546875,0.21466742485303192,0.3359375,4
Cyber-Vehicle.csv,2236,0.25732421875,0.265625,0.01690750946599686,0.010088582677165354,0.0170406394617921,0.20512820512820512,0.05555555555555555,0.03794642857142857,0.19216987599802104,0.2578125,1024
Cyber-Vehicle.csv,2237,0.2552490234375,0.265625,0.01896416424242084,0.014517716535433071,0.020394302872804453,0.16326530612244897,0.05555555555555555,0.04017857142857143,0.20300968820165607,0.3359375,8
Cyber-Vehicle.csv,2238,0.265625,0.265625,0.0,0.0,0.0,8.0,0.0,0.0,0.0,0.06666666666666667,113
City-lon.csv,2239,0.3433837890625,0.34375,0.0023638814368941753,7.381889763779527E-4,0.0033150082641012503,1.1428571428571428,0.0,0.0,0.026721454316504755,0.0546875,1024
City-lon.csv,2240,0.34326171875,0.34375,0.0027186349427880964,9.84251968503937E-4,0.003796074955841907,0.8888888888888888,0.0,0.0,0.03343705405211911,0.0703125,1017
City-lon.csv,2241,0.3428955078125,0.34375,0.003552644582728332,0.0013533464566929134,0.004394825565819827,0.6666666666666666,0.007936507936507936,0.015625,0.05099747895230578,0.09375,1016
City-lon.csv,2242,0.341552734375,0.34375,0.005431786001290769,0.004183070866141733,0.006918265708420058,0.22857142857142856,0.015873015873015872,0.015625,0.09764554881032007,0.2734375,1024
City-lon.csv,2243,0.3414306640625,0.34375,0.005555205201651735,0.00406003937007874,0.006852313147462757,0.23529411764705882,0.007936507936507936,0.015625,0.1009860492758944,0.265625,1004
City-lon.csv,2244,0.33740234375,0.34375,0.007673942209717633,0.007627952755905512,0.007810320003988133,0.12698412698412698,0.10317460317460317,0.015625,0.16241490056634206,0.4921875,1024
City-lon.csv,2245,0.33642578125,0.34375,0.007797226280601226,0.008735236220472441,0.007757816324032706,0.1111111111111111,0.1349206349206349,0.015625,0.16619673314904404,0.5625,1014
City-lon.csv,2246,0.3353271484375,0.328125,0.007788621650854136,0.0072588582677165355,0.007792858081748584,0.13333333333333333,0.11904761904761904,0.015625,0.16593212574213242,0.46875,14
City-lon.csv,2247,0.332763671875,0.328125,0.007138765389264378,0.0063976377952755905,0.007683314466533465,0.1509433962264151,0.14285714285714285,0.015625,0.14623955184827217,0.4140625,12
City-lon.csv,2248,0.34228515625,0.34375,0.004554384303266023,0.0018454724409448819,0.005042790731279321,0.5,0.0,0.0,0.07481074812050491,0.125,1024
City-lon.csv,2249,0.3436279296875,0.34375,0.0013756625573223442,2.4606299212598425E-4,0.0019452987574854722,2.6666666666666665,0.0,0.0,0.010985735390540282,0.0234375,1018
City-lon.csv,2250,0.342529296875,0.34375,0.0041932529387982585,0.0014763779527559055,0.004570417229578424,0.6153846153846154,0.0,0.0,0.06592296774274624,0.1015625,1024
City-lon.csv,2251,0.34326171875,0.34375,0.0027186349427880964,9.84251968503937E-4,0.003796074955841906,0.8888888888888888,0.0,0.0,0.03343705405211911,0.0703125,1024
City-lon.csv,2252,0.343017578125,0.34375,0.003302673158805831,0.0014763779527559055,0.004570417229578424,0.6153846153846154,0.007936507936507936,0.015625,0.045495142985678305,0.1015625,1021
City-lon.csv,2253,0.34228515625,0.34375,0.004554384303266023,0.002952755905511811,0.0061170289835905806,0.32,0.015873015873015872,0.015625,0.07481074812050491,0.1953125,1024
City-lon.csv,2254,0.342041015625,0.34375,0.004876705164901899,0.0024606299212598425,0.005691453497155697,0.38095238095238093,0.007936507936507936,0.015625,0.08300464775574608,0.1640625,1024
City-lon.csv,2255,0.3408203125,0.34375,0.006098630857810936,0.004675196850393701,0.007154892395939334,0.20512820512820512,0.023809523809523808,0.015625,0.11603537668752432,0.3046875,1024
City-lon.csv,2256,0.340087890625,0.34375,0.0066188680233036905,0.00516732283464567,0.007351067542465384,0.18604651162790697,0.023809523809523808,0.015625,0.13092671537559122,0.3359375,1024
City-lon.csv,2257,0.340576171875,0.34375,0.006286324799601432,0.005659448818897638,0.007509961841551106,0.1702127659574468,0.07142857142857142,0.015625,0.12135570631150917,0.3671875,1024
City-lon.csv,2258,0.3389892578125,0.34375,0.007191796055495818,0.006889763779527559,0.007757816324032705,0.14035087719298245,0.05555555555555555,0.015625,0.14782426837026422,0.4453125,1024
City-lon.csv,2259,0.3382568359375,0.34375,0.0074602839797839465,0.007874015748031496,0.007812257808261593,0.12307692307692308,0.07936507936507936,0.015625,0.15590929409292953,0.5078125,1019
City-lon.csv,2260,0.33837890625,0.34375,0.007421232496860676,0.006889763779527559,0.007757816324032707,0.14035087719298245,0.0873015873015873,0.015625,0.15472701206581127,0.4453125,1024
City-lon.csv,2261,0.337890625,0.34375,0.007564420598061361,0.006766732283464567,0.00774219130046863,0.14285714285714285,0.07142857142857142,0.015625,0.1590723338208275,0.4375,1018
City-lon.csv,2262,0.337646484375,0.34375,0.007623288572263669,0.00861220472440945,0.007771462449485117,0.11267605633802817,0.1111111111111111,0.015625,0.1608669497916776,0.5546875,1024
City-lon.csv,2263,0.336181640625,0.34375,0.0078086843709567755,0.008366141732283465,0.007792858081748585,0.11594202898550725,0.14285714285714285,0.015625,0.16654924072702582,0.5390625,999
City-lon.csv,2264,0.3360595703125,0.34375,0.0078115462674688265,0.008243110236220472,0.007800623761883541,0.11764705882352941,0.1349206349206349,0.015625,0.1666373137664788,0.53125,1015
City-lon.csv,2265,0.335205078125,0.328125,0.007778091954137691,0.007135826771653544,0.00778314008559779,0.13559322033898305,0.1349206349206349,0.015625,0.16560845194850674,0.4609375,24
City-lon.csv,2266,0.336669921875,0.34375,0.007778091954137691,0.0073818897637795275,0.007800623761883542,0.13114754098360656,0.14285714285714285,0.015625,0.16560845194850674,0.4765625,1017
City-lon.csv,2267,0.3348388671875,0.328125,0.007734866656465277,0.007012795275590551,0.007771462449485118,0.13793103448275862,0.1349206349206349,0.015625,0.16428127989310218,0.453125,12
City-lon.csv,2268,0.3343505859375,0.328125,0.007649631364205712,0.008243110236220472,0.007800623761883542,0.11764705882352941,0.18253968253968253,0.015625,0.16167154157024258,0.53125,16
City-lon.csv,2269,0.3355712890625,0.328125,0.007803912211144829,0.008243110236220472,0.007800623761883543,0.11764705882352941,0.15079365079365079,0.015625,0.16640240448957447,0.53125,978
City-lon.csv,2270,0.3338623046875,0.328125,0.007531847095167163,0.006889763779527559,0.007757816324032706,0.14035087719298245,0.14285714285714285,0.015625,0.15808134601236515,0.4453125,15
City-lon.csv,2271,0.33447265625,0.328125,0.007673942209717633,0.007997047244094488,0.007810320003988133,0.12121212121212122,0.15079365079365079,0.015625,0.16241490056634206,0.515625,11
City-lon.csv,2272,0.333984375,0.328125,0.007564420598061361,0.007627952755905512,0.007810320003988133,0.12698412698412698,0.16666666666666666,0.015625,0.1590723338208275,0.4921875,19
City-lon.csv,2273,0.3353271484375,0.328125,0.007788621650854136,0.007135826771653544,0.00778314008559779,0.13559322033898305,0.12698412698412698,0.015625,0.16593212574213242,0.4609375,12
City-lon.csv,2274,0.3341064453125,0.328125,0.007594892690577285,0.0072588582677165355,0.007792858081748584,0.13333333333333333,0.14285714285714285,0.015625,0.1600007012140152,0.46875,12
City-lon.csv,2275,0.3345947265625,0.328125,0.007696240364330134,0.007504921259842519,0.007806442952369738,0.12903225806451613,0.1349206349206349,0.015625,0.1630974142199992,0.484375,15
City-lon.csv,2276,0.33349609375,0.328125,0.007421232496860676,0.007874015748031496,0.007812257808261592,0.12307692307692308,0.19047619047619047,0.015625,0.15472701206581127,0.5078125,12
City-lon.csv,2277,0.334228515625,0.328125,0.007623288572263669,0.0054133858267716535,0.007435012268571909,0.17777777777777778,0.07936507936507936,0.015625,0.1608669497916776,0.3515625,14
City-lon.csv,2278,0.342041015625,0.34375,0.004876705164901899,0.0018454724409448819,0.005042790731279315,0.5,0.03968253968253968,0.015625,0.08300464775574608,0.125,1024
City-lon.csv,2279,0.34375,0.34375,0.0,0.0,0.0,8.0,0.0,0.0,0.0,0.16666666666666666,41
