Dataset,ChunkIndex,CompressionImprovementPct,MaxBitWidth,MinBitWidth,MaxMinBitWidthDiff,BitWidthMean,BitWidthVar,BitWidthStd,BitWidthDiffAbsMean,BitWidthMedian,BitWidthP90,BitWidthChangeCount,BitWidthRunMean,ZeroFrac
City-temp.csv,0,4.276985743380855,11.0,1.0,10.0,10.9609375,0.38909912109375,0.6237781024480982,0.039100684261974585,11.0,11.0,4,204.8,0.00390625
City-temp.csv,1,4.276985743380855,11.0,1.0,10.0,10.951171875,0.4858970642089844,0.6970631708883954,0.05865102639296188,11.0,11.0,6,146.28571428571428,0.0048828125
City-temp.csv,2,4.276985743380855,11.0,1.0,10.0,10.951171875,0.4858970642089844,0.6970631708883954,0.039100684261974585,11.0,11.0,4,204.8,0.0048828125
City-temp.csv,3,1.921470342522974,10.0,1.0,9.0,8.56640625,0.4780120849609375,0.6913841804387323,0.14760508308895406,9.0,9.0,143,7.111111111111111,9.765625E-4
City-temp.csv,4,4.276985743380855,11.0,1.0,10.0,10.98046875,0.1949310302734375,0.44150994357255136,0.039100684261974585,11.0,11.0,4,204.8,0.001953125
City-temp.csv,5,4.276985743380855,11.0,1.0,10.0,10.990234375,0.09756088256835938,0.312347374838271,0.019550342130987292,11.0,11.0,2,341.3333333333333,9.765625E-4
City-temp.csv,6,4.276985743380855,11.0,1.0,10.0,10.990234375,0.09756088256835938,0.312347374838271,0.019550342130987292,11.0,11.0,2,341.3333333333333,9.765625E-4
City-temp.csv,7,4.276985743380855,11.0,1.0,10.0,10.94140625,0.5825042724609375,0.7632196751007783,0.09775171065493646,11.0,11.0,10,93.0909090909091,0.005859375
City-temp.csv,8,4.276985743380855,11.0,1.0,10.0,10.892578125,1.0626792907714844,1.0308633715345037,0.13685239491691104,11.0,11.0,14,68.26666666666667,0.0107421875
City-temp.csv,9,3.109182935647144,11.0,1.0,10.0,7.083984375,23.82497787475586,4.881083678319381,2.8054740957966766,11.0,11.0,287,3.5555555555555554,0.3916015625
City-temp.csv,10,3.5335689045936394,11.0,1.0,10.0,1.087890625,0.8711814880371094,0.9333710344965229,0.17595307917888564,1.0,1.0,18,53.89473684210526,0.9912109375
City-temp.csv,11,11.03448275862069,1.0,1.0,0.0,1.0,0.0,0.0,0.0,1.0,1.0,0,1024.0,1.0
City-temp.csv,12,12.597200622083982,11.0,1.0,10.0,2.0546875,9.43450927734375,3.071564630175271,1.2805474095796676,1.0,11.0,131,7.757575757575758,0.89453125
City-temp.csv,13,0.0,11.0,1.0,10.0,7.865234375,21.52090072631836,4.639062483554016,1.6911045943304008,11.0,11.0,173,5.885057471264368,0.3134765625
City-temp.csv,14,1.6050244242847174,11.0,1.0,10.0,9.984375,9.124755859375,3.020721082684563,0.5865102639296188,11.0,11.0,60,16.78688524590164,0.1015625
City-temp.csv,15,4.276985743380855,11.0,1.0,10.0,10.287109375,6.620693206787109,2.5730707737617924,0.5083088954056696,11.0,11.0,52,19.32075471698113,0.0712890625
City-temp.csv,16,3.622693096377307,11.0,1.0,10.0,10.8046875,1.91497802734375,1.3838273112436212,0.09775171065493646,11.0,11.0,10,93.0909090909091,0.01953125
City-temp.csv,17,3.6910457963089542,11.0,1.0,10.0,10.716796875,2.7518272399902344,1.6588632372773333,0.16617790811339198,11.0,11.0,17,56.888888888888886,0.0283203125
City-temp.csv,18,4.276985743380855,11.0,1.0,10.0,10.84375,1.5380859375,1.2401959270615268,0.15640273704789834,11.0,11.0,16,60.23529411764706,0.015625
City-temp.csv,19,4.276985743380855,11.0,1.0,10.0,10.990234375,0.09756088256835938,0.312347374838271,0.019550342130987292,11.0,11.0,2,341.3333333333333,9.765625E-4
City-temp.csv,20,4.276985743380855,11.0,1.0,10.0,10.931640625,0.6789207458496094,0.8239664713139785,0.07820136852394917,11.0,11.0,8,113.77777777777777,0.0068359375
City-temp.csv,21,4.276985743380855,11.0,1.0,10.0,10.94140625,0.5825042724609375,0.7632196751007783,0.11730205278592376,11.0,11.0,12,78.76923076923077,0.005859375
City-temp.csv,22,4.276985743380855,11.0,1.0,10.0,9.662109375,11.58895492553711,3.4042554142627295,0.9872922776148583,11.0,11.0,101,10.03921568627451,0.1337890625
City-temp.csv,23,2.286902286902287,11.0,1.0,10.0,8.568359375,18.40353012084961,4.289933580004428,2.013685239491691,11.0,11.0,206,4.946859903381642,0.2431640625
City-temp.csv,24,4.276985743380855,11.0,1.0,10.0,10.404296875,5.602169036865234,2.366890161554869,0.5865102639296188,11.0,11.0,60,16.78688524590164,0.0595703125
City-temp.csv,25,3.622693096377307,11.0,1.0,10.0,10.7265625,2.65960693359375,1.6308301363396955,0.19550342130987292,11.0,11.0,20,48.76190476190476,0.02734375
City-temp.csv,26,4.276985743380855,11.0,1.0,10.0,10.609375,3.753662109375,1.9374369949433194,0.3128054740957967,11.0,11.0,32,31.03030303030303,0.0390625
City-temp.csv,27,4.276985743380855,11.0,1.0,10.0,10.599609375,3.8435935974121094,1.96050850480484,0.3128054740957967,11.0,11.0,32,31.03030303030303,0.0400390625
City-temp.csv,28,4.276985743380855,11.0,1.0,10.0,10.931640625,0.6789207458496094,0.8239664713139785,0.05865102639296188,11.0,11.0,6,146.28571428571428,0.0068359375
City-temp.csv,29,4.276985743380855,11.0,1.0,10.0,10.82421875,1.7269134521484375,1.314120790547215,0.15640273704789834,11.0,11.0,16,60.23529411764706,0.017578125
City-temp.csv,30,4.276985743380855,11.0,1.0,10.0,10.921875,0.775146484375,0.8804240366863004,0.13685239491691104,11.0,11.0,14,68.26666666666667,0.0078125
City-temp.csv,31,2.772002772002772,11.0,1.0,10.0,10.39453125,5.6880950927734375,2.3849727656251,0.33235581622678395,11.0,11.0,34,29.257142857142856,0.060546875
City-temp.csv,32,2.3083264633140974,11.0,1.0,10.0,7.591796875,22.466182708740234,4.739850494344757,1.2512218963831867,11.0,11.0,128,7.937984496124031,0.3408203125
City-temp.csv,33,4.276985743380855,11.0,1.0,10.0,10.482421875,4.907894134521484,2.215376747761311,0.5865102639296188,11.0,11.0,60,16.78688524590164,0.0517578125
City-temp.csv,34,4.276985743380855,11.0,1.0,10.0,10.912109375,0.8711814880371094,0.9333710344965229,0.039100684261974585,11.0,11.0,4,204.8,0.0087890625
City-temp.csv,35,4.276985743380855,11.0,1.0,10.0,10.98046875,0.1949310302734375,0.44150994357255136,0.039100684261974585,11.0,11.0,4,204.8,0.001953125
City-temp.csv,36,4.276985743380855,11.0,1.0,10.0,10.970703125,0.2921104431152344,0.5404724258602231,0.05865102639296188,11.0,11.0,6,146.28571428571428,0.0029296875
City-temp.csv,37,4.276985743380855,11.0,1.0,10.0,10.970703125,0.2921104431152344,0.5404724258602231,0.05865102639296188,11.0,11.0,6,146.28571428571428,0.0029296875
City-temp.csv,38,4.276985743380855,11.0,1.0,10.0,10.9609375,0.38909912109375,0.6237781024480982,0.039100684261974585,11.0,11.0,4,204.8,0.00390625
City-temp.csv,39,4.276985743380855,11.0,1.0,10.0,10.94140625,0.5825042724609375,0.7632196751007783,0.09775171065493646,11.0,11.0,10,93.0909090909091,0.005859375
City-temp.csv,40,4.276985743380855,11.0,1.0,10.0,10.912109375,0.8711814880371094,0.9333710344965229,0.09775171065493646,11.0,11.0,10,93.0909090909091,0.0087890625
City-temp.csv,41,4.276985743380855,11.0,1.0,10.0,10.970703125,0.2921104431152344,0.5404724258602231,0.05865102639296188,11.0,11.0,6,146.28571428571428,0.0029296875
City-temp.csv,42,4.276985743380855,11.0,1.0,10.0,10.94140625,0.5825042724609375,0.7632196751007783,0.07820136852394917,11.0,11.0,8,113.77777777777777,0.005859375
City-temp.csv,43,4.276985743380855,11.0,1.0,10.0,10.951171875,0.4858970642089844,0.6970631708883954,0.039100684261974585,11.0,11.0,4,204.8,0.0048828125
City-temp.csv,44,1.5775635407537247,9.0,1.0,8.0,8.0390625,1.19573974609375,1.093498855094851,0.20234604105571846,8.0,9.0,196,5.197969543147208,9.765625E-4
City-temp.csv,45,4.276985743380855,11.0,1.0,10.0,10.951171875,0.4858970642089844,0.6970631708883954,0.09775171065493646,11.0,11.0,10,93.0909090909091,0.0048828125
City-temp.csv,46,2.68630849220104,9.0,1.0,8.0,8.208984375,0.9739036560058594,0.986865571395547,0.16715542521994134,9.0,9.0,158,6.440251572327044,9.765625E-4
City-temp.csv,47,4.276985743380855,11.0,1.0,10.0,10.990234375,0.09756088256835938,0.312347374838271,0.019550342130987292,11.0,11.0,2,341.3333333333333,9.765625E-4
City-temp.csv,48,4.276985743380855,11.0,1.0,10.0,10.90234375,0.9670257568359375,0.9833746777479769,0.17595307917888564,11.0,11.0,18,53.89473684210526,0.009765625
City-temp.csv,49,4.276985743380855,11.0,1.0,10.0,10.86328125,1.3484954833984375,1.1612473825152148,0.19550342130987292,11.0,11.0,20,48.76190476190476,0.013671875
City-temp.csv,50,4.276985743380855,11.0,1.0,10.0,10.453125,5.169677734375,2.2736925329461326,0.6060606060606061,11.0,11.0,62,16.253968253968253,0.0546875
City-temp.csv,51,0.0,11.0,1.0,10.0,8.71484375,17.629623413085938,4.198764510315616,1.7302052785923754,11.0,11.0,177,5.752808988764045,0.228515625
City-temp.csv,52,1.7569546120058566,11.0,1.0,10.0,3.08984375,16.530990600585938,4.065832092030601,1.6226783968719452,1.0,11.0,166,6.131736526946108,0.791015625
City-temp.csv,53,1.4370245139475908,11.0,1.0,10.0,7.5234375,22.67913818359375,4.762261876838962,1.0850439882697946,11.0,11.0,111,9.142857142857142,0.34765625
City-temp.csv,54,0.6507592190889371,11.0,1.0,10.0,7.50390625,22.738265991210938,4.768465790084997,2.5317693059628543,11.0,11.0,259,3.9384615384615387,0.349609375
City-temp.csv,55,1.6050244242847174,11.0,1.0,10.0,9.583984375,12.15505599975586,3.486410188109807,0.772238514173998,11.0,11.0,79,12.8,0.1416015625
City-temp.csv,56,4.276985743380855,11.0,1.0,10.0,10.47265625,4.9953460693359375,2.2350270846985136,0.5669599217986315,11.0,11.0,58,17.35593220338983,0.052734375
City-temp.csv,57,4.276985743380855,11.0,1.0,10.0,10.736328125,2.5671958923339844,1.6022471383447636,0.37145650048875856,11.0,11.0,38,26.256410256410255,0.0263671875
City-temp.csv,58,2.286902286902287,11.0,1.0,10.0,9.76953125,10.790634155273438,3.284910068064792,0.8993157380254154,11.0,11.0,92,11.010752688172044,0.123046875
City-temp.csv,59,1.9464720194647203,11.0,1.0,10.0,8.099609375,20.59164047241211,4.537801281723574,0.8797653958944281,11.0,11.0,90,11.252747252747254,0.2900390625
City-temp.csv,60,4.276985743380855,11.0,1.0,10.0,10.4140625,5.51605224609375,2.348627736805846,0.4887585532746823,11.0,11.0,50,20.07843137254902,0.05859375
City-temp.csv,61,4.276985743380855,11.0,1.0,10.0,10.853515625,1.4433860778808594,1.2014100373647871,0.09775171065493646,11.0,11.0,10,93.0909090909091,0.0146484375
City-temp.csv,62,3.465003465003465,11.0,1.0,10.0,10.638671875,3.4827232360839844,1.8662055717642643,0.13685239491691104,11.0,11.0,14,68.26666666666667,0.0361328125
City-temp.csv,63,4.276985743380855,11.0,1.0,10.0,10.931640625,0.6789207458496094,0.8239664713139785,0.09775171065493646,11.0,11.0,10,93.0909090909091,0.0068359375
City-temp.csv,64,3.6559139784946235,8.0,1.0,7.0,6.45703125,0.4083099365234375,0.6389913430739399,0.28347996089931576,7.0,7.0,276,3.696750902527076,9.765625E-4
City-temp.csv,65,4.276985743380855,11.0,1.0,10.0,10.892578125,1.0626792907714844,1.0308633715345037,0.039100684261974585,11.0,11.0,4,204.8,0.0107421875
City-temp.csv,66,4.276985743380855,11.0,1.0,10.0,10.94140625,0.5825042724609375,0.7632196751007783,0.09775171065493646,11.0,11.0,10,93.0909090909091,0.005859375
City-temp.csv,67,4.276985743380855,11.0,1.0,10.0,10.90234375,0.9670257568359375,0.9833746777479769,0.11730205278592376,11.0,11.0,12,78.76923076923077,0.009765625
City-temp.csv,68,3.7144938091769846,11.0,1.0,10.0,9.69140625,11.373519897460938,3.372464958670577,0.4887585532746823,11.0,11.0,50,20.07843137254902,0.130859375
City-temp.csv,69,3.7144938091769846,11.0,1.0,10.0,9.41796875,13.317489624023438,3.6493135825828174,0.5278592375366569,11.0,11.0,54,18.618181818181817,0.158203125
City-temp.csv,70,2.2894521668029437,11.0,1.0,10.0,8.578125,18.353271484375,4.284071834642249,0.21505376344086022,11.0,11.0,22,44.52173913043478,0.2421875
City-temp.csv,71,0.0,11.0,1.0,10.0,8.5390625,18.55316162109375,4.307338113161509,0.7233626588465298,11.0,11.0,74,13.653333333333334,0.24609375
City-temp.csv,72,2.8611304954640615,11.0,1.0,10.0,10.16015625,7.6930999755859375,2.773643808347773,0.27370478983382207,11.0,11.0,28,35.310344827586206,0.083984375
City-temp.csv,73,4.276985743380855,11.0,1.0,10.0,10.990234375,0.09756088256835938,0.312347374838271,0.019550342130987292,11.0,11.0,2,341.3333333333333,9.765625E-4
City-temp.csv,74,4.276985743380855,11.0,1.0,10.0,10.931640625,0.6789207458496094,0.8239664713139785,0.11730205278592376,11.0,11.0,12,78.76923076923077,0.0068359375
City-temp.csv,75,2.9593943565037852,11.0,1.0,10.0,10.62890625,3.5732269287109375,1.8902981057788049,0.23460410557184752,11.0,11.0,24,40.96,0.037109375
City-temp.csv,76,0.21849963583394028,11.0,1.0,10.0,9.115234375,15.29531478881836,3.910922498441814,0.9481915933528837,11.0,11.0,97,10.448979591836734,0.1884765625
City-temp.csv,77,3.5222052067381315,11.0,1.0,10.0,3.568359375,19.08712387084961,4.3688813065646,0.5083088954056696,1.0,11.0,52,19.32075471698113,0.7431640625
City-temp.csv,78,2.9432878679109833,11.0,1.0,10.0,9.232421875,14.551448822021484,3.814636132322647,1.1827956989247312,11.0,11.0,121,8.39344262295082,0.1767578125
City-temp.csv,79,4.276985743380855,11.0,1.0,10.0,10.775390625,2.1956443786621094,1.481770690310113,0.23460410557184752,11.0,11.0,24,40.96,0.0224609375
City-temp.csv,80,2.0818377602297202,11.0,1.0,10.0,9.798828125,10.568904876708984,3.2509852163165838,0.7429130009775171,11.0,11.0,76,13.2987012987013,0.1201171875
City-temp.csv,81,3.622693096377307,11.0,1.0,10.0,9.75,10.9375,3.307189138830738,1.348973607038123,11.0,11.0,138,7.366906474820144,0.125
City-temp.csv,82,3.7776193870277974,11.0,1.0,10.0,10.033203125,8.733272552490234,2.9552110842527366,0.3519061583577713,11.0,11.0,36,27.675675675675677,0.0966796875
City-temp.csv,83,4.276985743380855,11.0,1.0,10.0,10.375,5.859375,2.4206145913796355,0.8211143695014663,11.0,11.0,84,12.047058823529412,0.0625
City-temp.csv,84,3.3957033957033955,11.0,1.0,10.0,10.248046875,6.954097747802734,2.637062332938441,0.2932551319648094,11.0,11.0,30,33.03225806451613,0.0751953125
City-temp.csv,85,8.078750848608282,11.0,1.0,10.0,6.56640625,24.679183959960938,4.967814807333395,4.173998044965787,11.0,11.0,427,2.392523364485981,0.443359375
City-temp.csv,86,3.0425963488843815,11.0,1.0,10.0,2.015625,9.124755859375,3.020721082684563,0.9775171065493646,1.0,11.0,100,10.138613861386139,0.8984375
City-temp.csv,87,11.03448275862069,1.0,1.0,0.0,1.0,0.0,0.0,0.0,1.0,1.0,0,1024.0,1.0
City-temp.csv,88,11.03448275862069,1.0,1.0,0.0,1.0,0.0,0.0,0.0,1.0,1.0,0,1024.0,1.0
City-temp.csv,89,4.623753399818677,11.0,1.0,10.0,6.673828125,24.545955657958984,4.954387515925554,1.6813294232649072,11.0,11.0,172,5.91907514450867,0.4326171875
City-temp.csv,90,4.06272273699216,11.0,1.0,10.0,9.994140625,9.04684066772461,3.007796646670883,0.30303030303030304,11.0,11.0,31,32.0,0.1005859375
City-temp.csv,91,3.622693096377307,11.0,1.0,10.0,10.287109375,6.620693206787109,2.5730707737617924,0.4887585532746823,11.0,11.0,50,20.07843137254902,0.0712890625
City-temp.csv,92,4.276985743380855,11.0,1.0,10.0,10.697265625,2.9356956481933594,1.7133871857211258,0.3128054740957967,11.0,11.0,32,31.03030303030303,0.0302734375
City-temp.csv,93,4.276985743380855,11.0,1.0,10.0,10.86328125,1.3484954833984375,1.1612473825152148,0.15640273704789834,11.0,11.0,16,60.23529411764706,0.013671875
City-temp.csv,94,4.276985743380855,11.0,1.0,10.0,10.931640625,0.6789207458496094,0.8239664713139785,0.13685239491691104,11.0,11.0,14,68.26666666666667,0.0068359375
City-temp.csv,95,3.622693096377307,11.0,1.0,10.0,10.521484375,4.556179046630859,2.1345208002338274,0.37145650048875856,11.0,11.0,38,26.256410256410255,0.0478515625
City-temp.csv,96,2.740688685874912,11.0,1.0,10.0,10.248046875,6.954097747802734,2.637062332938441,0.3519061583577713,11.0,11.0,36,27.675675675675677,0.0751953125
City-temp.csv,97,1.632208922742111,11.0,1.0,10.0,9.796433878157504,10.587089808778178,3.253780848302199,0.2976190476190476,11.0,11.0,20,32.04761904761905,0.12035661218424963
Stocks-UK.csv,0,2.5766016713091924,11.0,1.0,10.0,10.5830078125,0.5595159530639648,0.7480079899733457,0.08993157380254155,11.0,11.0,79,12.8,9.765625E-4
Stocks-UK.csv,1,2.1066491112574064,13.0,1.0,12.0,11.1953125,1.83880615234375,1.3560258671366672,0.093841642228739,11.0,13.0,79,12.8,0.001953125
Stocks-UK.csv,2,2.4734982332155475,11.0,1.0,10.0,10.41796875,0.6788177490234375,0.8239039683260649,0.06842619745845552,11.0,11.0,57,17.655172413793103,0.001953125
Stocks-UK.csv,3,1.7857142857142858,11.0,1.0,10.0,9.783203125,0.6502647399902344,0.8063899428875799,0.12218963831867058,10.0,10.0,116,8.752136752136753,9.765625E-4
Stocks-UK.csv,4,2.6573426573426575,12.0,1.0,11.0,10.55078125,0.4524993896484375,0.6726807486827889,0.08895405669599218,11.0,11.0,76,13.2987012987013,9.765625E-4
Stocks-UK.csv,5,1.9047619047619047,13.0,1.0,12.0,10.7607421875,1.5999822616577148,1.2649040523524757,0.12023460410557185,11.0,13.0,108,9.394495412844037,9.765625E-4
Stocks-UK.csv,6,3.2525951557093427,11.0,1.0,10.0,10.6748046875,0.32100582122802734,0.5665737562118699,0.06842619745845552,11.0,11.0,54,18.618181818181817,9.765625E-4
Stocks-UK.csv,7,4.071246819338422,17.0,1.0,16.0,11.5595703125,1.0394201278686523,1.0195195573742821,0.03616813294232649,12.0,12.0,20,48.76190476190476,9.765625E-4
Stocks-UK.csv,8,2.2339800117577897,14.0,1.0,13.0,12.6806640625,0.7505636215209961,0.8663507497087979,0.06060606060606061,13.0,13.0,44,22.755555555555556,9.765625E-4
Stocks-UK.csv,9,2.3028209556706964,14.0,1.0,13.0,12.9697265625,1.7715444564819336,1.3309937852905,0.05180840664711633,14.0,14.0,46,21.78723404255319,9.765625E-4
Stocks-UK.csv,10,1.8380241240666284,14.0,1.0,13.0,12.9013671875,1.4326543807983398,1.1969354121247895,0.10068426197458455,13.0,14.0,87,11.636363636363637,9.765625E-4
Stocks-UK.csv,11,1.4993481095176011,13.0,1.0,12.0,11.25,1.384765625,1.1767606489851707,0.13098729227761485,12.0,12.0,109,9.309090909090909,9.765625E-4
Stocks-UK.csv,12,1.2738853503184713,13.0,1.0,12.0,11.578125,1.347412109375,1.160780818834891,0.09090909090909091,12.0,13.0,81,12.487804878048781,9.765625E-4
Stocks-UK.csv,13,1.6225961538461537,14.0,1.0,13.0,12.333984375,1.0486106872558594,1.0240169369965808,0.07429130009775171,12.0,13.0,63,16.0,9.765625E-4
Stocks-UK.csv,14,2.6657997399219764,12.0,1.0,11.0,11.427734375,1.3033714294433594,1.1416529373865594,0.06060606060606061,12.0,12.0,49,20.48,9.765625E-4
Stocks-UK.csv,15,2.3976608187134505,14.0,1.0,13.0,12.76171875,0.8123626708984375,0.9013116391672957,0.04594330400782014,13.0,13.0,24,40.96,0.001953125
Stocks-UK.csv,16,2.214242968282466,13.0,1.0,12.0,12.4560546875,0.6113500595092773,0.7818887769429085,0.06744868035190615,13.0,13.0,57,17.655172413793103,9.765625E-4
Stocks-UK.csv,17,3.013863773357444,13.0,1.0,12.0,12.4033203125,0.48088741302490234,0.6934604624813893,0.02737047898338221,12.0,13.0,20,48.76190476190476,9.765625E-4
Stocks-UK.csv,18,2.6024363233665557,17.0,1.0,16.0,13.33984375,8.626693725585938,2.93712337595579,0.0772238514173998,12.0,17.0,63,16.0,9.765625E-4
Stocks-UK.csv,19,2.246508803885853,13.0,1.0,12.0,12.2587890625,1.031661033630371,1.0157071593871785,0.05767350928641251,12.0,13.0,43,23.272727272727273,9.765625E-4
Stocks-UK.csv,20,3.288201160541586,13.0,1.0,12.0,11.5244140625,0.9056539535522461,0.951658527809343,0.05571847507331378,11.0,13.0,42,23.813953488372093,9.765625E-4
Stocks-UK.csv,21,2.2117962466487935,12.0,1.0,11.0,10.953125,1.462646484375,1.2093992245635847,0.08308895405669599,11.0,12.0,71,14.222222222222221,0.001953125
Stocks-UK.csv,22,2.4523160762942777,12.0,1.0,11.0,10.8388671875,0.9105596542358398,0.9542324948542885,0.07331378299120235,11.0,12.0,65,15.515151515151516,9.765625E-4
Stocks-UK.csv,23,1.556970983722576,12.0,1.0,11.0,10.3427734375,0.7389516830444336,0.8596229888994557,0.11632453567937438,10.0,11.0,100,10.138613861386139,0.001953125
Stocks-UK.csv,24,2.7202072538860103,13.0,1.0,12.0,11.4677734375,0.5497426986694336,0.7414463558946349,0.05083088954056696,12.0,12.0,38,26.256410256410255,9.765625E-4
Stocks-UK.csv,25,2.562373567093729,12.0,1.0,11.0,10.9599609375,1.087264060974121,1.0427195504900255,0.07038123167155426,11.0,12.0,59,17.066666666666666,0.001953125
Stocks-UK.csv,26,2.2972972972972974,12.0,1.0,11.0,10.837890625,2.0909080505371094,1.4459972512204542,0.11827956989247312,11.0,12.0,95,10.666666666666666,0.001953125
Stocks-UK.csv,27,2.122186495176849,13.0,1.0,12.0,11.5380859375,1.180190086364746,1.0863655399379832,0.05571847507331378,12.0,12.0,43,23.272727272727273,9.765625E-4
Stocks-UK.csv,28,3.0497592295345104,16.0,1.0,15.0,13.8408203125,9.958060264587402,3.1556394383052386,0.08211143695014662,16.0,16.0,61,16.516129032258064,9.765625E-4
Stocks-UK.csv,29,2.3134328358208953,11.0,1.0,10.0,9.6533203125,1.3241491317749023,1.1507167904288624,0.18475073313782991,10.0,11.0,158,6.440251572327044,0.001953125
Stocks-UK.csv,30,2.7636363636363637,11.0,1.0,10.0,10.10546875,1.6021575927734375,1.2657636401688261,0.08797653958944282,11.0,11.0,75,13.473684210526315,9.765625E-4
Stocks-UK.csv,31,2.1106259097525473,12.0,1.0,11.0,10.029296875,1.0596885681152344,1.0294117582946265,0.09970674486803519,10.0,11.0,87,11.636363636363637,9.765625E-4
Stocks-UK.csv,32,2.247191011235955,12.0,1.0,11.0,10.482421875,2.1110191345214844,1.452934662853593,0.093841642228739,11.0,12.0,83,12.19047619047619,9.765625E-4
Stocks-UK.csv,33,2.0516717325227964,11.0,1.0,10.0,9.5029296875,1.6347570419311523,1.2785761776019262,0.1739980449657869,9.0,11.0,165,6.168674698795181,9.765625E-4
Stocks-UK.csv,34,2.1725239616613417,13.0,1.0,12.0,11.59375,3.2373046875,1.7992511463105978,0.07917888563049853,12.0,13.0,65,15.515151515151516,0.001953125
Stocks-UK.csv,35,2.969502407704655,11.0,1.0,10.0,9.03515625,1.2702484130859375,1.1270529770538462,0.08797653958944282,9.0,10.0,74,13.653333333333334,0.001953125
Stocks-UK.csv,36,2.7602523659305995,11.0,1.0,10.0,9.21484375,1.7194671630859375,1.3112845469561278,0.10166177908113393,9.0,11.0,98,10.343434343434344,9.765625E-4
Stocks-UK.csv,37,2.832415420928403,10.0,1.0,9.0,9.2392578125,0.8656072616577148,0.930380170498982,0.10459433040078202,9.0,10.0,95,10.666666666666666,9.765625E-4
Stocks-UK.csv,38,2.3846153846153846,11.0,1.0,10.0,9.5078125,1.34564208984375,1.1600181420321622,0.0772238514173998,10.0,10.0,73,13.837837837837839,9.765625E-4
Stocks-UK.csv,39,2.8718703976435935,11.0,1.0,10.0,9.9931640625,1.473586082458496,1.2139135399436387,0.05278592375366569,10.0,11.0,48,20.897959183673468,9.765625E-4
Stocks-UK.csv,40,2.888368462138954,11.0,1.0,10.0,9.3681640625,1.648634910583496,1.2839917875841325,0.07135874877810362,10.0,11.0,64,15.753846153846155,9.765625E-4
Stocks-UK.csv,41,3.9350405996252342,12.0,1.0,11.0,11.9892578125,0.11804866790771484,0.3435821123220981,0.021505376344086023,12.0,12.0,2,341.3333333333333,9.765625E-4
Stocks-UK.csv,42,2.0475020475020473,10.0,1.0,9.0,8.8876953125,0.8789892196655273,0.9375442494440075,0.0801564027370479,9.0,10.0,74,13.653333333333334,9.765625E-4
Stocks-UK.csv,43,2.463891248937978,10.0,1.0,9.0,8.4921875,0.78704833984375,0.887157449297333,0.10850439882697947,9.0,9.0,103,9.846153846153847,9.765625E-4
Stocks-UK.csv,44,1.9118869492934332,11.0,1.0,10.0,8.669921875,1.9222984313964844,1.3864697729833435,0.14173998044965788,9.0,10.0,140,7.26241134751773,9.765625E-4
Stocks-UK.csv,45,3.4517258629314655,18.0,1.0,17.0,14.8701171875,20.34152889251709,4.51015841102251,0.056695992179863146,18.0,18.0,40,24.975609756097562,9.765625E-4
Stocks-UK.csv,46,2.503832396525294,16.0,1.0,15.0,14.541015625,1.9201927185058594,1.3857101856109233,0.07526881720430108,15.0,15.0,47,21.333333333333332,0.0029296875
Stocks-UK.csv,47,2.014218009478673,14.0,1.0,13.0,12.498046875,0.5175743103027344,0.7194263758736779,0.08993157380254155,13.0,13.0,78,12.962025316455696,9.765625E-4
Stocks-UK.csv,48,2.0765027322404372,15.0,1.0,14.0,13.6806640625,1.949782371520996,1.396346078707208,0.0801564027370479,14.0,15.0,68,14.840579710144928,9.765625E-4
Stocks-UK.csv,49,2.4473534433693795,14.0,1.0,13.0,13.0986328125,0.38577938079833984,0.6211114077187279,0.07526881720430108,13.0,14.0,56,17.964912280701753,9.765625E-4
Stocks-UK.csv,50,2.9443838604143946,19.0,1.0,18.0,13.5439453125,2.4922094345092773,1.5786733146884055,0.10166177908113393,13.0,14.0,79,12.8,9.765625E-4
Stocks-UK.csv,51,1.5951595159515952,15.0,1.0,14.0,13.5517578125,1.2121648788452148,1.1009835960836178,0.0801564027370479,13.0,15.0,69,14.628571428571428,9.765625E-4
Stocks-UK.csv,52,1.7474633596392333,14.0,1.0,13.0,13.2294921875,0.8194036483764648,0.9052091738247381,0.08504398826979472,13.0,14.0,70,14.422535211267606,9.765625E-4
Stocks-UK.csv,53,1.9933554817275747,15.0,1.0,14.0,13.509765625,0.8866233825683594,0.9416068089008062,0.06744868035190615,14.0,14.0,49,20.48,9.765625E-4
Stocks-UK.csv,54,2.581311306143521,15.0,1.0,14.0,14.5302734375,1.6025991439819336,1.26593804903002,0.07233626588465299,15.0,15.0,41,24.38095238095238,9.765625E-4
Stocks-UK.csv,55,1.7291066282420748,15.0,1.0,14.0,12.8369140625,1.505629539489746,1.2270409689532562,0.13587487781036167,13.0,14.0,113,8.982456140350877,9.765625E-4
Stocks-UK.csv,56,1.5133876600698486,14.0,1.0,13.0,12.6982421875,1.0407781600952148,1.0201853557541467,0.1378299120234604,13.0,14.0,122,8.325203252032521,9.765625E-4
Stocks-UK.csv,57,1.9144144144144144,14.0,1.0,13.0,13.2265625,1.30804443359375,1.1436977020147194,0.08797653958944282,14.0,14.0,78,12.962025316455696,0.001953125
Stocks-UK.csv,58,2.5555555555555554,14.0,1.0,13.0,13.4404296875,1.4730138778686523,1.2136778311679968,0.07233626588465299,14.0,14.0,45,22.26086956521739,0.001953125
Stocks-UK.csv,59,1.3919821826280623,15.0,1.0,14.0,13.345703125,1.6129112243652344,1.2700044190337427,0.08406647116324535,14.0,14.0,70,14.422535211267606,9.765625E-4
Stocks-UK.csv,60,2.0642201834862384,14.0,1.0,13.0,12.974609375,1.5130271911621094,1.230051702637783,0.09286412512218964,13.0,14.0,79,12.8,9.765625E-4
Stocks-UK.csv,61,2.645985401459854,19.0,1.0,18.0,16.384765625,19.09414291381836,4.3696845325284475,0.05180840664711633,19.0,19.0,37,26.94736842105263,9.765625E-4
Stocks-UK.csv,62,2.4164889836531627,12.0,1.0,11.0,10.33984375,0.7145843505859375,0.8453309118835874,0.09579667644183773,10.0,11.0,84,12.047058823529412,9.765625E-4
Stocks-UK.csv,63,1.4757554462403373,14.0,1.0,13.0,10.4462890625,1.827193260192871,1.3517371268826166,0.0967741935483871,11.0,12.0,88,11.50561797752809,0.001953125
Stocks-UK.csv,64,2.696629213483146,11.0,1.0,10.0,9.75390625,1.0175628662109375,1.0087432112341266,0.10850439882697947,10.0,11.0,94,10.778947368421052,0.001953125
Stocks-UK.csv,65,2.790395846852693,12.0,1.0,11.0,11.421875,0.632568359375,0.7953416620390258,0.06060606060606061,11.0,12.0,42,23.813953488372093,0.0029296875
Stocks-UK.csv,66,2.5188916876574305,14.0,1.0,13.0,11.8359375,0.26800537109375,0.5176923517821661,0.05083088954056696,12.0,12.0,23,42.666666666666664,9.765625E-4
Stocks-UK.csv,67,2.538370720188902,13.0,1.0,12.0,12.6708984375,0.3789968490600586,0.61562719974028,0.05180840664711633,13.0,13.0,25,39.38461538461539,9.765625E-4
Stocks-UK.csv,68,3.002001334222815,12.0,1.0,11.0,11.0908203125,0.35991573333740234,0.5999297736713876,0.07135874877810362,11.0,12.0,56,17.964912280701753,9.765625E-4
Stocks-UK.csv,69,1.466275659824047,11.0,1.0,10.0,9.8837890625,1.385909080505371,1.1772463975334013,0.15542521994134897,10.0,11.0,141,7.211267605633803,9.765625E-4
Stocks-UK.csv,70,2.4516129032258065,14.0,1.0,13.0,11.5107421875,3.798712730407715,1.949028663310962,0.05180840664711633,11.0,14.0,39,25.6,9.765625E-4
Stocks-UK.csv,71,2.599388379204893,11.0,1.0,10.0,9.5703125,0.78411865234375,0.8855047443936989,0.0772238514173998,10.0,10.0,74,13.653333333333334,9.765625E-4
Stocks-UK.csv,72,3.047484053862509,12.0,1.0,11.0,10.3876953125,2.3799657821655273,1.5427137719504314,0.06647116324535679,11.0,12.0,59,17.066666666666666,9.765625E-4
Stocks-UK.csv,73,2.4539877300613497,11.0,1.0,10.0,9.4912109375,1.589766502380371,1.2608594300636258,0.12512218963831867,10.0,11.0,96,10.556701030927835,0.0029296875
Stocks-UK.csv,74,2.1951219512195124,11.0,1.0,10.0,8.7958984375,1.5765066146850586,1.2555901459811871,0.14760508308895406,9.0,10.0,135,7.529411764705882,0.001953125
Stocks-UK.csv,75,1.9455252918287937,11.0,1.0,10.0,9.31640625,1.4448089599609375,1.2020020632099337,0.1241446725317693,10.0,10.0,107,9.481481481481481,0.0029296875
Stocks-UK.csv,76,2.589223233030091,13.0,1.0,12.0,10.57421875,0.6624603271484375,0.8139166586011356,0.047898338220918865,11.0,11.0,42,23.813953488372093,9.765625E-4
Stocks-UK.csv,77,2.4078254326561326,11.0,1.0,10.0,9.7470703125,0.5580968856811523,0.7470588234410677,0.059628543499511244,10.0,10.0,53,18.962962962962962,9.765625E-4
Stocks-UK.csv,78,2.6133743274404306,11.0,1.0,10.0,9.478515625,1.4682884216308594,1.2117295166953965,0.08895405669599218,10.0,11.0,79,12.8,0.001953125
Stocks-UK.csv,79,3.229527104959631,15.0,1.0,14.0,12.94140625,7.3989105224609375,2.720093844421721,0.0635386119257087,15.0,15.0,39,25.6,0.001953125
Stocks-UK.csv,80,1.4218009478672986,12.0,1.0,11.0,9.1689453125,1.4685277938842773,1.2118282856429279,0.12316715542521994,9.0,10.0,115,8.827586206896552,9.765625E-4
Stocks-UK.csv,81,2.1196063588190763,12.0,1.0,11.0,9.650390625,1.8172264099121094,1.348045403505427,0.10850439882697947,10.0,11.0,94,10.778947368421052,0.0029296875
Stocks-UK.csv,82,1.433389544688027,12.0,1.0,11.0,8.4736328125,2.00711727142334,1.4167276631107828,0.17204301075268819,9.0,10.0,161,6.320987654320987,0.001953125
Stocks-UK.csv,83,3.0373831775700935,11.0,1.0,10.0,9.328125,1.372802734375,1.1716666481448552,0.11925708699902249,9.0,11.0,111,9.142857142857142,9.765625E-4
Stocks-UK.csv,84,2.132895816242822,10.0,1.0,9.0,8.7734375,1.20648193359375,1.0983997148550932,0.15542521994134897,9.0,10.0,139,7.314285714285714,9.765625E-4
Stocks-UK.csv,85,1.8771331058020477,10.0,1.0,9.0,8.3515625,1.54046630859375,1.2411552314653271,0.14760508308895406,8.0,10.0,136,7.474452554744525,9.765625E-4
Stocks-UK.csv,86,2.7439024390243905,14.0,1.0,13.0,12.224609375,9.26205062866211,3.0433617314841346,0.0469208211143695,14.0,14.0,38,26.256410256410255,9.765625E-4
Stocks-UK.csv,87,3.1327287716405605,10.0,1.0,9.0,8.8544921875,2.128241539001465,1.4588493887312237,0.04007820136852395,9.0,10.0,38,26.256410256410255,9.765625E-4
Stocks-UK.csv,88,2.624179943767573,9.0,1.0,8.0,7.6328125,1.34759521484375,1.1608596878364543,0.10948191593352884,8.0,9.0,106,9.570093457943925,9.765625E-4
Stocks-UK.csv,89,3.2490974729241877,9.0,1.0,8.0,7.9892578125,0.48523616790771484,0.6965889518989766,0.06647116324535679,8.0,9.0,62,16.253968253968253,9.765625E-4
Stocks-UK.csv,90,3.5583941605839415,9.0,1.0,8.0,7.9423828125,0.6929693222045898,0.8324477894766673,0.07233626588465299,8.0,9.0,70,14.422535211267606,9.765625E-4
Stocks-UK.csv,91,2.447869446962829,10.0,1.0,9.0,7.95703125,1.0684661865234375,1.0336663806680748,0.0801564027370479,8.0,9.0,76,13.2987012987013,9.765625E-4
Stocks-UK.csv,92,2.938706968933669,10.0,1.0,9.0,8.6611328125,0.9291143417358398,0.9639057743036089,0.06060606060606061,8.0,10.0,54,18.618181818181817,9.765625E-4
Stocks-UK.csv,93,1.833180568285976,9.0,1.0,8.0,7.8310546875,1.8513402938842773,1.36063966349812,0.10068426197458455,8.0,9.0,98,10.343434343434344,9.765625E-4
Stocks-UK.csv,94,2.9783393501805056,9.0,1.0,8.0,8.052734375,0.5616722106933594,0.7494479372800751,0.06940371456500488,8.0,9.0,61,16.516129032258064,9.765625E-4
Stocks-UK.csv,95,3.079710144927536,9.0,1.0,8.0,7.9365234375,2.0633535385131836,1.4364377948638025,0.08797653958944282,9.0,9.0,82,12.337349397590362,0.001953125
Stocks-UK.csv,96,2.4413145539906105,9.0,1.0,8.0,7.6904296875,1.0496740341186523,1.02453600918594,0.06549364613880743,8.0,9.0,61,16.516129032258064,0.001953125
Stocks-UK.csv,97,2.9986962190352022,18.0,1.0,17.0,8.256676557863502,3.5854524562160455,1.8935291009688882,0.09658246656760773,8.0,9.0,53,12.481481481481481,0.001483679525222552
Bird-migration.csv,0,2.551775147928994,21.0,1.0,20.0,20.4306640625,1.264723777770996,1.1245993854573264,0.059628543499511244,21.0,21.0,18,53.89473684210526,9.765625E-4
Bird-migration.csv,1,2.3462495556345537,22.0,1.0,21.0,21.244140625,1.8329734802246094,1.3538735096841985,0.042033235581622676,21.0,22.0,7,128.0,9.765625E-4
Bird-migration.csv,2,2.4069198946972548,21.0,1.0,20.0,20.044921875,1.4686851501464844,1.2118932090520536,0.09090909090909091,20.0,21.0,33,30.11764705882353,0.001953125
Bird-migration.csv,3,1.877581674802854,22.0,1.0,21.0,20.0947265625,1.4802846908569336,1.2166695076547835,0.05571847507331378,20.0,21.0,25,39.38461538461539,9.765625E-4
Bird-migration.csv,4,2.1982116244411327,22.0,1.0,21.0,20.2802734375,3.1392202377319336,1.7717844783528085,0.04594330400782014,19.0,22.0,13,73.14285714285714,9.765625E-4
Bird-migration.csv,5,1.9880715705765408,20.0,1.0,19.0,18.9130859375,3.325453758239746,1.8235826710735508,0.06451612903225806,20.0,20.0,29,34.13333333333333,9.765625E-4
Bird-migration.csv,6,1.95160031225605,21.0,1.0,20.0,19.296875,2.253662109375,1.501220206823436,0.05474095796676442,19.0,21.0,27,36.57142857142857,9.765625E-4
Bird-migration.csv,7,3.0823253999219666,20.0,1.0,19.0,19.3427734375,3.9948110580444336,1.9987023435330318,0.08113391984359726,20.0,20.0,30,33.03225806451613,9.765625E-4
Bird-migration.csv,8,2.0205871139916125,21.0,1.0,20.0,19.75390625,1.0527191162109375,1.026021011583553,0.07233626588465299,20.0,20.0,38,26.256410256410255,9.765625E-4
Bird-migration.csv,9,2.0460358056265986,22.0,1.0,21.0,20.671875,2.659912109375,1.6309236982075526,0.04887585532746823,21.0,22.0,12,78.76923076923077,9.765625E-4
Bird-migration.csv,10,1.9259259259259258,21.0,1.0,20.0,20.1953125,1.19818115234375,1.0946146136169341,0.187683284457478,20.0,21.0,160,6.3602484472049685,9.765625E-4
Bird-migration.csv,11,2.420790316838733,22.0,1.0,21.0,21.255859375,1.5458641052246094,1.2433278349753976,0.04985337243401759,22.0,22.0,14,68.26666666666667,9.765625E-4
Bird-migration.csv,12,1.8838304552590266,21.0,1.0,20.0,19.1416015625,2.7094411849975586,1.646038026595242,0.07820136852394917,20.0,21.0,47,21.333333333333332,9.765625E-4
Bird-migration.csv,13,0.4429678848283499,15.0,1.0,14.0,12.2353515625,5.451445579528809,2.3348330945763145,1.0156402737047898,14.0,14.0,437,2.3378995433789953,9.765625E-4
Bird-migration.csv,14,0.2154011847065159,15.0,1.0,14.0,13.23828125,1.6404876708984375,1.2808152368309949,0.782991202346041,13.0,14.0,422,2.42080378250591,0.0029296875
Bird-migration.csv,15,1.2745618693574083,15.0,1.0,14.0,13.755859375,0.9247703552246094,0.9616498090389294,0.46529814271749753,14.0,14.0,271,3.764705882352941,9.765625E-4
Bird-migration.csv,16,1.5279241306638567,16.0,1.0,15.0,13.751953125,1.1240196228027344,1.0601979168073923,0.4701857282502444,14.0,14.0,264,3.8641509433962264,9.765625E-4
Bird-migration.csv,17,1.014957264957265,15.0,1.0,14.0,13.5166015625,1.7321462631225586,1.3161102777208902,0.6842619745845552,14.0,14.0,326,3.1314984709480123,9.765625E-4
Bird-migration.csv,18,2.0260492040520983,22.0,1.0,21.0,20.8369140625,2.157973289489746,1.469004182938138,0.04985337243401759,21.0,22.0,14,68.26666666666667,9.765625E-4
Bird-migration.csv,19,2.565982404692082,21.0,1.0,20.0,20.603515625,0.9228782653808594,0.9606655325246448,0.04105571847507331,21.0,21.0,12,78.76923076923077,9.765625E-4
Bird-migration.csv,20,1.2639405204460967,22.0,1.0,21.0,20.2451171875,1.1537847518920898,1.0741437296247136,0.06940371456500488,20.0,21.0,41,24.38095238095238,9.765625E-4
Bird-migration.csv,21,2.768549280177187,21.0,1.0,20.0,20.4892578125,1.3436346054077148,1.1591525375927514,0.044965786901270774,21.0,21.0,17,56.888888888888886,9.765625E-4
Bird-migration.csv,22,2.179440610243371,22.0,1.0,21.0,20.7431640625,1.497511863708496,1.2237286724223209,0.07233626588465299,21.0,21.0,47,21.333333333333332,9.765625E-4
Bird-migration.csv,23,2.717825739408473,19.0,1.0,18.0,18.861328125,0.6253013610839844,0.790759989556872,0.04985337243401759,19.0,19.0,20,48.76190476190476,9.765625E-4
Bird-migration.csv,24,1.5440877691995123,21.0,1.0,20.0,18.3310546875,4.510519981384277,2.123798479466514,0.21505376344086022,20.0,20.0,182,5.595628415300546,9.765625E-4
Bird-migration.csv,25,2.1634615384615383,20.0,1.0,19.0,18.7509765625,3.7084951400756836,1.925745346632229,0.07526881720430108,19.0,20.0,48,20.897959183673468,9.765625E-4
Bird-migration.csv,26,2.3837902264600714,20.0,1.0,19.0,18.9853515625,4.164824485778809,2.040790162113393,0.047898338220918865,20.0,20.0,24,40.96,9.765625E-4
Bird-migration.csv,27,1.3955516790231137,18.0,1.0,17.0,17.0693359375,0.8047628402709961,0.8970857485608587,0.11436950146627566,17.0,18.0,85,11.906976744186046,9.765625E-4
Bird-migration.csv,28,3.271812080536913,18.0,1.0,17.0,17.8896484375,0.4145803451538086,0.6438791386229318,0.08406647116324535,18.0,18.0,59,17.066666666666666,9.765625E-4
Bird-migration.csv,29,3.500221533008418,17.0,1.0,16.0,16.9765625,0.26116943359375,0.5110473887945716,0.03519061583577713,17.0,17.0,7,128.0,9.765625E-4
Bird-migration.csv,30,1.8220793140407288,15.0,1.0,14.0,13.9609375,0.21917724609375,0.4681636958305823,0.11143695014662756,14.0,14.0,80,12.641975308641975,9.765625E-4
Bird-migration.csv,31,2.1436227224008575,22.0,1.0,21.0,21.0771484375,2.7840871810913086,1.6685584140482792,0.08504398826979472,21.0,22.0,26,37.925925925925924,9.765625E-4
Bird-migration.csv,32,1.951827242524917,19.0,1.0,18.0,17.986328125,1.2244224548339844,1.1065362419884783,0.09579667644183773,18.0,19.0,65,15.515151515151516,9.765625E-4
Bird-migration.csv,33,2.0966595593461266,22.0,1.0,21.0,21.302734375,0.7755393981933594,0.8806471473827411,0.04594330400782014,21.0,22.0,11,85.33333333333333,9.765625E-4
Bird-migration.csv,34,1.7884322678843227,21.0,1.0,20.0,19.734375,1.570068359375,1.2530236866775504,0.0967741935483871,20.0,21.0,65,15.515151515151516,9.765625E-4
Bird-migration.csv,35,2.038587550054605,22.0,1.0,21.0,20.7705078125,2.952216148376465,1.718201428347813,0.059628543499511244,21.0,22.0,13,73.14285714285714,0.001953125
Bird-migration.csv,36,1.6715116279069768,22.0,1.0,21.0,20.76953125,2.6714935302734375,1.6344704127861835,0.08504398826979472,21.0,21.0,25,39.38461538461539,9.765625E-4
Bird-migration.csv,37,1.6715116279069768,23.0,1.0,22.0,20.7548828125,3.62058162689209,1.9027826010587994,0.059628543499511244,22.0,22.0,21,46.54545454545455,9.765625E-4
Bird-migration.csv,38,2.060390763765542,22.0,1.0,21.0,21.275390625,2.4847068786621094,1.5762953018587949,0.0469208211143695,22.0,22.0,21,46.54545454545455,9.765625E-4
Bird-migration.csv,39,2.3655913978494625,15.0,1.0,14.0,13.9384765625,0.4210195541381836,0.6488601961425771,0.09970674486803519,14.0,14.0,45,22.26086956521739,0.001953125
Bird-migration.csv,40,1.6745384285100902,20.0,1.0,19.0,17.4521484375,6.277007102966309,2.5053955980974956,0.05474095796676442,17.0,20.0,28,35.310344827586206,9.765625E-4
Bird-migration.csv,41,1.436130007558579,22.0,1.0,21.0,19.8974609375,3.388899803161621,1.8408964672576296,0.06744868035190615,21.0,22.0,30,33.03225806451613,9.765625E-4
Bird-migration.csv,42,1.7662532882375046,22.0,1.0,21.0,20.015625,5.068115234375,2.2512474840352406,0.08602150537634409,21.0,22.0,42,23.813953488372093,9.765625E-4
Bird-migration.csv,43,1.8461538461538463,22.0,1.0,21.0,19.5888671875,1.4842901229858398,1.2183144598115216,0.05571847507331378,19.0,21.0,25,39.38461538461539,9.765625E-4
Bird-migration.csv,44,1.9501625135427951,22.0,1.0,21.0,20.9501953125,0.44380855560302734,0.6661895793263561,0.02737047898338221,21.0,21.0,11,85.33333333333333,9.765625E-4
Bird-migration.csv,45,2.0677361853832443,23.0,1.0,22.0,21.154296875,5.255489349365234,2.292485408757324,0.06842619745845552,22.0,23.0,37,26.94736842105263,9.765625E-4
Bird-migration.csv,46,1.2820512820512822,18.0,1.0,17.0,15.6181640625,2.325881004333496,1.5250839335372648,0.12218963831867058,15.0,18.0,98,10.343434343434344,9.765625E-4
Bird-migration.csv,47,1.9990480723465016,18.0,1.0,17.0,15.48828125,1.4002532958984375,1.183322988832059,0.23851417399804498,15.0,17.0,219,4.654545454545454,9.765625E-4
Bird-migration.csv,48,2.1120293847566574,18.0,1.0,17.0,16.3046875,0.56536865234375,0.7519100028219801,0.06842619745845552,16.0,17.0,46,21.78723404255319,9.765625E-4
Bird-migration.csv,49,2.4379232505643342,18.0,1.0,17.0,16.564453125,0.5778770446777344,0.7601822443846833,0.10263929618768329,17.0,17.0,78,12.962025316455696,9.765625E-4
Bird-migration.csv,50,1.7260374586852736,22.0,1.0,21.0,20.5224609375,4.946761131286621,2.224131545409718,0.06842619745845552,22.0,22.0,19,51.2,9.765625E-4
Bird-migration.csv,51,1.8579234972677596,22.0,1.0,21.0,20.7275390625,3.288069725036621,1.8133035391342016,0.05083088954056696,22.0,22.0,20,48.76190476190476,9.765625E-4
Bird-migration.csv,52,2.338740098076198,21.0,1.0,20.0,20.0322265625,1.2460317611694336,1.116257927707317,0.04105571847507331,20.0,21.0,11,85.33333333333333,9.765625E-4
Bird-migration.csv,53,1.727447216890595,21.0,1.0,20.0,19.5087890625,1.072188377380371,1.0354652951115122,0.19452590420332355,20.0,21.0,168,6.059171597633136,9.765625E-4
Bird-migration.csv,54,2.3965983764978738,21.0,1.0,20.0,19.509765625,1.7225608825683594,1.3124636690470177,0.08699902248289346,20.0,20.0,42,23.813953488372093,9.765625E-4
Bird-migration.csv,55,2.4691358024691357,20.0,1.0,19.0,18.658203125,6.769893646240234,2.601901928636096,0.46920821114369504,20.0,20.0,99,10.24,0.001953125
Bird-migration.csv,56,1.7017828200972447,22.0,1.0,21.0,18.341796875,6.873409271240234,2.6217187628043237,0.4125122189638319,20.0,21.0,118,8.605042016806722,9.765625E-4
Bird-migration.csv,57,1.9062748212867355,21.0,1.0,20.0,18.9404296875,2.0677404403686523,1.437963991332416,0.08113391984359726,19.0,20.0,40,24.975609756097562,9.765625E-4
Bird-migration.csv,58,2.542372881355932,22.0,1.0,21.0,21.3896484375,3.4682912826538086,1.8623349007774646,0.06060606060606061,22.0,22.0,11,85.33333333333333,9.765625E-4
Bird-migration.csv,59,1.8410041841004183,21.0,1.0,20.0,17.916015625,1.6804466247558594,1.296320417472416,0.07820136852394917,18.0,20.0,43,23.272727272727273,9.765625E-4
Bird-migration.csv,60,2.041602465331279,21.0,1.0,20.0,19.5576171875,1.1333990097045898,1.0646121405021596,0.06451612903225806,19.0,21.0,32,31.03030303030303,9.765625E-4
Bird-migration.csv,61,2.1285140562248994,20.0,1.0,19.0,18.580078125,1.2377281188964844,1.1125323001587344,0.2130987292277615,19.0,20.0,187,5.446808510638298,9.765625E-4
Bird-migration.csv,62,2.035802035802036,23.0,1.0,22.0,21.5380859375,2.559096336364746,1.5997175801886863,0.05865102639296188,22.0,22.0,21,46.54545454545455,9.765625E-4
Bird-migration.csv,63,2.5715320536037667,21.0,1.0,20.0,20.8818359375,0.8034200668334961,0.8963370274810118,0.039100684261974585,21.0,21.0,11,85.33333333333333,9.765625E-4
Bird-migration.csv,64,2.4355300859598854,22.0,1.0,21.0,21.0927734375,1.2306509017944336,1.1093470610203253,0.05571847507331378,21.0,22.0,25,39.38461538461539,9.765625E-4
Bird-migration.csv,65,1.9764348156594451,21.0,1.0,20.0,19.8427734375,0.9000844955444336,0.9487278300674191,0.05865102639296188,20.0,21.0,32,31.03030303030303,9.765625E-4
Bird-migration.csv,66,1.5585357013410657,23.0,1.0,22.0,20.8408203125,3.8818883895874023,1.9702508443310975,0.06940371456500488,22.0,22.0,18,53.89473684210526,9.765625E-4
Bird-migration.csv,67,1.8888888888888888,22.0,1.0,21.0,20.390625,2.874755859375,1.6955105011102114,0.056695992179863146,21.0,21.0,17,56.888888888888886,9.765625E-4
Bird-migration.csv,68,2.2001419446415897,22.0,1.0,21.0,21.30078125,3.8177337646484375,1.9539021891201303,0.0635386119257087,22.0,22.0,28,35.310344827586206,9.765625E-4
Bird-migration.csv,69,2.6772793053545585,21.0,1.0,20.0,20.931640625,0.4972801208496094,0.7051809135602078,0.021505376344086023,21.0,21.0,6,146.28571428571428,9.765625E-4
Bird-migration.csv,70,3.1026252983293556,20.0,1.0,19.0,18.9267578125,2.495612144470215,1.5797506589554615,0.0967741935483871,20.0,20.0,66,15.283582089552239,9.765625E-4
Bird-migration.csv,71,2.74294670846395,20.0,1.0,19.0,19.1435546875,3.0057592391967773,1.7337125595659673,0.17595307917888564,20.0,20.0,79,12.8,9.765625E-4
Bird-migration.csv,72,2.59601706970128,22.0,1.0,21.0,21.2998046875,1.8427343368530273,1.357473512394635,0.039100684261974585,22.0,22.0,6,146.28571428571428,9.765625E-4
Bird-migration.csv,73,2.3721275018532246,23.0,1.0,22.0,20.353515625,2.6562767028808594,1.629808793349962,0.09872922776148582,20.0,23.0,68,14.840579710144928,9.765625E-4
Bird-migration.csv,74,1.8411552346570397,23.0,1.0,22.0,20.9208984375,3.7525320053100586,1.9371453237457583,0.04887585532746823,22.0,22.0,16,60.23529411764706,9.765625E-4
Bird-migration.csv,75,2.4096385542168677,23.0,1.0,22.0,21.958984375,1.0002708435058594,1.0001354125846456,0.05083088954056696,22.0,22.0,16,60.23529411764706,9.765625E-4
Bird-migration.csv,76,1.781652767247915,22.0,1.0,21.0,19.83203125,4.1807708740234375,2.0446933447398505,0.08602150537634409,21.0,22.0,43,23.272727272727273,9.765625E-4
Bird-migration.csv,77,1.7600574712643677,22.0,1.0,21.0,20.9775390625,3.387190818786621,1.8404322369450665,0.08406647116324535,22.0,22.0,53,18.962962962962962,9.765625E-4
Bird-migration.csv,78,2.314474650991918,22.0,1.0,21.0,20.546875,2.943115234375,1.7155510002255836,0.042033235581622676,21.0,22.0,10,93.0909090909091,9.765625E-4
Bird-migration.csv,79,2.2660818713450293,22.0,1.0,21.0,20.693359375,3.5016746520996094,1.871276209462304,0.044965786901270774,22.0,22.0,11,85.33333333333333,9.765625E-4
Bird-migration.csv,80,2.009499451954695,22.0,1.0,21.0,20.638671875,3.0237388610839844,1.7388901233499443,0.08211143695014662,21.0,22.0,53,18.962962962962962,9.765625E-4
Bird-migration.csv,81,2.0702402957486137,22.0,1.0,21.0,20.4443359375,1.328932762145996,1.1527934603154184,0.0469208211143695,20.0,22.0,16,60.23529411764706,9.765625E-4
Bird-migration.csv,82,2.5641025641025643,21.0,1.0,20.0,19.0791015625,4.441985130310059,2.10760174850707,0.13294232649071358,21.0,21.0,107,9.481481481481481,9.765625E-4
Bird-migration.csv,83,2.021993614757006,22.0,1.0,21.0,21.3125,1.701171875,1.3042897971693255,0.05083088954056696,22.0,22.0,23,42.666666666666664,9.765625E-4
Bird-migration.csv,84,2.314296379245987,21.0,1.0,20.0,20.166015625,1.8318138122558594,1.3534451641111507,0.10850439882697947,20.0,21.0,61,16.516129032258064,9.765625E-4
Bird-migration.csv,85,2.180339985218034,22.0,1.0,21.0,20.421875,1.851318359375,1.360631603107542,0.059628543499511244,20.0,22.0,31,32.0,9.765625E-4
Bird-migration.csv,86,2.8127313101406366,21.0,1.0,20.0,20.41015625,1.2888031005859375,1.135254641296805,0.09970674486803519,21.0,21.0,70,14.422535211267606,9.765625E-4
Bird-migration.csv,87,2.05607476635514,23.0,1.0,22.0,21.20410783055199,2.9660421757923783,1.7222201298882724,0.07583547557840617,22.0,22.0,21,35.40909090909091,0.0012836970474967907
TY-Fuel.csv,0,0.9150326797385621,7.0,1.0,6.0,4.3984375,5.02093505859375,2.240744309062002,0.8504398826979472,5.0,7.0,464,2.2021505376344086,0.2197265625
TY-Fuel.csv,1,0.9655172413793104,7.0,1.0,6.0,4.267578125,5.371761322021484,2.317706047371298,0.7282502443792767,5.0,7.0,392,2.6055979643765905,0.259765625
TY-Fuel.csv,2,1.6783216783216783,7.0,1.0,6.0,4.06640625,5.1440277099609375,2.2680449091587533,0.7546432062561095,5.0,6.0,416,2.4556354916067145,0.2861328125
TY-Fuel.csv,3,0.2680965147453083,7.0,1.0,6.0,4.337890625,5.534267425537109,2.3525023752457956,0.7976539589442815,6.0,7.0,404,2.528395061728395,0.2529296875
TY-Fuel.csv,4,1.5804597701149425,7.0,1.0,6.0,4.080078125,5.317806243896484,2.306036912951847,0.6911045943304008,5.0,6.0,389,2.6256410256410256,0.271484375
TY-Fuel.csv,5,0.26420079260237783,7.0,1.0,6.0,4.302734375,4.984523773193359,2.2326047059865655,0.8504398826979472,5.0,6.0,451,2.265486725663717,0.2119140625
TY-Fuel.csv,6,1.0796221322537112,7.0,1.0,6.0,4.2666015625,4.847868919372559,2.201787664460985,0.8387096774193549,5.0,6.0,419,2.4380952380952383,0.2392578125
TY-Fuel.csv,7,0.6443298969072165,7.0,1.0,6.0,4.48828125,4.7459564208984375,2.1785216135945125,0.8504398826979472,6.0,7.0,416,2.4556354916067145,0.2138671875
TY-Fuel.csv,8,0.583941605839416,7.0,1.0,6.0,3.9208984375,5.188078880310059,2.277735471978706,0.7067448680351907,5.0,6.0,400,2.5536159600997506,0.302734375
TY-Fuel.csv,9,1.1611030478955007,7.0,1.0,6.0,3.8671875,5.78704833984375,2.405628470866553,0.7321603128054741,5.0,7.0,406,2.515970515970516,0.32421875
TY-Fuel.csv,10,1.4106583072100314,7.0,1.0,6.0,3.421875,5.708740234375,2.389297016776064,0.7341153470185728,3.0,6.0,368,2.7750677506775068,0.373046875
TY-Fuel.csv,11,2.0864381520119224,7.0,1.0,6.0,3.7373046875,5.396811485290527,2.323103847289339,0.6940371456500489,5.0,6.0,374,2.7306666666666666,0.3388671875
TY-Fuel.csv,12,0.0,7.0,1.0,6.0,4.1787109375,5.004195213317871,2.2370058590262722,0.7536656891495601,5.0,6.0,415,2.4615384615384617,0.2431640625
TY-Fuel.csv,13,1.2587412587412588,7.0,1.0,6.0,4.1220703125,5.206778526306152,2.2818366563595545,0.6920821114369502,5.0,7.0,410,2.491484184914842,0.25390625
TY-Fuel.csv,14,4.141104294478527,7.0,1.0,6.0,3.3779296875,5.373770713806152,2.318139494035282,0.7390029325513197,3.0,6.0,391,2.6122448979591835,0.40234375
TY-Fuel.csv,15,0.0,7.0,1.0,6.0,4.1806640625,5.435133934020996,2.331337370270763,0.7741935483870968,5.0,7.0,423,2.4150943396226414,0.267578125
TY-Fuel.csv,16,0.7309941520467836,7.0,1.0,6.0,3.931640625,5.438686370849609,2.332099134009875,0.7096774193548387,5.0,6.0,380,2.6876640419947506,0.29296875
TY-Fuel.csv,17,0.5161290322580645,7.0,1.0,6.0,4.451171875,4.335506439208984,2.0821878971910737,0.8005865102639296,6.0,6.0,422,2.42080378250591,0.203125
TY-Fuel.csv,18,0.8905852417302799,7.0,1.0,6.0,4.6826171875,4.04282283782959,2.0106772087606677,0.7800586510263929,6.0,6.0,404,2.528395061728395,0.1650390625
TY-Fuel.csv,19,0.0,7.0,1.0,6.0,3.9033203125,5.530692100524902,2.3517423541971816,0.6891495601173021,5.0,6.0,383,2.6666666666666665,0.3154296875
TY-Fuel.csv,20,1.4195583596214512,7.0,1.0,6.0,3.607421875,5.707210540771484,2.3889768815900005,0.6021505376344086,4.0,6.0,351,2.909090909090909,0.3623046875
TY-Fuel.csv,21,0.0,7.0,1.0,6.0,3.859375,6.083740234375,2.4665239172517666,0.7194525904203324,5.0,7.0,379,2.694736842105263,0.3193359375
TY-Fuel.csv,22,0.49875311720698257,7.0,1.0,6.0,4.7763671875,3.84354305267334,1.9604956140408323,0.8064516129032258,6.0,6.0,484,2.111340206185567,0.12890625
TY-Fuel.csv,23,1.2084592145015105,7.0,1.0,6.0,3.6162109375,5.459151268005371,2.3364826701701364,0.7214076246334311,4.0,7.0,419,2.4380952380952383,0.3154296875
TY-Fuel.csv,24,0.9320905459387483,7.0,1.0,6.0,4.4501953125,5.282675743103027,2.2984072187284452,0.6754643206256109,6.0,7.0,407,2.5098039215686274,0.25
TY-Fuel.csv,25,0.8207934336525308,7.0,1.0,6.0,4.3955078125,5.049628257751465,2.2471377923375027,0.667644183773216,5.0,7.0,373,2.7379679144385025,0.2109375
TY-Fuel.csv,26,1.1146496815286624,7.0,1.0,6.0,3.423828125,5.609432220458984,2.368423995077525,0.7243401759530792,3.0,6.0,381,2.680628272251309,0.341796875
TY-Fuel.csv,27,0.0,7.0,1.0,6.0,2.80859375,5.3578948974609375,2.3147127030067765,0.4789833822091887,1.0,6.0,274,3.7236363636363636,0.5244140625
TY-Fuel.csv,28,2.5,7.0,1.0,6.0,3.4326171875,5.58530330657959,2.36332462996085,0.6940371456500489,3.0,6.0,367,2.782608695652174,0.400390625
TY-Fuel.csv,29,0.0,7.0,1.0,6.0,4.0087890625,5.411055564880371,2.3261675702494804,0.6451612903225806,5.0,7.0,366,2.790190735694823,0.2978515625
TY-Fuel.csv,30,2.006172839506173,7.0,1.0,6.0,3.4423828125,4.98886775970459,2.233577345807525,0.7771260997067448,4.0,6.0,417,2.449760765550239,0.357421875
TY-Fuel.csv,31,0.4098360655737705,7.0,1.0,6.0,4.16796875,5.1768646240234375,2.2752724285288206,0.8172043010752689,5.0,6.0,453,2.2555066079295156,0.2578125
TY-Fuel.csv,32,0.0,7.0,1.0,6.0,4.00390625,6.0156097412109375,2.452673998152004,0.6793743890518084,5.0,7.0,350,2.9173789173789175,0.314453125
TY-Fuel.csv,33,0.0,7.0,1.0,6.0,4.4814453125,4.802390098571777,2.1914356250120095,0.7262952101661779,6.0,6.0,423,2.4150943396226414,0.2080078125
TY-Fuel.csv,34,1.0043041606886658,7.0,1.0,6.0,4.0126953125,5.838706016540527,2.4163414528043274,0.6979472140762464,5.0,7.0,402,2.5409429280397022,0.2958984375
TY-Fuel.csv,35,1.6518424396442186,7.0,1.0,6.0,4.509765625,4.988185882568359,2.233424698208641,0.8377321603128055,6.0,7.0,471,2.169491525423729,0.1962890625
TY-Fuel.csv,36,1.4248704663212435,7.0,1.0,6.0,4.4609375,4.67034912109375,2.161099053975488,0.7996089931573802,6.0,6.0,445,2.295964125560538,0.197265625
TY-Fuel.csv,37,2.1739130434782608,7.0,1.0,6.0,4.1220703125,5.624747276306152,2.3716549656950843,0.8025415444770283,5.0,7.0,421,2.4265402843601898,0.275390625
TY-Fuel.csv,38,1.0159651669085632,7.0,1.0,6.0,3.8857421875,5.138312339782715,2.2667845816889427,0.7565982404692082,5.0,6.0,401,2.5472636815920398,0.2861328125
TY-Fuel.csv,39,0.3851091142490372,7.0,1.0,6.0,4.630859375,4.969203948974609,2.22917113496802,0.7947214076246334,6.0,7.0,432,2.3648960739030023,0.193359375
TY-Fuel.csv,40,0.25252525252525254,7.0,1.0,6.0,4.783203125,5.035030364990234,2.243887333399392,0.7165200391006843,6.0,7.0,406,2.515970515970516,0.1845703125
TY-Fuel.csv,41,0.8955223880597015,7.0,1.0,6.0,3.951171875,6.564022064208984,2.562034750780907,0.5073313782991202,5.0,7.0,302,3.3795379537953796,0.34765625
TY-Fuel.csv,42,2.2189349112426036,7.0,1.0,6.0,3.9130859375,5.757094383239746,2.3993945868155464,0.6060606060606061,5.0,6.0,360,2.8365650969529086,0.33984375
TY-Fuel.csv,43,0.8264462809917356,7.0,1.0,6.0,4.193359375,5.827846527099609,2.414093313668635,0.729227761485826,6.0,7.0,395,2.585858585858586,0.30859375
TY-Fuel.csv,44,1.643835616438356,7.0,1.0,6.0,4.298828125,5.982967376708984,2.446010502166535,0.581622678396872,5.5,7.0,335,3.0476190476190474,0.28515625
TY-Fuel.csv,45,1.0596026490066226,7.0,1.0,6.0,4.3603515625,5.482451438903809,2.3414635249996545,0.7321603128054741,5.0,7.0,405,2.522167487684729,0.2568359375
TY-Fuel.csv,46,0.27548209366391185,7.0,1.0,6.0,4.23046875,5.8394622802734375,2.416497937154807,0.7028347996089932,5.0,7.0,394,2.5924050632911393,0.2666015625
TY-Fuel.csv,47,1.171303074670571,7.0,1.0,6.0,4.126953125,5.569820404052734,2.360046695311924,0.530791788856305,5.0,7.0,297,3.436241610738255,0.2998046875
TY-Fuel.csv,48,0.0,7.0,1.0,6.0,3.8837890625,5.479659080505371,2.3408671642161525,0.7419354838709677,5.0,6.0,405,2.522167487684729,0.3232421875
TY-Fuel.csv,49,0.44709388971684055,7.0,1.0,6.0,3.8291015625,6.153410911560059,2.4806069643456334,0.6656891495601173,4.0,7.0,386,2.645994832041344,0.3017578125
TY-Fuel.csv,50,1.037037037037037,7.0,1.0,6.0,3.908203125,6.044307708740234,2.458517380198935,0.6314760508308895,5.0,7.0,338,3.0206489675516224,0.3359375
TY-Fuel.csv,51,1.1544011544011543,7.0,1.0,6.0,3.91015625,5.5934906005859375,2.3650561516771513,0.6930596285434996,5.0,7.0,409,2.497560975609756,0.3115234375
TY-Fuel.csv,52,1.675977653631285,7.0,1.0,6.0,3.873046875,5.595211029052734,2.365419842026513,0.873900293255132,5.0,7.0,467,2.1880341880341883,0.2900390625
TY-Fuel.csv,53,4.927007299270073,7.0,1.0,6.0,2.8212890625,5.965132713317871,2.442362117565262,0.5210166177908113,1.0,7.0,264,3.8641509433962264,0.5361328125
TY-Fuel.csv,54,1.2030075187969924,7.0,1.0,6.0,3.755859375,6.528285980224609,2.555051071940561,0.6373411534701857,4.0,7.0,336,3.0385756676557865,0.328125
TY-Fuel.csv,55,2.6936026936026938,7.0,1.0,6.0,3.177734375,5.905910491943359,2.4302079112584916,0.6001955034213099,1.0,7.0,308,3.313915857605178,0.4619140625
TY-Fuel.csv,56,0.8995502248875562,7.0,1.0,6.0,3.5810546875,5.704367637634277,2.3883818031533983,0.8289345063538612,4.0,7.0,414,2.4674698795180725,0.349609375
TY-Fuel.csv,57,0.8,7.0,1.0,6.0,4.335365853658536,4.832651695419386,2.198329296402017,0.9386503067484663,5.0,7.0,80,2.0246913580246915,0.2073170731707317
Stocks-DE.csv,0,1.951951951951952,12.0,1.0,11.0,9.78125,0.9580078125,0.9787787352103641,0.06060606060606061,10.0,11.0,52,19.32075471698113,9.765625E-4
Stocks-DE.csv,1,3.4149484536082473,12.0,1.0,11.0,11.5498046875,0.9779882431030273,0.988932880989922,0.03812316715542522,12.0,12.0,30,33.03225806451613,9.765625E-4
Stocks-DE.csv,2,2.3741007194244603,12.0,1.0,11.0,10.2236328125,1.1931524276733398,1.092315168654789,0.08406647116324535,10.0,11.0,75,13.473684210526315,9.765625E-4
Stocks-DE.csv,3,2.0452885317750185,11.0,1.0,10.0,10.03515625,0.8483734130859375,0.9210718826920825,0.09090909090909091,10.0,11.0,85,11.906976744186046,9.765625E-4
Stocks-DE.csv,4,2.298050139275766,12.0,1.0,11.0,10.5712890625,1.166792869567871,1.080181868746125,0.07038123167155426,11.0,12.0,64,15.753846153846155,9.765625E-4
Stocks-DE.csv,5,2.7903469079939667,11.0,1.0,10.0,9.7333984375,0.8009939193725586,0.8949826363525488,0.0635386119257087,10.0,11.0,56,17.964912280701753,9.765625E-4
Stocks-DE.csv,6,2.5894897182025893,11.0,1.0,10.0,9.6240234375,1.1818838119506836,1.087144798060812,0.09775171065493646,10.0,11.0,84,12.047058823529412,9.765625E-4
Stocks-DE.csv,7,3.2480995162404978,12.0,1.0,11.0,10.7080078125,2.437201499938965,1.5611539001453267,0.03714565004887586,11.0,12.0,25,39.38461538461539,9.765625E-4
Stocks-DE.csv,8,1.9522776572668112,11.0,1.0,10.0,10.1513671875,1.0151739120483398,1.007558391384013,0.08699902248289346,10.0,11.0,78,12.962025316455696,9.765625E-4
Stocks-DE.csv,9,2.164804469273743,12.0,1.0,11.0,10.5439453125,2.0937719345092773,1.4469871922409256,0.0772238514173998,11.0,12.0,69,14.628571428571428,9.765625E-4
Stocks-DE.csv,10,3.4366576819407006,12.0,1.0,11.0,10.994140625,1.5566062927246094,1.2476402897969467,0.05767350928641251,11.0,12.0,49,20.48,9.765625E-4
Stocks-DE.csv,11,1.9131714495952907,12.0,1.0,11.0,9.951171875,1.6265220642089844,1.2753517413674489,0.09872922776148582,10.0,11.0,90,11.252747252747254,9.765625E-4
Stocks-DE.csv,12,3.017543859649123,11.0,1.0,10.0,10.47265625,1.0930023193359375,1.045467512329263,0.07526881720430108,11.0,11.0,64,15.753846153846155,0.001953125
Stocks-DE.csv,13,2.663115845539281,12.0,1.0,11.0,11.158203125,1.0570030212402344,1.0281065223216097,0.042033235581622676,11.0,12.0,30,33.03225806451613,9.765625E-4
Stocks-DE.csv,14,2.576112412177986,11.0,1.0,10.0,9.3623046875,0.8658056259155273,0.930486768264615,0.08308895405669599,9.0,10.0,79,12.8,9.765625E-4
Stocks-DE.csv,15,1.800450112528132,11.0,1.0,10.0,9.7255859375,1.105360984802246,1.0513614910211644,0.11339198435972629,10.0,11.0,101,10.03921568627451,0.001953125
Stocks-DE.csv,16,2.3689877961234744,12.0,1.0,11.0,10.173828125,2.7256431579589844,1.6509521973573265,0.10654936461388075,10.0,12.0,95,10.666666666666666,9.765625E-4
Stocks-DE.csv,17,2.258852258852259,15.0,1.0,14.0,12.1279296875,5.822501182556152,2.412985947442743,0.06647116324535679,11.0,15.0,55,18.285714285714285,0.001953125
Stocks-DE.csv,18,2.7535258562793823,12.0,1.0,11.0,11.06640625,1.6069183349609375,1.2676428262570405,0.03225806451612903,11.0,12.0,28,35.310344827586206,0.001953125
Stocks-DE.csv,19,2.4691358024691357,11.0,1.0,10.0,9.365234375,1.3939476013183594,1.1806555811575024,0.1495601173020528,9.0,11.0,142,7.160839160839161,9.765625E-4
Stocks-DE.csv,20,3.0428769017980635,12.0,1.0,11.0,10.689453125,2.1203575134277344,1.4561447432957118,0.06451612903225806,11.0,12.0,59,17.066666666666666,9.765625E-4
Stocks-DE.csv,21,1.7107309486780715,11.0,1.0,10.0,9.3759765625,0.8264150619506836,0.9090737384561737,0.08895405669599218,10.0,10.0,81,12.487804878048781,0.001953125
Stocks-DE.csv,22,2.3015873015873014,11.0,1.0,10.0,9.1494140625,0.9513082504272461,0.975350321898366,0.11143695014662756,9.0,10.0,104,9.752380952380953,9.765625E-4
Stocks-DE.csv,23,2.7961736571008093,11.0,1.0,10.0,9.90625,1.1591796875,1.0766520735595135,0.09775171065493646,10.0,11.0,91,11.130434782608695,9.765625E-4
Stocks-DE.csv,24,2.630074328187536,14.0,1.0,13.0,13.05078125,2.5403900146484375,1.5938600988319012,0.056695992179863146,14.0,14.0,42,23.813953488372093,9.765625E-4
Stocks-DE.csv,25,2.6666666666666665,15.0,1.0,14.0,13.470703125,4.870235443115234,2.206860993156396,0.043010752688172046,15.0,15.0,25,39.38461538461539,9.765625E-4
Stocks-DE.csv,26,3.6437246963562755,13.0,1.0,12.0,12.9873046875,0.14144039154052734,0.3760856173008047,0.02541544477028348,13.0,13.0,4,204.8,9.765625E-4
Stocks-DE.csv,27,1.7796030116358659,12.0,1.0,11.0,10.7685546875,0.8106908798217773,0.9003837403139715,0.11143695014662756,11.0,12.0,100,10.138613861386139,9.765625E-4
Stocks-DE.csv,28,2.9297954671089,14.0,1.0,13.0,13.5341796875,2.5222692489624023,1.5881653720448643,0.044965786901270774,14.0,14.0,32,31.03030303030303,0.001953125
Stocks-DE.csv,29,2.044989775051125,12.0,1.0,11.0,10.8408203125,0.8623571395874023,0.9286318644045133,0.07038123167155426,11.0,12.0,61,16.516129032258064,9.765625E-4
Stocks-DE.csv,30,2.28734810578985,12.0,1.0,11.0,10.2685546875,1.3995580673217773,1.1830291912382287,0.08797653958944282,10.0,12.0,82,12.337349397590362,0.001953125
Stocks-DE.csv,31,2.286135693215339,11.0,1.0,10.0,9.935546875,1.1560020446777344,1.0751753553154642,0.08211143695014662,10.0,11.0,69,14.628571428571428,9.765625E-4
Stocks-DE.csv,32,2.663115845539281,12.0,1.0,11.0,11.107421875,1.3712730407714844,1.1710136808643545,0.06842619745845552,11.0,12.0,58,17.35593220338983,9.765625E-4
Stocks-DE.csv,33,2.408759124087591,12.0,1.0,11.0,10.015625,2.982177734375,1.726898298793244,0.10068426197458455,11.0,12.0,94,10.778947368421052,9.765625E-4
Stocks-DE.csv,34,1.5091342335186657,11.0,1.0,10.0,9.0537109375,1.001997947692871,1.0009984753699035,0.1544477028347996,9.0,10.0,146,6.965986394557823,9.765625E-4
Stocks-DE.csv,35,2.5843503230437905,11.0,1.0,10.0,10.251953125,0.9130821228027344,0.9555533071486564,0.0772238514173998,10.0,11.0,67,15.058823529411764,0.001953125
Stocks-DE.csv,36,2.8421052631578947,15.0,1.0,14.0,14.2255859375,5.610243797302246,2.3685953215571134,0.06158357771260997,15.0,15.0,41,24.38095238095238,9.765625E-4
Stocks-DE.csv,37,1.9559902200488997,11.0,1.0,10.0,8.861328125,2.4612388610839844,1.5688335989148066,0.12121212121212122,9.0,11.0,112,9.061946902654867,9.765625E-4
Stocks-DE.csv,38,3.095558546433378,12.0,1.0,11.0,11.0166015625,1.5749197006225586,1.2549580473555912,0.04985337243401759,11.0,12.0,41,24.38095238095238,9.765625E-4
Stocks-DE.csv,39,2.706766917293233,11.0,1.0,10.0,9.7578125,2.00775146484375,1.416951468767985,0.06451612903225806,10.0,11.0,57,17.655172413793103,9.765625E-4
Stocks-DE.csv,40,2.5,11.0,1.0,10.0,9.322265625,0.9605979919433594,0.9801010110918973,0.08895405669599218,10.0,10.0,75,13.473684210526315,9.765625E-4
Stocks-DE.csv,41,2.706766917293233,11.0,1.0,10.0,9.6708984375,1.9590749740600586,1.3996695946044047,0.11925708699902249,10.0,11.0,109,9.309090909090909,9.765625E-4
Stocks-DE.csv,42,3.0664395229982966,11.0,1.0,10.0,8.462890625,0.8775291442871094,0.9367652557002257,0.11241446725317693,9.0,9.0,102,9.941747572815533,9.765625E-4
Stocks-DE.csv,43,2.708978328173375,11.0,1.0,10.0,9.3544921875,0.9964056015014648,0.9982011828792154,0.13098729227761485,10.0,10.0,123,8.258064516129032,9.765625E-4
Stocks-DE.csv,44,2.3411371237458196,15.0,1.0,14.0,13.3984375,9.63226318359375,3.103588758774872,0.06256109481915934,15.0,15.0,50,20.07843137254902,9.765625E-4
Stocks-DE.csv,45,3.3169533169533167,13.0,1.0,12.0,12.16015625,0.7634124755859375,0.8737347856105636,0.05083088954056696,12.0,13.0,36,27.675675675675677,9.765625E-4
Stocks-DE.csv,46,2.2222222222222223,12.0,1.0,11.0,10.2529296875,1.1205968856811523,1.0585824888411637,0.07526881720430108,10.0,11.0,62,16.253968253968253,0.001953125
Stocks-DE.csv,47,2.113156100886162,12.0,1.0,11.0,10.8349609375,1.530379295349121,1.237084999241815,0.06842619745845552,11.0,12.0,61,16.516129032258064,9.765625E-4
Stocks-DE.csv,48,2.573266619013581,12.0,1.0,11.0,10.3154296875,2.0557775497436523,1.4337982946508383,0.07917888563049853,11.0,11.0,67,15.058823529411764,9.765625E-4
Stocks-DE.csv,49,3.2844164919636616,11.0,1.0,10.0,10.580078125,1.0072593688964844,1.003623120945549,0.04985337243401759,11.0,11.0,40,24.975609756097562,9.765625E-4
Stocks-DE.csv,50,2.13946117274168,11.0,1.0,10.0,9.103515625,1.4131126403808594,1.1887441442046558,0.14467253176930597,10.0,10.0,139,7.314285714285714,9.765625E-4
Stocks-DE.csv,51,2.9464285714285716,16.0,1.0,15.0,7.900390625,11.91390609741211,3.4516526617567,0.10557184750733138,7.0,16.0,100,10.138613861386139,9.765625E-4
Stocks-DE.csv,52,4.029304029304029,9.0,1.0,8.0,7.9423828125,1.7574224472045898,1.3256781084428413,0.044965786901270774,8.0,9.0,42,23.813953488372093,9.765625E-4
Stocks-DE.csv,53,3.400735294117647,9.0,1.0,8.0,7.8310546875,1.4196996688842773,1.1915115059806503,0.06940371456500488,8.0,9.0,68,14.840579710144928,9.765625E-4
Stocks-DE.csv,54,4.467680608365019,8.0,1.0,7.0,7.6328125,0.54290771484375,0.7368227160204481,0.053763440860215055,8.0,8.0,52,19.32075471698113,9.765625E-4
Stocks-DE.csv,55,3.183023872679045,10.0,1.0,9.0,8.23046875,0.7515716552734375,0.8669323245060352,0.05278592375366569,8.0,9.0,45,22.26086956521739,9.765625E-4
Stocks-DE.csv,56,3.524672708962739,8.0,1.0,7.0,7.1005859375,1.186171531677246,1.089115022243861,0.08211143695014662,7.0,8.0,82,12.337349397590362,9.765625E-4
Stocks-DE.csv,57,2.545824847250509,8.0,1.0,7.0,7.0087890625,1.094649314880371,1.0462548995729344,0.08993157380254155,7.0,8.0,85,11.906976744186046,9.765625E-4
Stocks-DE.csv,58,4.624277456647399,8.0,1.0,7.0,7.486328125,0.4685630798339844,0.6845166760817332,0.059628543499511244,8.0,8.0,55,18.285714285714285,9.765625E-4
Stocks-DE.csv,59,3.8461538461538463,12.0,1.0,11.0,11.603515625,2.5810813903808594,1.6065744272771365,0.039100684261974585,12.0,12.0,24,40.96,9.765625E-4
Stocks-DE.csv,60,2.2222222222222223,8.0,1.0,7.0,6.2890625,0.88714599609375,0.9418842795660993,0.1104594330400782,6.0,7.0,107,9.481481481481481,9.765625E-4
Stocks-DE.csv,61,2.5732031943212066,10.0,1.0,9.0,8.107421875,3.4318199157714844,1.852517183664293,0.10948191593352884,8.0,10.0,100,10.138613861386139,9.765625E-4
Stocks-DE.csv,62,3.287671232876712,9.0,1.0,8.0,7.91015625,0.3845062255859375,0.6200856598776797,0.09090909090909091,8.0,8.0,82,12.337349397590362,9.765625E-4
Stocks-DE.csv,63,3.3653846153846154,9.0,1.0,8.0,7.4267578125,1.0981512069702148,1.0479271000266264,0.13294232649071358,8.0,9.0,124,8.192,9.765625E-4
Stocks-DE.csv,64,4.2471042471042475,8.0,1.0,7.0,7.4521484375,0.4664602279663086,0.6829789366930056,0.09579667644183773,8.0,8.0,89,11.377777777777778,9.765625E-4
Stocks-DE.csv,65,3.1569173630454967,9.0,1.0,8.0,7.787109375,0.6460838317871094,0.8037934011841036,0.06451612903225806,8.0,8.0,59,17.066666666666666,9.765625E-4
Stocks-DE.csv,66,2.6970954356846475,9.0,1.0,8.0,6.751953125,0.9560508728027344,0.9777785397536266,0.18572825024437928,7.0,8.0,168,6.059171597633136,0.001953125
Stocks-DE.csv,67,2.305159165751921,18.0,1.0,17.0,13.4443359375,27.481276512145996,5.242258722358712,0.10948191593352884,17.0,18.0,86,11.770114942528735,9.765625E-4
Stocks-DE.csv,68,2.1104903786468032,13.0,1.0,12.0,11.9736328125,1.3342657089233398,1.1551041982969934,0.043010752688172046,12.0,13.0,34,29.257142857142856,9.765625E-4
Stocks-DE.csv,69,2.6588845654993514,13.0,1.0,12.0,11.43359375,1.4330902099609375,1.197117458715283,0.059628543499511244,12.0,13.0,47,21.333333333333332,9.765625E-4
Stocks-DE.csv,70,2.7090694935217905,14.0,1.0,13.0,12.6640625,2.00823974609375,1.4171237582137102,0.059628543499511244,13.0,13.0,48,20.897959183673468,9.765625E-4
Stocks-DE.csv,71,2.310030395136778,13.0,1.0,12.0,12.2265625,1.29046630859375,1.1359869315241924,0.05865102639296188,13.0,13.0,49,20.48,0.001953125
Stocks-DE.csv,72,1.9620253164556962,14.0,1.0,13.0,11.6767578125,2.912116050720215,1.7064923236628446,0.09090909090909091,13.0,13.0,66,15.283582089552239,0.001953125
Stocks-DE.csv,73,2.1639344262295084,12.0,1.0,11.0,11.28125,0.5107421875,0.7146622891268295,0.07624633431085044,11.0,12.0,66,15.283582089552239,9.765625E-4
Stocks-DE.csv,74,2.165087956698241,12.0,1.0,11.0,10.84765625,1.4338226318359375,1.1974233302537318,0.10654936461388075,11.0,12.0,83,12.19047619047619,9.765625E-4
Stocks-DE.csv,75,3.143006809848088,17.0,1.0,16.0,14.109375,17.794677734375,4.218373825821391,0.07917888563049853,17.0,17.0,64,15.753846153846155,9.765625E-4
Stocks-DE.csv,76,2.183406113537118,12.0,1.0,11.0,10.07421875,1.7972259521484375,1.3406065612805411,0.08406647116324535,11.0,11.0,74,13.653333333333334,9.765625E-4
Stocks-DE.csv,77,2.6988636363636362,12.0,1.0,11.0,10.3544921875,2.351874351501465,1.5335821958739169,0.09188660801564028,11.0,12.0,83,12.19047619047619,9.765625E-4
Stocks-DE.csv,78,2.3130300693909023,11.0,1.0,10.0,9.455078125,2.0624351501464844,1.4361180836360512,0.09872922776148582,9.0,11.0,89,11.377777777777778,0.001953125
Stocks-DE.csv,79,2.5056947608200457,11.0,1.0,10.0,9.599609375,1.5389060974121094,1.2405265403900512,0.10557184750733138,10.0,11.0,101,10.03921568627451,9.765625E-4
Stocks-DE.csv,80,2.298050139275766,12.0,1.0,11.0,10.6015625,1.28460693359375,1.1334050174556975,0.08797653958944282,11.0,11.0,73,13.837837837837839,0.001953125
Stocks-DE.csv,81,3.095752339812815,11.0,1.0,10.0,10.2421875,1.29095458984375,1.1362018261927544,0.04887585532746823,11.0,11.0,45,22.26086956521739,9.765625E-4
Stocks-DE.csv,82,2.7716994894237783,11.0,1.0,10.0,10.1259765625,1.0241689682006836,1.0120123359923452,0.043010752688172046,10.0,11.0,37,26.94736842105263,9.765625E-4
Stocks-DE.csv,83,2.178988326848249,10.0,1.0,9.0,9.3388671875,0.7513799667358398,0.8668217618033363,0.14173998044965788,9.0,10.0,121,8.39344262295082,0.00390625
Stocks-DE.csv,84,3.6236119228521333,16.0,1.0,15.0,12.6357421875,14.272589683532715,3.7779081094612024,0.06158357771260997,16.0,16.0,40,24.975609756097562,0.001953125
Stocks-DE.csv,85,2.1364576154376294,12.0,1.0,11.0,10.6767578125,1.2421941757202148,1.1145376511003182,0.08504398826979472,11.0,12.0,81,12.487804878048781,9.765625E-4
Stocks-DE.csv,86,2.14190093708166,12.0,1.0,11.0,11.0732421875,0.44483089447021484,0.6669564412090304,0.04985337243401759,11.0,12.0,36,27.675675675675677,9.765625E-4
Stocks-DE.csv,87,2.5094102885821834,13.0,1.0,12.0,11.8232421875,1.2255926132202148,1.1070648640527865,0.07135874877810362,12.0,13.0,55,18.285714285714285,9.765625E-4
Stocks-DE.csv,88,2.0523708421797595,12.0,1.0,11.0,10.3955078125,1.0398626327514648,1.0197365506597598,0.08211143695014662,11.0,11.0,76,13.2987012987013,9.765625E-4
Stocks-DE.csv,89,1.1278195488721805,11.0,1.0,10.0,9.685546875,0.8679161071777344,0.9316201517666599,0.10654936461388075,10.0,11.0,98,10.343434343434344,9.765625E-4
Stocks-DE.csv,90,3.1151003167898628,17.0,1.0,16.0,14.05859375,20.484848022460938,4.5260190037671,0.05180840664711633,17.0,17.0,42,23.813953488372093,9.765625E-4
Stocks-DE.csv,91,3.2286995515695067,9.0,1.0,8.0,8.103515625,1.0967063903808594,1.047237504284897,0.056695992179863146,8.0,9.0,52,19.32075471698113,9.765625E-4
Stocks-DE.csv,92,3.389830508474576,10.0,1.0,9.0,8.6201171875,1.7843999862670898,1.335814353219447,0.05767350928641251,9.0,10.0,54,18.618181818181817,9.765625E-4
Stocks-DE.csv,93,2.724077328646749,9.0,1.0,8.0,8.255859375,1.0439109802246094,1.0217196191835651,0.05767350928641251,8.0,9.0,56,17.964912280701753,9.765625E-4
Stocks-DE.csv,94,3.339517625231911,9.0,1.0,8.0,7.833984375,0.6228294372558594,0.7891954366669003,0.06158357771260997,8.0,9.0,56,17.964912280701753,9.765625E-4
Stocks-DE.csv,95,3.7985865724381624,9.0,1.0,8.0,8.2060546875,0.8999242782592773,0.9486433883495301,0.06158357771260997,8.0,9.0,59,17.066666666666666,9.765625E-4
Stocks-DE.csv,96,2.908726178535607,8.0,1.0,7.0,7.12890625,0.9970550537109375,0.9985264411676525,0.10068426197458455,7.0,8.0,96,10.556701030927835,9.765625E-4
Stocks-DE.csv,97,2.6272577996715927,8.0,1.0,7.0,6.531157270029674,1.3143111236340932,1.146434090401229,0.09361069836552749,7.0,8.0,56,11.824561403508772,0.002967359050445104
Air-pressure.csv,0,3.0843373493975905,17.0,1.0,16.0,15.5302734375,2.1240835189819336,1.4574235894145304,0.02346041055718475,15.0,17.0,18,53.89473684210526,9.765625E-4
Air-pressure.csv,1,2.804642166344294,17.0,1.0,16.0,15.435546875,1.4118614196777344,1.1882177492689352,0.04398826979472141,16.0,16.0,25,39.38461538461539,9.765625E-4
Air-pressure.csv,2,2.5939650608787717,16.0,1.0,15.0,14.0029296875,3.0654211044311523,1.750834402343966,0.08895405669599218,15.0,15.0,76,13.2987012987013,9.765625E-4
Air-pressure.csv,3,2.182011708355508,16.0,1.0,15.0,13.97265625,2.2414398193359375,1.4971438873187632,0.056695992179863146,14.0,15.0,38,26.256410256410255,9.765625E-4
Air-pressure.csv,4,2.8005794302269433,16.0,1.0,15.0,15.5068359375,1.419875144958496,1.19158513961802,0.02541544477028348,16.0,16.0,13,73.14285714285714,9.765625E-4
Air-pressure.csv,5,2.3978201634877383,15.0,1.0,14.0,13.7431640625,1.561964988708496,1.2497859771610882,0.06256109481915934,14.0,15.0,49,20.48,9.765625E-4
Air-pressure.csv,6,2.6525198938992043,16.0,1.0,15.0,13.978515625,3.2280540466308594,1.7966786152873473,0.09775171065493646,14.0,16.0,66,15.283582089552239,9.765625E-4
Air-pressure.csv,7,2.72596843615495,17.0,1.0,16.0,15.6328125,1.65228271484375,1.2854114963091585,0.04887585532746823,16.0,17.0,28,35.310344827586206,9.765625E-4
Air-pressure.csv,8,2.1621621621621623,15.0,1.0,14.0,13.8828125,1.09954833984375,1.048593505531934,0.03519061583577713,14.0,15.0,23,42.666666666666664,9.765625E-4
Air-pressure.csv,9,2.414486921529175,16.0,1.0,15.0,14.84765625,1.1369476318359375,1.0662774647510551,0.033235581622678395,15.0,16.0,15,64.0,9.765625E-4
Air-pressure.csv,10,3.227383863080685,16.0,1.0,15.0,15.2861328125,1.3234014511108398,1.1503918684999646,0.042033235581622676,16.0,16.0,29,34.13333333333333,9.765625E-4
Air-pressure.csv,11,2.8932140978432406,16.0,1.0,15.0,14.1142578125,2.075812339782715,1.44076796875233,0.05278592375366569,14.0,16.0,35,28.444444444444443,9.765625E-4
Air-pressure.csv,12,1.7117614577581446,15.0,1.0,14.0,13.4814453125,1.5621557235717773,1.2498622818421945,0.10752688172043011,14.0,15.0,87,11.636363636363637,9.765625E-4
Air-pressure.csv,13,2.2388059701492535,15.0,1.0,14.0,14.0439453125,1.5986547470092773,1.264379194312085,0.056695992179863146,15.0,15.0,44,22.755555555555556,9.765625E-4
Air-pressure.csv,14,2.8422548555187115,17.0,1.0,16.0,15.765625,2.113037109375,1.4536289448738284,0.043010752688172046,16.0,17.0,30,33.03225806451613,9.765625E-4
Air-pressure.csv,15,2.658160552897395,16.0,1.0,15.0,14.0,2.625,1.620185174601965,0.04398826979472141,15.0,15.0,32,31.03030303030303,9.765625E-4
Air-pressure.csv,16,2.6219192448872577,16.0,1.0,15.0,14.1064453125,2.8900365829467773,1.7000107596561786,0.10068426197458455,15.0,16.0,85,11.906976744186046,9.765625E-4
Air-pressure.csv,17,2.9329608938547485,17.0,1.0,16.0,16.09765625,2.1916351318359375,1.4804172154618904,0.033235581622678395,17.0,17.0,19,51.2,9.765625E-4
Air-pressure.csv,18,2.7106949236076887,17.0,1.0,16.0,15.1416015625,2.2563161849975586,1.5021039195067558,0.05180840664711633,16.0,17.0,37,26.94736842105263,9.765625E-4
Air-pressure.csv,19,2.627589691763517,17.0,1.0,16.0,14.7373046875,2.9143896102905273,1.707158343649038,0.053763440860215055,15.0,16.0,39,25.6,9.765625E-4
Air-pressure.csv,20,2.806699864191942,17.0,1.0,16.0,16.5869140625,1.103774070739746,1.050606525174742,0.02346041055718475,17.0,17.0,15,64.0,9.765625E-4
Air-pressure.csv,21,2.7417746759720836,16.0,1.0,15.0,14.9921875,1.69329833984375,1.3012679738792274,0.02346041055718475,15.0,16.0,14,68.26666666666667,9.765625E-4
Air-pressure.csv,22,2.0431328036322363,16.0,1.0,15.0,12.9541015625,2.4930105209350586,1.5789270157087878,0.093841642228739,13.0,15.0,70,14.422535211267606,0.001953125
Air-pressure.csv,23,2.8625954198473282,17.0,1.0,16.0,15.697265625,1.7247581481933594,1.3133004790196947,0.02541544477028348,16.0,17.0,14,68.26666666666667,9.765625E-4
Air-pressure.csv,24,2.65210608424337,16.0,1.0,15.0,14.314453125,2.2155723571777344,1.4884798813479927,0.053763440860215055,15.0,16.0,37,26.94736842105263,9.765625E-4
Air-pressure.csv,25,2.4640657084188913,16.0,1.0,15.0,14.517578125,3.9821128845214844,1.9955232107198062,0.042033235581622676,16.0,16.0,35,28.444444444444443,9.765625E-4
Air-pressure.csv,26,3.200775945683802,16.0,1.0,15.0,15.4375,1.275390625,1.1293319374745407,0.022482893450635387,16.0,16.0,16,60.23529411764706,9.765625E-4
Air-pressure.csv,27,3.0348258706467663,16.0,1.0,15.0,15.009765625,1.0545921325683594,1.026933363256039,0.04105571847507331,15.0,16.0,24,40.96,9.765625E-4
Air-pressure.csv,28,2.4907260201377848,16.0,1.0,15.0,13.94921875,4.6321868896484375,2.1522515860485356,0.10166177908113393,14.0,16.0,87,11.636363636363637,9.765625E-4
Air-pressure.csv,29,2.9511369134010645,17.0,1.0,16.0,15.466796875,1.7821006774902344,1.3349534364502136,0.03128054740957967,16.0,16.0,24,40.96,9.765625E-4
Air-pressure.csv,30,2.0066889632107023,15.0,1.0,14.0,13.365234375,1.1888694763183594,1.0903529136561059,0.13098729227761485,14.0,14.0,105,9.660377358490566,9.765625E-4
Air-pressure.csv,31,2.573340195573855,16.0,1.0,15.0,14.4736328125,4.23367977142334,2.0575907686960835,0.039100684261974585,15.0,16.0,30,33.03225806451613,9.765625E-4
Air-pressure.csv,32,1.770890979524073,15.0,1.0,14.0,13.5048828125,1.4823980331420898,1.2175376926987065,0.07429130009775171,13.0,15.0,59,17.066666666666666,9.765625E-4
Air-pressure.csv,33,2.7649769585253456,17.0,1.0,16.0,14.5205078125,4.542548179626465,2.131325451362711,0.06549364613880743,16.0,16.0,50,20.07843137254902,9.765625E-4
Air-pressure.csv,34,2.8831562974203337,16.0,1.0,15.0,14.7236328125,1.8191289901733398,1.3487508999712807,0.0772238514173998,15.0,16.0,61,16.516129032258064,9.765625E-4
Air-pressure.csv,35,2.3735810113519094,16.0,1.0,15.0,14.376953125,1.7661094665527344,1.3289505132068442,0.07331378299120235,15.0,16.0,58,17.35593220338983,9.765625E-4
Air-pressure.csv,36,2.555282555282555,16.0,1.0,15.0,15.1826171875,1.6316900253295898,1.2773762270097209,0.04985337243401759,16.0,16.0,34,29.257142857142856,9.765625E-4
Air-pressure.csv,37,2.637021716649431,17.0,1.0,16.0,14.37890625,2.4286956787109375,1.5584273094087313,0.06158357771260997,15.0,16.0,45,22.26086956521739,9.765625E-4
Air-pressure.csv,38,2.250130821559393,15.0,1.0,14.0,14.3642578125,1.2354803085327148,1.1115216185629115,0.03714565004887586,15.0,15.0,25,39.38461538461539,9.765625E-4
Air-pressure.csv,39,2.329192546583851,15.0,1.0,14.0,14.5478515625,0.9254446029663086,0.9620003133920012,0.02346041055718475,15.0,15.0,14,68.26666666666667,9.765625E-4
Air-pressure.csv,40,2.779132130667967,16.0,1.0,15.0,15.3466796875,1.4589147567749023,1.207855437034955,0.028347996089931573,16.0,16.0,17,56.888888888888886,9.765625E-4
Air-pressure.csv,41,2.2051282051282053,17.0,1.0,16.0,14.5166015625,4.101286888122559,2.0251634225717585,0.056695992179863146,15.0,17.0,43,23.272727272727273,9.765625E-4
Air-pressure.csv,42,2.608267716535433,17.0,1.0,16.0,15.1767578125,1.2978582382202148,1.1392358132626514,0.033235581622678395,15.0,17.0,27,36.57142857142857,9.765625E-4
Air-pressure.csv,43,2.8686462003019626,16.0,1.0,15.0,14.818359375,2.1994285583496094,1.4830470519675394,0.03128054740957967,15.0,16.0,26,37.925925925925924,9.765625E-4
Air-pressure.csv,44,1.7415730337078652,15.0,1.0,14.0,13.28515625,1.7057952880859375,1.3060609817638447,0.08602150537634409,13.0,15.0,70,14.422535211267606,9.765625E-4
Air-pressure.csv,45,2.7055702917771884,16.0,1.0,15.0,14.0,1.87109375,1.3678792892649556,0.06060606060606061,14.0,16.0,46,21.78723404255319,9.765625E-4
Air-pressure.csv,46,2.297008547008547,15.0,1.0,14.0,14.0400390625,2.800154685974121,1.6733662737052284,0.04985337243401759,15.0,15.0,37,26.94736842105263,9.765625E-4
Air-pressure.csv,47,3.4069097888675626,16.0,1.0,15.0,15.611328125,0.8469810485839844,0.9203157330959764,0.016617790811339198,16.0,16.0,9,102.4,9.765625E-4
Air-pressure.csv,48,1.5151515151515151,16.0,1.0,15.0,13.5263671875,2.75516414642334,1.6598687136106096,0.18181818181818182,14.0,15.0,123,8.258064516129032,0.00390625
Air-pressure.csv,49,2.418207681365576,17.0,1.0,16.0,15.7734375,1.26898193359375,1.1264909824733396,0.03519061583577713,16.0,17.0,21,46.54545454545455,9.765625E-4
Air-pressure.csv,50,1.3669821240799158,15.0,1.0,14.0,14.23828125,1.2518157958984375,1.1188457426734204,0.05474095796676442,15.0,15.0,42,23.813953488372093,9.765625E-4
Air-pressure.csv,51,2.6455026455026456,17.0,1.0,16.0,15.5537109375,1.622115135192871,1.273622838674335,0.02346041055718475,16.0,16.0,17,56.888888888888886,9.765625E-4
Air-pressure.csv,52,1.8478260869565217,16.0,1.0,15.0,13.6142578125,3.402960777282715,1.844711570214356,0.053763440860215055,14.0,16.0,47,21.333333333333332,9.765625E-4
Air-pressure.csv,53,1.812366737739872,16.0,1.0,15.0,13.9375,1.55859375,1.248436522214886,0.04105571847507331,14.0,15.0,32,31.03030303030303,9.765625E-4
Air-pressure.csv,54,3.121748178980229,16.0,1.0,15.0,14.3056640625,1.858717918395996,1.3633480547519756,0.03128054740957967,14.0,16.0,21,46.54545454545455,9.765625E-4
Air-pressure.csv,55,1.9001085776330076,15.0,1.0,14.0,13.7236328125,2.14139461517334,1.4633504758509972,0.08211143695014662,14.0,15.0,70,14.422535211267606,9.765625E-4
Air-pressure.csv,56,2.8161802355350742,16.0,1.0,15.0,14.544921875,3.3163414001464844,1.8210824803249535,0.042033235581622676,15.0,16.0,34,29.257142857142856,9.765625E-4
Air-pressure.csv,57,1.8899388549193996,15.0,1.0,14.0,13.4619140625,2.576674461364746,1.605202311661912,0.05278592375366569,14.0,15.0,40,24.975609756097562,9.765625E-4
Air-pressure.csv,58,2.773575390821987,17.0,1.0,16.0,14.732421875,4.488948822021484,2.1187139547427076,0.09579667644183773,16.0,16.0,83,12.19047619047619,9.765625E-4
Air-pressure.csv,59,3.114518447532343,17.0,1.0,16.0,15.62890625,2.1376800537109375,1.462080727494531,0.033235581622678395,16.0,17.0,18,53.89473684210526,9.765625E-4
Air-pressure.csv,60,1.7495899398578458,16.0,1.0,15.0,13.4873046875,3.1482763290405273,1.7743382792017217,0.09188660801564028,14.0,15.0,70,14.422535211267606,0.00390625
Air-pressure.csv,61,2.4242424242424243,16.0,1.0,15.0,14.59765625,5.6467132568359375,2.376281392603986,0.1544477028347996,16.0,16.0,81,12.487804878048781,0.0068359375
Air-pressure.csv,62,2.4813895781637716,16.0,1.0,15.0,15.025390625,1.0716209411621094,1.0351912582523624,0.03714565004887586,15.0,16.0,25,39.38461538461539,9.765625E-4
Air-pressure.csv,63,2.527075812274368,16.0,1.0,15.0,14.392578125,3.3263511657714844,1.8238287106445836,0.09188660801564028,15.0,16.0,76,13.2987012987013,9.765625E-4
Air-pressure.csv,64,3.031834259727135,16.0,1.0,15.0,14.7783203125,0.9166784286499023,0.9574332502320474,0.020527859237536656,15.0,15.0,15,64.0,9.765625E-4
Air-pressure.csv,65,2.85,16.0,1.0,15.0,14.9267578125,2.536627769470215,1.5926794308555048,0.033235581622678395,15.0,16.0,23,42.666666666666664,9.765625E-4
Air-pressure.csv,66,1.8712162905888827,15.0,1.0,14.0,13.6083984375,3.3027029037475586,1.8173340099573216,0.04887585532746823,14.0,15.0,38,26.256410256410255,9.765625E-4
Air-pressure.csv,67,2.7404085700049827,17.0,1.0,16.0,14.9951171875,3.77048397064209,1.941773408676226,0.039100684261974585,16.0,17.0,27,36.57142857142857,9.765625E-4
Air-pressure.csv,68,3.0153237765694514,16.0,1.0,15.0,15.1103515625,3.1177053451538086,1.76570250754588,0.04398826979472141,16.0,16.0,28,35.310344827586206,9.765625E-4
Air-pressure.csv,69,2.506666666666667,15.0,1.0,14.0,14.09765625,1.2717132568359375,1.1277026455745935,0.039100684261974585,14.0,15.0,25,39.38461538461539,9.765625E-4
Air-pressure.csv,70,1.9494204425711275,16.0,1.0,15.0,14.029296875,2.0284385681152344,1.4242326242981638,0.07331378299120235,14.0,16.0,60,16.78688524590164,9.765625E-4
Air-pressure.csv,71,2.2372528616024976,15.0,1.0,14.0,14.4306640625,1.292067527770996,1.1366914831083217,0.039100684261974585,15.0,15.0,34,29.257142857142856,9.765625E-4
Air-pressure.csv,72,2.3280996210070386,15.0,1.0,14.0,13.8671875,1.10345458984375,1.0504544682392236,0.028347996089931573,14.0,15.0,20,48.76190476190476,9.765625E-4
Air-pressure.csv,73,1.671641791044776,14.0,1.0,13.0,12.4208984375,2.6128835678100586,1.6164416376133284,0.0772238514173998,13.0,14.0,66,15.283582089552239,9.765625E-4
Air-pressure.csv,74,2.8830752802989856,16.0,1.0,15.0,13.88671875,2.8973236083984375,1.702152639570975,0.06842619745845552,14.0,16.0,55,18.285714285714285,9.765625E-4
Air-pressure.csv,75,2.9049729197439684,16.0,1.0,15.0,15.1748046875,2.4919042587280273,1.5785766559556198,0.0469208211143695,16.0,16.0,33,30.11764705882353,9.765625E-4
Air-pressure.csv,76,1.54419595314164,15.0,1.0,14.0,14.0302734375,1.5586538314819336,1.2484605846729537,0.07526881720430108,14.0,15.0,61,16.516129032258064,9.765625E-4
Air-pressure.csv,77,2.342606149341142,16.0,1.0,15.0,15.271484375,2.2602806091308594,1.5034229641490977,0.04105571847507331,16.0,16.0,30,33.03225806451613,0.0029296875
Air-pressure.csv,78,3.045685279187817,16.0,1.0,15.0,14.6767578125,1.4257879257202148,1.1940636187909817,0.042033235581622676,15.0,16.0,26,37.925925925925924,9.765625E-4
Air-pressure.csv,79,2.6711996114618746,17.0,1.0,16.0,15.396484375,1.8916282653808594,1.375364775389009,0.03714565004887586,16.0,16.0,27,36.57142857142857,9.765625E-4
Air-pressure.csv,80,2.443609022556391,17.0,1.0,16.0,15.91796875,0.9737396240234375,0.9867824603343117,0.04398826979472141,16.0,17.0,30,33.03225806451613,9.765625E-4
Air-pressure.csv,81,2.494908350305499,16.0,1.0,15.0,14.58203125,3.8038177490234375,1.9503378550967618,0.0635386119257087,16.0,16.0,45,22.26086956521739,9.765625E-4
Air-pressure.csv,82,2.277542372881356,16.0,1.0,15.0,13.98046875,5.3980560302734375,2.3233716943858633,0.05865102639296188,15.0,16.0,53,18.962962962962962,9.765625E-4
Air-pressure.csv,83,2.695697252462416,16.0,1.0,15.0,14.3447265625,3.1848745346069336,1.7846216782856061,0.05180840664711633,15.0,16.0,41,24.38095238095238,9.765625E-4
Air-pressure.csv,84,2.9799706888128967,16.0,1.0,15.0,15.30859375,1.5532073974609375,1.2462774159315162,0.02932551319648094,16.0,16.0,16,60.23529411764706,9.765625E-4
Air-pressure.csv,85,2.232606438213915,17.0,1.0,16.0,14.318359375,1.2502098083496094,1.1181278139593922,0.03519061583577713,14.0,15.0,30,33.03225806451613,9.765625E-4
Air-pressure.csv,86,2.5316455696202533,17.0,1.0,16.0,14.681640625,2.1798973083496094,1.4764475298328787,0.07038123167155426,15.0,16.0,54,18.618181818181817,9.765625E-4
Air-pressure.csv,87,2.7961362480935437,16.0,1.0,15.0,14.6494140625,0.9151754379272461,0.9566480219637974,0.04398826979472141,15.0,15.0,33,30.11764705882353,9.765625E-4
Air-pressure.csv,88,2.8625954198473282,17.0,1.0,16.0,15.7119140625,2.033217430114746,1.4259093344651146,0.02346041055718475,16.0,17.0,12,78.76923076923077,9.765625E-4
Air-pressure.csv,89,2.1499448732083795,15.0,1.0,14.0,13.6123046875,2.1416845321655273,1.463449531813628,0.02541544477028348,14.0,15.0,21,46.54545454545455,9.765625E-4
Air-pressure.csv,90,3.109575518262586,16.0,1.0,15.0,15.1572265625,2.2907094955444336,1.5135090008138152,0.03421309872922776,16.0,16.0,28,35.310344827586206,9.765625E-4
Air-pressure.csv,91,2.92781423523473,16.0,1.0,15.0,14.765625,2.087646484375,1.4448690197990266,0.05767350928641251,15.0,16.0,45,22.26086956521739,9.765625E-4
Air-pressure.csv,92,2.158273381294964,15.0,1.0,14.0,13.5283203125,1.3156042098999023,1.146997911898667,0.06744868035190615,14.0,15.0,51,19.692307692307693,9.765625E-4
Air-pressure.csv,93,1.670843776106934,15.0,1.0,14.0,13.066091954022989,2.245631853613446,1.4985432438249642,0.12661870503597122,14.0,14.0,70,9.80281690140845,0.0014367816091954023
Food-price.csv,0,1.2327773749093547,36.0,1.0,35.0,20.234375,18.839599609375,4.3404607600317044,0.187683284457478,19.0,24.0,112,9.061946902654867,9.765625E-4
Food-price.csv,1,0.21482277121374865,36.0,1.0,35.0,20.4267578125,20.416510581970215,4.518463298730024,0.22287390029325513,19.0,24.0,97,10.448979591836734,0.0107421875
Food-price.csv,2,0.9167303284950343,23.0,1.0,22.0,19.2822265625,3.4154653549194336,1.848097766602036,0.19745845552297164,19.0,22.0,106,9.570093457943925,9.765625E-4
Food-price.csv,3,0.49770290964777947,23.0,1.0,22.0,19.3271484375,4.618559837341309,2.1490834877550262,0.15249266862170088,19.0,22.0,90,11.252747252747254,0.00390625
Food-price.csv,4,0.477326968973747,23.0,1.0,22.0,18.5576171875,2.87363338470459,1.695179455014893,0.18181818181818182,18.0,20.0,122,8.325203252032521,9.765625E-4
Food-price.csv,5,1.3838310269482885,35.0,1.0,34.0,20.2080078125,15.535834312438965,3.941552271940455,0.18084066471163246,19.0,23.0,107,9.481481481481481,9.765625E-4
Food-price.csv,6,0.900163666121113,23.0,1.0,22.0,18.189453125,2.0852012634277344,1.444022597962973,0.11143695014662756,18.0,19.0,72,14.027397260273972,9.765625E-4
Food-price.csv,7,0.3290676416819013,35.0,1.0,34.0,20.3701171875,14.80930233001709,3.84828563519096,0.13978494623655913,19.0,23.0,63,16.0,9.765625E-4
Food-price.csv,8,0.880410858400587,35.0,1.0,34.0,20.15625,14.3681640625,3.7905361180840895,0.16226783968719452,19.0,24.0,83,12.19047619047619,9.765625E-4
Food-price.csv,9,1.937984496124031,23.0,1.0,22.0,18.59375,18.4228515625,4.292184940388752,0.30303030303030304,19.0,22.0,100,10.138613861386139,0.0498046875
Food-price.csv,10,0.6090133982947625,23.0,1.0,22.0,18.2783203125,2.4117956161499023,1.5529956909630827,0.1300097751710655,18.0,20.0,86,11.770114942528735,9.765625E-4
Food-price.csv,11,1.0368251698248123,35.0,1.0,34.0,20.3974609375,19.45823574066162,4.411149027256007,0.198435972629521,19.0,23.0,84,12.047058823529412,0.0146484375
Food-price.csv,12,0.6870229007633588,23.0,1.0,22.0,19.251953125,4.411128997802734,2.100268791798501,0.21896383186705767,19.0,22.0,107,9.481481481481481,9.765625E-4
Food-price.csv,13,0.6395786305492852,24.0,1.0,23.0,19.509765625,3.1737327575683594,1.7814973358297113,0.22776148582600195,19.0,22.0,131,7.757575757575758,9.765625E-4
Food-price.csv,14,0.5716463414634146,23.0,1.0,22.0,19.4140625,5.65472412109375,2.377966383507923,0.13978494623655913,19.0,22.0,84,12.047058823529412,0.0087890625
Food-price.csv,15,0.9952082565425728,24.0,1.0,23.0,19.447265625,19.13393783569336,4.374235685887691,0.3919843597262952,20.0,22.0,214,4.7627906976744185,0.046875
Food-price.csv,16,0.0,23.0,1.0,22.0,20.541015625,2.2776145935058594,1.5091767933233864,0.28347996089931576,21.0,22.0,168,6.059171597633136,9.765625E-4
Food-price.csv,17,0.40404040404040403,28.0,1.0,27.0,22.37890625,4.7392425537109375,2.176980145456301,0.09872922776148582,22.0,25.0,44,22.755555555555556,9.765625E-4
Food-price.csv,18,0.7136485280999108,26.0,1.0,25.0,16.4638671875,12.81510066986084,3.579818524710553,0.16129032258064516,17.0,21.0,107,9.481481481481481,9.765625E-4
Food-price.csv,19,0.5666666666666667,26.0,1.0,25.0,22.50390625,3.9062347412109375,1.9764196773992455,0.10752688172043011,22.0,25.0,83,12.19047619047619,9.765625E-4
Food-price.csv,20,0.4383007417397168,25.0,1.0,24.0,22.2021484375,2.8233938217163086,1.6802957542398032,0.17497556207233628,22.0,24.0,123,8.258064516129032,9.765625E-4
Food-price.csv,21,0.4948861761794787,26.0,1.0,25.0,22.587890625,3.2305564880371094,1.7973748880067033,0.23851417399804498,22.0,25.0,175,5.818181818181818,9.765625E-4
Food-price.csv,22,0.6646726487205051,26.0,1.0,25.0,22.478515625,3.0835227966308594,1.7559962404945118,0.18670576735092864,23.0,25.0,143,7.111111111111111,9.765625E-4
Food-price.csv,23,0.6054490413723511,25.0,1.0,24.0,22.2685546875,3.2101049423217773,1.791676573023652,0.1466275659824047,22.0,24.0,100,10.138613861386139,9.765625E-4
Food-price.csv,24,0.9156311314584696,26.0,1.0,25.0,22.8505859375,3.343886375427246,1.828629644139908,0.2316715542521994,23.0,25.0,175,5.818181818181818,9.765625E-4
Food-price.csv,25,0.726792203501817,25.0,1.0,24.0,22.615234375,2.2542991638183594,1.5014323707108355,0.17497556207233628,22.0,24.0,132,7.6992481203007515,9.765625E-4
Food-price.csv,26,0.43948613928329955,26.0,1.0,25.0,22.07421875,3.9398040771484375,1.9848939712610438,0.2072336265884653,22.0,25.0,153,6.64935064935065,0.001953125
Food-price.csv,27,1.0032362459546926,26.0,1.0,25.0,23.1943359375,3.349928855895996,1.8302810865809644,0.15835777126099707,23.0,25.0,111,9.142857142857142,9.765625E-4
Food-price.csv,28,0.866089273817455,25.0,1.0,24.0,22.30078125,2.9876556396484375,1.7284836243506727,0.27468230694037143,22.0,25.0,209,4.876190476190477,9.765625E-4
Food-price.csv,29,0.4311774461028192,26.0,1.0,25.0,22.5087890625,2.828047752380371,1.6816800386459878,0.20918866080156404,22.0,25.0,145,7.013698630136986,9.765625E-4
Food-price.csv,30,0.4652708541043536,26.0,1.0,25.0,22.5009765625,3.3046865463256836,1.8178796842271172,0.18866080156402737,22.5,25.0,140,7.26241134751773,9.765625E-4
Food-price.csv,31,0.7208387942332897,26.0,1.0,25.0,22.8916015625,2.9970388412475586,1.7311957836269007,0.13196480938416422,23.0,25.0,90,11.252747252747254,9.765625E-4
Food-price.csv,32,0.5392652510953826,25.0,1.0,24.0,22.1630859375,3.046645164489746,1.7454641687785362,0.18670576735092864,22.0,24.0,137,7.420289855072464,9.765625E-4
Food-price.csv,33,1.048149361283983,26.0,1.0,25.0,22.6435546875,4.787985801696777,2.188146659092296,0.3763440860215054,23.0,25.0,188,5.417989417989418,0.00390625
Food-price.csv,34,0.6316489361702128,25.0,1.0,24.0,22.46875,3.1142578125,1.7647259879369375,0.18377321603128055,23.0,25.0,137,7.420289855072464,9.765625E-4
Food-price.csv,35,0.6561679790026247,25.0,1.0,24.0,22.83203125,3.1749114990234375,1.7818281339746092,0.14271749755620725,23.0,25.0,88,11.50561797752809,9.765625E-4
Food-price.csv,36,0.6480218281036835,25.0,1.0,24.0,21.7724609375,3.343733787536621,1.8285879217408774,0.21114369501466276,22.0,24.0,160,6.3602484472049685,9.765625E-4
Food-price.csv,37,0.8997429305912596,26.0,1.0,25.0,23.259765625,3.6083030700683594,1.8995533870013654,0.20234604105571846,23.0,25.0,134,7.5851851851851855,0.0029296875
Food-price.csv,38,0.5708529214237743,25.0,1.0,24.0,22.0576171875,2.98203182220459,1.726856051384883,0.2932551319648094,22.0,24.0,214,4.7627906976744185,9.765625E-4
Food-price.csv,39,1.3725490196078431,24.0,1.0,23.0,19.0048828125,9.61618709564209,3.1009977580840156,0.10557184750733138,19.0,23.0,69,14.628571428571428,9.765625E-4
Food-price.csv,40,0.4359889021006738,21.0,1.0,20.0,18.73046875,1.8863372802734375,1.3734399441815566,0.14076246334310852,19.0,20.0,102,9.941747572815533,9.765625E-4
Food-price.csv,41,0.9552923194497516,26.0,1.0,25.0,19.431640625,8.37423324584961,2.8938267477251656,0.1436950146627566,19.0,25.0,78,12.962025316455696,0.0068359375
Food-price.csv,42,0.4844290657439446,26.0,1.0,25.0,21.6328125,14.26361083984375,3.776719587134283,0.14467253176930597,24.0,25.0,90,11.252747252747254,9.765625E-4
Food-price.csv,43,0.5762581636573185,26.0,1.0,25.0,19.20703125,7.5528411865234375,2.748243290999441,0.20821114369501467,18.0,25.0,142,7.160839160839161,9.765625E-4
Food-price.csv,44,0.43807248108323377,21.0,1.0,20.0,18.53515625,4.6550140380859375,2.157548154291333,0.19941348973607037,19.0,20.0,108,9.394495412844037,0.0107421875
Food-price.csv,45,0.5189620758483033,21.0,1.0,20.0,18.6416015625,2.0014333724975586,1.4147202453126762,0.13880742913000976,19.0,20.0,110,9.225225225225225,9.765625E-4
Food-price.csv,46,0.4296875,21.0,1.0,20.0,19.046875,1.759521484375,1.3264695565202391,0.1436950146627566,20.0,20.0,98,10.343434343434344,9.765625E-4
Food-price.csv,47,0.9019607843137255,21.0,1.0,20.0,18.962890625,3.0650291442871094,1.750722463523876,0.1466275659824047,19.0,20.0,102,9.941747572815533,9.765625E-4
Food-price.csv,48,1.0392609699769053,23.0,1.0,22.0,19.2314453125,2.8497533798217773,1.6881212574402875,0.19941348973607037,19.0,21.0,154,6.606451612903226,9.765625E-4
Food-price.csv,49,1.0496568429551878,23.0,1.0,22.0,18.478515625,3.9311790466308594,1.9827201130343282,0.12512218963831867,19.0,21.0,86,11.770114942528735,9.765625E-4
Food-price.csv,50,0.7883817427385892,21.0,1.0,20.0,17.830078125,3.5765953063964844,1.8911888605838616,0.22189638318670576,18.0,20.0,159,6.4,0.0029296875
Food-price.csv,51,0.6097560975609756,22.0,1.0,21.0,19.5615234375,6.121214866638184,2.4741089035525867,0.12316715542521994,20.0,21.0,81,12.487804878048781,0.0126953125
Food-price.csv,52,0.7361963190184049,21.0,1.0,20.0,18.248046875,2.3251914978027344,1.5248578615079946,0.11827956989247312,18.0,20.0,85,11.906976744186046,9.765625E-4
Food-price.csv,53,0.4965622612681436,22.0,1.0,21.0,19.3935546875,3.4789037704467773,1.8651819671138732,0.21896383186705767,20.0,21.0,163,6.2439024390243905,9.765625E-4
Food-price.csv,54,0.1147227533460803,22.0,1.0,21.0,19.283203125,2.5662803649902344,1.6019614118293344,0.2238514173998045,19.0,21.0,148,6.87248322147651,9.765625E-4
Food-price.csv,55,0.1932740626207963,22.0,1.0,21.0,18.9462890625,3.658247947692871,1.9126546859516673,0.26881720430107525,19.0,21.0,165,6.168674698795181,0.00390625
Food-price.csv,56,0.9596161535385845,22.0,1.0,21.0,18.619140625,3.5463523864746094,1.8831761432416803,0.14467253176930597,19.0,21.0,104,9.752380952380953,9.765625E-4
Food-price.csv,57,0.7648953301127214,21.0,1.0,20.0,18.3056640625,3.489577293395996,1.8680410309722846,0.24144672531769307,18.0,21.0,162,6.282208588957055,0.00390625
Food-price.csv,58,1.2316249503377037,21.0,1.0,20.0,18.8505859375,3.625136375427246,1.9039790900709088,0.0772238514173998,19.0,20.0,47,21.333333333333332,9.765625E-4
Food-price.csv,59,0.4728132387706856,22.0,1.0,21.0,18.5673828125,7.65170955657959,2.766172365666968,0.3147605083088954,19.0,21.0,191,5.333333333333333,0.0146484375
Food-price.csv,60,0.9053187476423991,25.0,1.0,24.0,19.81640625,10.796371459960938,3.2857832338669173,0.1104594330400782,20.0,25.0,65,15.515151515151516,0.001953125
Food-price.csv,61,1.282565130260521,24.0,1.0,23.0,18.556640625,5.078823089599609,2.2536244340172584,0.1436950146627566,18.0,21.0,103,9.846153846153847,9.765625E-4
Food-price.csv,62,1.073558648111332,25.0,1.0,24.0,18.5419921875,7.884955406188965,2.8080162759836282,0.17790811339198437,18.0,24.0,137,7.420289855072464,9.765625E-4
Food-price.csv,63,0.38699690402476783,22.0,1.0,21.0,19.2294921875,2.403388023376465,1.5502864326879935,0.1603128054740958,20.0,21.0,122,8.325203252032521,9.765625E-4
Food-price.csv,64,0.30959752321981426,23.0,1.0,22.0,18.970703125,2.9092979431152344,1.7056664219932438,0.22189638318670576,19.0,21.0,141,7.211267605633803,9.765625E-4
Food-price.csv,65,0.4767143381004767,24.0,1.0,23.0,19.4482421875,3.973883628845215,1.9934602150143892,0.46725317693059626,20.0,21.0,245,4.162601626016261,9.765625E-4
Food-price.csv,66,1.7665130568356375,25.0,1.0,24.0,19.51171875,8.779159545898438,2.9629646548513597,0.09188660801564028,19.0,25.0,51,19.692307692307693,9.765625E-4
Food-price.csv,67,0.8662900188323918,26.0,1.0,25.0,19.80078125,15.583358764648438,3.9475763152405854,0.16715542521994134,18.0,25.0,118,8.605042016806722,9.765625E-4
Food-price.csv,68,0.550098231827112,22.0,1.0,21.0,18.8681640625,3.673048973083496,1.9165200163534677,0.22482893450635386,19.0,21.0,169,6.023529411764706,0.001953125
Food-price.csv,69,1.1453396524486572,21.0,1.0,20.0,18.9921875,3.44134521484375,1.855086309270744,0.08602150537634409,20.0,21.0,51,19.692307692307693,9.765625E-4
Food-price.csv,70,0.778816199376947,22.0,1.0,21.0,19.10546875,2.3912200927734375,1.546357039229116,0.1681329423264907,19.0,21.0,131,7.757575757575758,9.765625E-4
Food-price.csv,71,1.0496568429551878,21.0,1.0,20.0,18.5283203125,4.555838584899902,2.13444104741731,0.11339198435972629,19.0,21.0,61,16.516129032258064,0.001953125
Food-price.csv,72,1.3738551207327228,20.0,1.0,19.0,17.888671875,3.2883872985839844,1.8133911046941815,0.14858260019550343,18.0,20.0,100,10.138613861386139,0.0029296875
Food-price.csv,73,0.7246376811594203,22.0,1.0,21.0,19.4775390625,2.249495506286621,1.4998318260013757,0.15249266862170088,20.0,21.0,102,9.941747572815533,9.765625E-4
Food-price.csv,74,0.9406952965235174,21.0,1.0,20.0,18.185546875,2.5456504821777344,1.5955094741736053,0.1466275659824047,18.0,20.0,105,9.660377358490566,9.765625E-4
Food-price.csv,75,0.573175391669851,22.0,1.0,21.0,19.5087890625,2.140547752380371,1.4630610897636405,0.1436950146627566,20.0,21.0,109,9.309090909090909,9.765625E-4
Food-price.csv,76,0.5164878823996821,22.0,1.0,21.0,18.6845703125,2.3956212997436523,1.5477794738733461,0.15151515151515152,19.0,20.0,90,11.252747252747254,9.765625E-4
Food-price.csv,77,0.9400705052878966,22.0,1.0,21.0,18.875,2.611328125,1.615960434230987,0.2130987292277615,19.0,21.0,155,6.564102564102564,9.765625E-4
Food-price.csv,78,0.8814102564102564,21.0,1.0,20.0,18.6298828125,3.67648983001709,1.9174174897546674,0.11143695014662756,19.0,21.0,74,13.653333333333334,9.765625E-4
Food-price.csv,79,0.5524861878453039,22.0,1.0,21.0,18.654296875,3.3843955993652344,1.8396726881065648,0.24731182795698925,19.0,21.0,180,5.657458563535911,9.765625E-4
Food-price.csv,80,1.2951334379905808,21.0,1.0,20.0,19.0205078125,2.986884117126465,1.728260430932348,0.09775171065493646,19.0,21.0,61,16.516129032258064,0.0029296875
Food-price.csv,81,0.8859784283513097,22.0,1.0,21.0,19.3876953125,2.3448095321655273,1.5312770918960183,0.14858260019550343,20.0,21.0,101,10.03921568627451,9.765625E-4
Food-price.csv,82,0.8613938919342208,22.0,1.0,21.0,18.9306640625,2.675856590270996,1.635804569705989,0.187683284457478,19.0,21.0,128,7.937984496124031,9.765625E-4
Food-price.csv,83,0.9134233518665608,22.0,1.0,21.0,18.7890625,2.27386474609375,1.507933932933983,0.13098729227761485,19.0,20.0,80,12.641975308641975,9.765625E-4
Food-price.csv,84,0.7276905400229797,22.0,1.0,21.0,19.40625,2.5361328125,1.5925240382801134,0.19159335288367546,20.0,21.0,147,6.918918918918919,9.765625E-4
Food-price.csv,85,1.341156747694887,20.0,1.0,19.0,17.798828125,1.6099205017089844,1.2688264269430174,0.10557184750733138,18.0,19.0,72,14.027397260273972,9.765625E-4
Food-price.csv,86,1.0634257500949487,22.0,1.0,21.0,19.6171875,2.10345458984375,1.4503291315572993,0.16911045943304007,20.0,21.0,121,8.39344262295082,9.765625E-4
Food-price.csv,87,1.1314865392118612,22.0,1.0,21.0,18.806640625,3.6012840270996094,1.8977049367853815,0.20918866080156404,19.0,21.0,129,7.876923076923077,0.001953125
Food-price.csv,88,1.314708299096138,21.0,1.0,20.0,18.2060546875,1.7202367782592773,1.311577972618966,0.0967741935483871,18.0,20.0,65,15.515151515151516,9.765625E-4
Food-price.csv,89,0.6177606177606177,23.0,1.0,22.0,19.2138671875,3.38101863861084,1.8387546433961328,0.2072336265884653,20.0,21.0,150,6.781456953642384,9.765625E-4
Food-price.csv,90,0.8285004142502072,21.0,1.0,20.0,17.9091796875,13.303275108337402,3.647365502432873,0.12316715542521994,19.0,20.0,86,11.770114942528735,0.0380859375
Food-price.csv,91,0.573175391669851,22.0,1.0,21.0,19.3193359375,3.232985496520996,1.7980504710716538,0.20918866080156404,20.0,21.0,158,6.440251572327044,0.001953125
Food-price.csv,92,0.6434519303557911,23.0,1.0,22.0,19.345703125,2.5172080993652344,1.586571176898545,0.2619745845552297,19.0,21.0,172,5.91907514450867,9.765625E-4
Food-price.csv,93,0.7648183556405354,23.0,1.0,22.0,19.154296875,2.3179893493652344,1.5224944496993198,0.2649071358748778,19.0,21.0,146,6.965986394557823,9.765625E-4
Food-price.csv,94,0.6974041069352964,22.0,1.0,21.0,19.169921875,2.5883140563964844,1.6088238114835585,0.2072336265884653,20.0,21.0,150,6.781456953642384,9.765625E-4
Food-price.csv,95,0.9489916963226572,21.0,1.0,20.0,18.921875,2.167724609375,1.4723194658004763,0.09775171065493646,19.0,20.0,64,15.753846153846155,9.765625E-4
Food-price.csv,96,0.7895775759968416,22.0,1.0,21.0,18.798828125,4.272029876708984,2.066888936713578,0.16324535679374388,19.0,21.0,119,8.533333333333333,9.765625E-4
Food-price.csv,97,1.045436268596703,21.0,1.0,20.0,18.5048828125,2.93356990814209,1.7127667407274376,0.13978494623655913,19.0,20.0,102,9.941747572815533,0.001953125
Food-price.csv,98,0.6165703275529865,22.0,1.0,21.0,19.2763671875,3.06717586517334,1.7513354519261408,0.1827956989247312,20.0,21.0,125,8.126984126984127,9.765625E-4
Food-price.csv,99,0.7996801279488205,22.0,1.0,21.0,18.4482421875,4.680914878845215,2.163542206393306,0.1935483870967742,19.0,21.0,123,8.258064516129032,0.0029296875
Food-price.csv,100,1.2468827930174564,21.0,1.0,20.0,17.908203125,3.1790733337402344,1.782995606764143,0.12512218963831867,18.0,20.0,99,10.24,9.765625E-4
Food-price.csv,101,0.7227082540890072,22.0,1.0,21.0,19.5166015625,2.6149587631225586,1.6170834125432612,0.1935483870967742,20.0,21.0,140,7.26241134751773,9.765625E-4
Food-price.csv,102,1.155115511551155,21.0,1.0,20.0,17.9833984375,3.2448415756225586,1.801344380073549,0.14271749755620725,18.0,20.0,85,11.906976744186046,0.00390625
Food-price.csv,103,0.7963594994311718,22.0,1.0,21.0,19.5517578125,2.721930503845215,1.6498274163818514,0.18866080156402737,20.0,21.0,142,7.160839160839161,9.765625E-4
Food-price.csv,104,0.4827031375703942,22.0,1.0,21.0,18.3427734375,3.8873891830444336,1.971646312867608,0.19159335288367546,19.0,20.0,137,7.420289855072464,0.00390625
Food-price.csv,105,1.0200078462142017,21.0,1.0,20.0,18.9853515625,2.4382619857788086,1.5614935112829667,0.13391984359726294,19.0,21.0,90,11.252747252747254,9.765625E-4
Food-price.csv,106,0.6944444444444444,22.0,1.0,21.0,19.287109375,2.7027244567871094,1.643996489286735,0.15542521994134897,20.0,21.0,108,9.394495412844037,9.765625E-4
Food-price.csv,107,0.30511060259344014,23.0,1.0,22.0,19.1513671875,2.96634578704834,1.7223082729431278,0.29227761485826004,19.0,21.0,192,5.305699481865285,9.765625E-4
Food-price.csv,108,1.0964083175803403,25.0,1.0,24.0,19.68359375,10.476058959960938,3.2366740583446054,0.14271749755620725,19.0,25.0,79,12.8,9.765625E-4
Food-price.csv,109,1.0505836575875487,25.0,1.0,24.0,19.1083984375,12.786101341247559,3.575765839823346,0.17790811339198437,18.0,25.0,91,11.130434782608695,0.0048828125
Food-price.csv,110,0.45592705167173253,26.0,1.0,25.0,19.4248046875,8.767783164978027,2.9610442693377665,0.2130987292277615,19.0,25.0,171,5.953488372093023,0.001953125
Food-price.csv,111,0.8768585589020206,21.0,1.0,20.0,19.6474609375,1.714583396911621,1.30942101591185,0.11241446725317693,20.0,21.0,75,13.473684210526315,9.765625E-4
Food-price.csv,112,1.3447432762836187,21.0,1.0,20.0,18.3271484375,1.4584035873413086,1.2076438164215924,0.1104594330400782,18.0,20.0,77,13.128205128205128,9.765625E-4
Food-price.csv,113,0.8012209080503625,22.0,1.0,21.0,19.5205078125,2.833563804626465,1.6833192818436034,0.17497556207233628,20.0,21.0,127,8.0,9.765625E-4
Food-price.csv,114,0.8166598611678236,21.0,1.0,20.0,18.2392578125,2.041388511657715,1.428771679330786,0.1378299120234604,18.0,20.0,96,10.556701030927835,9.765625E-4
Food-price.csv,115,0.7590132827324478,22.0,1.0,21.0,19.5751953125,2.4943456649780273,1.5793497601791782,0.17790811339198437,20.0,21.0,130,7.816793893129771,9.765625E-4
Food-price.csv,116,0.6092607636068237,22.0,1.0,21.0,18.1484375,5.10101318359375,2.2585422696052757,0.20430107526881722,18.0,21.0,126,8.062992125984252,0.0029296875
Food-price.csv,117,1.089588377723971,21.0,1.0,20.0,18.4736328125,1.9289922714233398,1.3888816621380455,0.12121212121212122,19.0,20.0,89,11.377777777777778,9.765625E-4
Food-price.csv,118,1.0380622837370241,22.0,1.0,21.0,19.4443359375,2.647292137145996,1.627050133568722,0.11632453567937438,20.0,21.0,78,12.962025316455696,9.765625E-4
Food-price.csv,119,0.31620553359683795,23.0,1.0,22.0,18.68359375,5.8784027099609375,2.424541752571182,0.17790811339198437,19.0,21.0,120,8.462809917355372,0.0107421875
Food-price.csv,120,1.4700193423597678,22.0,1.0,21.0,19.306640625,2.1930809020996094,1.4809054332061886,0.13391984359726294,20.0,21.0,90,11.252747252747254,9.765625E-4
Food-price.csv,121,0.9218436873747495,21.0,1.0,20.0,18.380859375,1.8256492614746094,1.3511658896947516,0.23558162267839688,18.0,20.0,182,5.595628415300546,9.765625E-4
Food-price.csv,122,0.702576112412178,22.0,1.0,21.0,19.068359375,5.188686370849609,2.2778688221338843,0.13391984359726294,20.0,21.0,89,11.377777777777778,0.001953125
Food-price.csv,123,1.1613438407299876,21.0,1.0,20.0,17.9013671875,4.22952938079834,2.056581965494772,0.13196480938416422,18.0,20.0,84,12.047058823529412,0.0078125
Food-price.csv,124,1.0328997704667178,22.0,1.0,21.0,19.4140625,1.83245849609375,1.3536833071637362,0.18670576735092864,20.0,21.0,140,7.26241134751773,9.765625E-4
Food-price.csv,125,0.9334415584415584,21.0,1.0,20.0,18.4130859375,1.906508445739746,1.3807637182877257,0.11925708699902249,18.0,20.0,83,12.19047619047619,9.765625E-4
Food-price.csv,126,0.975800156128025,22.0,1.0,21.0,19.0283203125,2.5353307723999023,1.5922722042414426,0.1739980449657869,19.0,21.0,124,8.192,9.765625E-4
Food-price.csv,127,0.6841046277665996,21.0,1.0,20.0,18.337890625,2.3350486755371094,1.5280866060328875,0.23069403714565004,18.0,20.0,178,5.720670391061453,9.765625E-4
Food-price.csv,128,1.0309278350515463,22.0,1.0,21.0,18.86328125,3.0906829833984375,1.7580338402313072,0.09188660801564028,20.0,21.0,57,17.655172413793103,9.765625E-4
Food-price.csv,129,0.772499034376207,21.0,1.0,20.0,19.1943359375,2.719069480895996,1.6489601210750962,0.1906158357771261,20.0,21.0,144,7.062068965517241,0.001953125
Food-price.csv,130,0.0,23.0,1.0,22.0,18.91796875,3.3682708740234375,1.835284957172438,0.31378299120234604,19.0,21.0,170,5.988304093567251,0.0029296875
Food-price.csv,131,0.5645161290322581,22.0,1.0,21.0,18.2470703125,2.8715734481811523,1.694571759525442,0.21700879765395895,18.0,20.0,157,6.481012658227848,9.765625E-4
Food-price.csv,132,1.3276064037485358,22.0,1.0,21.0,19.1875,2.806640625,1.6753031442100264,0.08113391984359726,20.0,21.0,49,20.48,9.765625E-4
Food-price.csv,133,0.7908264136022143,22.0,1.0,21.0,18.7666015625,2.5734548568725586,1.604199132549497,0.198435972629521,19.0,21.0,164,6.206060606060606,9.765625E-4
Food-price.csv,134,1.2992125984251968,21.0,1.0,20.0,19.025390625,3.1809959411621094,1.7835346761871802,0.10654936461388075,20.0,21.0,63,16.0,9.765625E-4
Food-price.csv,135,0.6223259432127577,22.0,1.0,21.0,18.9521484375,2.7135305404663086,1.6472797395907923,0.23460410557184752,19.0,21.0,192,5.305699481865285,9.765625E-4
Food-price.csv,136,1.1750405186385737,21.0,1.0,20.0,18.4013671875,5.12699031829834,2.264285829637756,0.14760508308895406,19.0,21.0,67,15.058823529411764,0.00390625
Food-price.csv,137,0.754084625052367,21.0,1.0,20.0,17.689453125,2.7043418884277344,1.644488336361111,0.16129032258064516,18.0,20.0,135,7.529411764705882,9.765625E-4
Food-price.csv,138,0.8006099885627145,22.0,1.0,21.0,19.423828125,2.8613853454589844,1.6915629889126165,0.22189638318670576,20.0,21.0,150,6.781456953642384,9.765625E-4
Food-price.csv,139,1.0208248264597795,21.0,1.0,20.0,18.15625,1.6943359375,1.301666599978658,0.17888563049853373,18.0,20.0,132,7.6992481203007515,9.765625E-4
Food-price.csv,140,0.7338740826573967,22.0,1.0,21.0,19.2197265625,3.6890249252319336,1.9206834526365695,0.19257086999022482,20.0,21.0,129,7.876923076923077,9.765625E-4
Food-price.csv,141,0.631911532385466,22.0,1.0,21.0,18.72265625,2.2785491943359375,1.509486400844982,0.2130987292277615,19.0,21.0,171,5.953488372093023,9.765625E-4
Food-price.csv,142,0.65284178187404,22.0,1.0,21.0,19.23046875,6.7671966552734375,2.6013836040217977,0.16324535679374388,20.0,21.0,92,11.010752688172044,0.015625
Food-price.csv,143,0.671892497200448,26.0,1.0,25.0,19.767578125,11.135433197021484,3.336979651874054,0.2072336265884653,19.0,25.0,130,7.816793893129771,0.001953125
Food-price.csv,144,0.989345509893455,26.0,1.0,25.0,19.69921875,9.761093139648438,3.1242748182015676,0.11143695014662756,19.0,25.0,70,14.422535211267606,9.765625E-4
Food-price.csv,145,0.6480356419603078,22.0,1.0,21.0,18.306640625,3.0172996520996094,1.7370376081419796,0.198435972629521,18.0,20.0,163,6.2439024390243905,9.765625E-4
Food-price.csv,146,1.1275272161741836,22.0,1.0,21.0,19.224609375,3.2718162536621094,1.8088162575734743,0.11925708699902249,20.0,21.0,80,12.641975308641975,9.765625E-4
Food-price.csv,147,1.036682615629984,21.0,1.0,20.0,18.6435546875,1.2782201766967773,1.1305839980721368,0.1710654936461388,19.0,20.0,133,7.641791044776119,9.765625E-4
Food-price.csv,148,1.2860483242400624,22.0,1.0,21.0,19.068359375,5.176967620849609,2.2752950623709465,0.13196480938416422,20.0,21.0,69,14.628571428571428,0.0078125
Food-price.csv,149,0.6551059730250481,22.0,1.0,21.0,19.26953125,2.6461029052734375,1.626684636084523,0.20527859237536658,19.0,21.0,160,6.3602484472049685,9.765625E-4
Food-price.csv,150,0.2695417789757412,23.0,1.0,22.0,19.2294921875,2.774481773376465,1.665677571853708,0.1935483870967742,19.0,21.0,125,8.126984126984127,9.765625E-4
Food-price.csv,151,0.7179896290386917,22.0,1.0,21.0,18.46484375,4.5397796630859375,2.1306758700201063,0.2101661779081134,18.0,21.0,125,8.126984126984127,0.0029296875
Food-price.csv,152,0.902668759811617,21.0,1.0,20.0,18.806640625,2.5114402770996094,1.5847524340096812,0.22287390029325513,19.0,21.0,166,6.131736526946108,9.765625E-4
Food-price.csv,153,1.1128775834658187,21.0,1.0,20.0,18.7939453125,2.3940649032592773,1.547276608515516,0.10166177908113393,19.0,20.0,65,15.515151515151516,9.765625E-4
Food-price.csv,154,0.582977069568597,22.0,1.0,21.0,19.0732421875,2.892096519470215,1.700616511583436,0.1827956989247312,19.0,21.0,139,7.314285714285714,9.765625E-4
Food-price.csv,155,1.1618589743589745,21.0,1.0,20.0,18.62890625,2.0126800537109375,1.4186895550862908,0.1241446725317693,19.0,20.0,88,11.50561797752809,9.765625E-4
Food-price.csv,156,0.9280742459396751,21.0,1.0,20.0,19.095703125,4.244747161865234,2.0602784185311545,0.23264907135874877,20.0,21.0,140,7.26241134751773,0.0048828125
Food-price.csv,157,1.7156862745098038,21.0,1.0,20.0,18.2666015625,3.1681814193725586,1.7799385998883666,0.10263929618768329,19.0,20.0,72,14.027397260273972,9.765625E-4
Food-price.csv,158,0.658165364047717,22.0,1.0,21.0,17.9482421875,3.695563316345215,1.9223847992390115,0.1906158357771261,18.0,20.0,160,6.3602484472049685,0.001953125
Food-price.csv,159,0.9731413001167769,22.0,1.0,21.0,19.21484375,3.4421234130859375,1.855296044593945,0.09579667644183773,20.0,21.0,52,19.32075471698113,9.765625E-4
Food-price.csv,160,0.6050826946349335,22.0,1.0,21.0,18.244140625,2.4189109802246094,1.5552848550103642,0.2434017595307918,18.0,20.0,178,5.720670391061453,9.765625E-4
Food-price.csv,161,0.9585889570552147,22.0,1.0,21.0,19.5439453125,3.2949438095092773,1.8151980083476507,0.10654936461388075,20.0,21.0,65,15.515151515151516,9.765625E-4
Food-price.csv,162,0.3383458646616541,23.0,1.0,22.0,19.3359375,3.17816162109375,1.7827399196444078,0.3587487781036168,20.0,21.0,234,4.357446808510638,9.765625E-4
Food-price.csv,163,0.8316008316008316,21.0,1.0,20.0,17.947265625,2.3644065856933594,1.5376627021858076,0.11827956989247312,18.0,20.0,89,11.377777777777778,9.765625E-4
Food-price.csv,164,0.9878419452887538,22.0,1.0,21.0,19.525390625,2.3802146911621094,1.542794442290388,0.20918866080156404,20.0,21.0,144,7.062068965517241,0.001953125
Food-price.csv,165,0.9453349773941636,21.0,1.0,20.0,18.1103515625,3.8169240951538086,1.9536949851892973,0.12903225806451613,18.0,20.0,82,12.337349397590362,9.765625E-4
Food-price.csv,166,0.9837306091562619,21.0,1.0,20.0,19.6474609375,1.837630271911621,1.3555922218394516,0.1681329423264907,20.0,21.0,124,8.192,9.765625E-4
Food-price.csv,167,0.42210283960092093,22.0,1.0,21.0,19.16796875,3.1358489990234375,1.7708328546261607,0.23655913978494625,19.0,21.0,175,5.818181818181818,9.765625E-4
Food-price.csv,168,0.5575467941059339,22.0,1.0,21.0,18.5048828125,2.95700740814209,1.7195951291342069,0.22678396871945258,18.0,21.0,152,6.69281045751634,9.765625E-4
Food-price.csv,169,0.9009009009009009,22.0,1.0,21.0,18.9541015625,4.010588645935059,2.0026454119326913,0.1739980449657869,20.0,21.0,107,9.481481481481481,0.0048828125
Food-price.csv,170,1.0384615384615385,22.0,1.0,21.0,19.287109375,3.3042869567871094,1.8177697755180962,0.17888563049853373,20.0,21.0,137,7.420289855072464,0.001953125
Food-price.csv,171,0.8143322475570033,21.0,1.0,20.0,18.2919921875,1.8961858749389648,1.3770206516022063,0.14271749755620725,18.0,20.0,104,9.752380952380953,9.765625E-4
Food-price.csv,172,0.9125475285171103,22.0,1.0,21.0,19.5380859375,2.867690086364746,1.6934255479248994,0.1798631476050831,20.0,21.0,132,7.6992481203007515,9.765625E-4
Food-price.csv,173,0.6893910379165071,23.0,1.0,22.0,19.1142578125,2.634406089782715,1.6230853612126241,0.23949169110459434,19.0,21.0,155,6.564102564102564,9.765625E-4
Food-price.csv,174,0.6410256410256411,22.0,1.0,21.0,18.4951171875,1.7441167831420898,1.3206501365396097,0.1935483870967742,18.0,20.0,150,6.781456953642384,9.765625E-4
Food-price.csv,175,0.8327024981074943,22.0,1.0,21.0,19.775390625,2.3089256286621094,1.5195149320299914,0.1270772238514174,20.0,21.0,70,14.422535211267606,9.765625E-4
Food-price.csv,176,0.3897116134060795,22.0,1.0,21.0,18.990234375,1.6874046325683594,1.2990013982164759,0.20234604105571846,19.0,21.0,134,7.5851851851851855,9.765625E-4
Food-price.csv,177,0.942684766214178,22.0,1.0,21.0,19.7275390625,2.766585350036621,1.6633055492111548,0.18670576735092864,20.0,21.0,133,7.641791044776119,9.765625E-4
Food-price.csv,178,1.2345679012345678,21.0,1.0,20.0,18.138671875,1.7991294860839844,1.3413163258843845,0.10459433040078202,18.0,20.0,68,14.840579710144928,9.765625E-4
Food-price.csv,179,0.7262996941896025,22.0,1.0,21.0,19.408203125,3.2259483337402344,1.7960925181460543,0.1739980449657869,20.0,21.0,132,7.6992481203007515,9.765625E-4
Food-price.csv,180,0.2938706968933669,22.0,1.0,21.0,17.5322265625,12.284117698669434,3.5048705680337804,0.18670576735092864,19.0,21.0,142,7.160839160839161,9.765625E-4
Food-price.csv,181,0.6881564650488954,25.0,1.0,24.0,20.505859375,11.31051254272461,3.363110545718741,0.1681329423264907,21.0,23.0,130,7.816793893129771,0.001953125
Food-price.csv,182,0.16931933626820184,25.0,1.0,24.0,21.7373046875,3.6585302352905273,1.9127284792386314,0.40078201368523947,22.0,24.0,250,4.079681274900398,0.00390625
Food-price.csv,183,0.4679144385026738,27.0,1.0,26.0,22.064453125,2.5993614196777344,1.6122535221477217,0.36950146627565983,22.0,24.0,244,4.179591836734694,0.001953125
Food-price.csv,184,0.3395585738539898,26.0,1.0,25.0,21.9599609375,2.520857810974121,1.5877209487104846,0.22482893450635386,22.0,24.0,148,6.87248322147651,9.765625E-4
Food-price.csv,185,0.30374620317246037,26.0,1.0,25.0,21.9501953125,1.9262304306030273,1.387887038127753,0.32453567937438904,22.0,23.0,240,4.24896265560166,9.765625E-4
Food-price.csv,186,0.16795431642593214,26.0,1.0,25.0,21.9287109375,2.495894432067871,1.579840002047002,0.3812316715542522,22.0,24.0,272,3.750915750915751,9.765625E-4
Food-price.csv,187,0.16638935108153077,26.0,1.0,25.0,22.267578125,2.1002769470214844,1.4492332272693325,0.3284457478005865,22.0,24.0,236,4.320675105485232,9.765625E-4
Food-price.csv,188,0.23317788141239174,28.0,1.0,27.0,22.296875,1.820068359375,1.3490990917553092,0.2668621700879765,22.0,23.0,201,5.069306930693069,9.765625E-4
Food-price.csv,189,0.0,28.0,1.0,27.0,22.4912109375,2.455000877380371,1.5668442415825419,0.2883675464320626,22.0,24.0,196,5.197969543147208,9.765625E-4
Food-price.csv,190,0.5631003643590593,28.0,1.0,27.0,22.2890625,2.37152099609375,1.5399743491674627,0.3411534701857282,22.0,24.0,248,4.112449799196787,9.765625E-4
Food-price.csv,191,0.29811195760185494,28.0,1.0,27.0,22.1328125,2.63861083984375,1.6243801401900202,0.426197458455523,22.0,23.0,300,3.4019933554817277,0.001953125
Food-price.csv,192,0.36411784177424694,26.0,1.0,25.0,22.21875,2.3076171875,1.5190843253420792,0.41544477028348,22.0,24.0,300,3.4019933554817277,9.765625E-4
Food-price.csv,193,0.26586905948820205,26.0,1.0,25.0,22.1826171875,2.29965877532959,1.5164625861951193,0.4310850439882698,22.0,24.0,300,3.4019933554817277,9.765625E-4
Food-price.csv,194,0.37697052775873885,24.0,1.0,23.0,21.7353515625,1.9680471420288086,1.402871035423003,0.24144672531769307,22.0,23.0,168,6.059171597633136,9.765625E-4
Food-price.csv,195,0.20270270270270271,26.0,1.0,25.0,21.931640625,3.3312644958496094,1.8251751959331493,0.28347996089931576,22.0,24.0,179,5.688888888888889,0.0029296875
Food-price.csv,196,0.5299768135144087,26.0,1.0,25.0,22.5009765625,1.5976552963256836,1.2639838987604564,0.23655913978494625,23.0,24.0,168,6.059171597633136,9.765625E-4
Food-price.csv,197,0.33003300330033003,27.0,1.0,26.0,22.5732421875,2.283698081970215,1.51119094821608,0.2590420332355816,23.0,24.0,197,5.171717171717172,9.765625E-4
Food-price.csv,198,0.37581141100102494,25.0,1.0,24.0,21.677734375,2.4039573669433594,1.5504700470964794,0.3040078201368524,22.0,23.0,231,4.413793103448276,9.765625E-4
Food-price.csv,199,0.0,27.0,1.0,26.0,21.8974609375,3.328352928161621,1.824377408367474,0.3147605083088954,22.0,24.0,207,4.923076923076923,9.765625E-4
Food-price.csv,200,0.6312292358803987,25.0,1.0,24.0,22.2626953125,2.0745458602905273,1.440328386268398,0.31867057673509286,22.0,24.0,247,4.129032258064516,9.765625E-4
Food-price.csv,201,0.1342281879194631,26.0,1.0,25.0,22.009765625,2.2127952575683594,1.4875467244992204,0.34408602150537637,22.0,23.0,239,4.266666666666667,9.765625E-4
Food-price.csv,202,0.1669449081803005,26.0,1.0,25.0,22.1162109375,2.551924705505371,1.5974744772625855,0.37145650048875856,22.0,24.0,253,4.031496062992126,9.765625E-4
Food-price.csv,203,0.5674232309746329,26.0,1.0,25.0,22.0908203125,2.5142126083374023,1.5856268818159593,0.3519061583577713,22.0,24.0,265,3.8496240601503757,9.765625E-4
Food-price.csv,204,0.3691275167785235,26.0,1.0,25.0,22.1455078125,1.8079290390014648,1.3445925178289015,0.31573802541544477,22.0,24.0,236,4.320675105485232,9.765625E-4
Food-price.csv,205,0.5434782608695652,26.0,1.0,25.0,22.0625,1.7421875,1.3199195051214296,0.17790811339198437,22.0,23.0,132,7.6992481203007515,9.765625E-4
Food-price.csv,206,0.4952129415648729,28.0,1.0,27.0,22.5615234375,1.9200429916381836,1.3856561592394354,0.2130987292277615,22.0,24.0,147,6.918918918918919,9.765625E-4
Food-price.csv,207,0.30070163715335785,27.0,1.0,26.0,22.2099609375,3.919783592224121,1.9798443353516764,0.28934506353861195,22.0,24.0,179,5.688888888888889,0.0029296875
Food-price.csv,208,0.5668556185395132,27.0,1.0,26.0,22.19921875,2.7435150146484375,1.6563559444299518,0.3128054740957967,22.0,24.0,223,4.571428571428571,9.765625E-4
Food-price.csv,209,0.10020040080160321,26.0,1.0,25.0,22.2314453125,2.2853002548217773,1.511720957988536,0.29521016617790813,22.0,23.0,208,4.899521531100478,9.765625E-4
Food-price.csv,210,0.16578249336870027,26.0,1.0,25.0,22.232421875,2.2213706970214844,1.4904263473991206,0.4496578690127077,22.0,24.0,330,3.093655589123867,9.765625E-4
Food-price.csv,211,0.19769357495881384,27.0,1.0,26.0,22.4404296875,3.0257482528686523,1.7394678073677168,0.3734115347018573,23.0,24.0,272,3.750915750915751,9.765625E-4
Food-price.csv,212,0.36764705882352944,27.0,1.0,26.0,22.251953125,2.1240196228027344,1.457401668313418,0.25024437927663734,22.0,24.0,182,5.595628415300546,9.765625E-4
Food-price.csv,213,0.5,28.0,1.0,27.0,22.2724609375,2.155257225036621,1.4680794341712649,0.28347996089931576,22.0,24.0,204,4.995121951219512,9.765625E-4
Food-price.csv,214,0.16638935108153077,27.0,1.0,26.0,22.1552734375,3.4124135971069336,1.8472719337192707,0.41935483870967744,22.0,24.0,278,3.6702508960573477,0.001953125
Food-price.csv,215,0.436241610738255,28.0,1.0,27.0,22.0224609375,2.332503318786621,1.527253521451701,0.3509286412512219,22.0,23.0,249,4.096,9.765625E-4
Food-price.csv,216,0.13311148086522462,27.0,1.0,26.0,22.306640625,3.1618309020996094,1.778153790339747,0.2932551319648094,22.0,24.0,210,4.8530805687203795,9.765625E-4
Food-price.csv,217,0.3963011889035667,28.0,1.0,27.0,22.2958984375,2.7649831771850586,1.6628238563314692,0.33724340175953077,22.0,24.0,249,4.096,9.765625E-4
Food-price.csv,218,0.4603748766853009,27.0,1.0,26.0,22.533203125,2.2645225524902344,1.5048330646587462,0.32649071358748777,23.0,24.0,228,4.471615720524017,9.765625E-4
Food-price.csv,219,0.17337031900138697,26.0,1.0,25.0,21.3994140625,5.073866844177246,2.252524549073161,0.2913000977517107,22.0,23.0,211,4.830188679245283,9.765625E-4
Food-price.csv,220,1.368570080226522,20.0,1.0,19.0,15.6689453125,20.690207481384277,4.548648973198996,0.09286412512218964,17.0,18.0,52,19.32075471698113,0.0751953125
Food-price.csv,221,2.0588235294117645,23.0,1.0,22.0,17.70703125,8.025497436523438,2.8329308915897395,0.10263929618768329,17.0,23.0,70,14.422535211267606,9.765625E-4
Food-price.csv,222,0.9036144578313253,25.0,1.0,24.0,17.0068359375,47.963820457458496,6.925591704501392,0.12903225806451613,20.0,22.0,48,20.897959183673468,0.142578125
Food-price.csv,223,1.1555555555555554,20.0,1.0,19.0,16.7392578125,5.698615074157715,2.387177218841893,0.10068426197458455,17.0,19.0,66,15.283582089552239,0.001953125
Food-price.csv,224,0.7572172266919073,23.0,1.0,22.0,15.611328125,18.038387298583984,4.247162264216424,0.08993157380254155,16.0,19.0,53,18.962962962962962,0.015625
Food-price.csv,225,1.2085769980506822,23.0,1.0,22.0,19.0732421875,4.522955894470215,2.126724216834476,0.15053763440860216,19.0,21.0,110,9.225225225225225,9.765625E-4
Food-price.csv,226,1.1444356748224151,25.0,1.0,24.0,18.9599609375,18.20054531097412,4.266209712493529,0.07917888563049853,21.0,23.0,33,30.11764705882353,9.765625E-4
Food-price.csv,227,1.2755102040816326,23.0,1.0,22.0,17.400390625,14.50374984741211,3.808378900189963,0.13098729227761485,17.0,23.0,82,12.337349397590362,0.0087890625
Food-price.csv,228,0.9022556390977443,22.0,1.0,21.0,19.8935546875,8.599020957946777,2.932408729687384,0.11339198435972629,21.0,22.0,77,13.128205128205128,9.765625E-4
Food-price.csv,229,1.4794267221451687,25.0,1.0,24.0,16.0224609375,14.369612693786621,3.7907271985447095,0.07624633431085044,16.0,21.0,30,33.03225806451613,9.765625E-4
Food-price.csv,230,0.7380073800738007,23.0,1.0,22.0,18.0546875,8.64935302734375,2.940978243262563,0.1573802541544477,17.0,23.0,119,8.533333333333333,0.001953125
Food-price.csv,231,1.6282225237449117,22.0,1.0,21.0,16.4755859375,47.591200828552246,6.898637606698315,0.07526881720430108,17.0,22.0,39,25.6,0.1435546875
Food-price.csv,232,0.6928406466512702,25.0,1.0,24.0,16.0908203125,24.022025108337402,4.901226898271228,0.07624633431085044,18.0,19.0,40,24.975609756097562,0.0869140625
Food-price.csv,233,0.7716749886518384,23.0,1.0,22.0,16.392578125,20.216976165771484,4.496329187878873,0.08113391984359726,16.0,23.0,39,25.6,0.052734375
Food-price.csv,234,0.7404360345536816,22.0,1.0,21.0,18.0,7.70703125,2.7761540393141013,0.15249266862170088,17.0,21.0,107,9.481481481481481,9.765625E-4
Food-price.csv,235,1.7070979335130279,22.0,1.0,21.0,16.5166015625,32.92745876312256,5.738245268644636,0.06647116324535679,17.0,22.0,29,34.13333333333333,0.056640625
Food-price.csv,236,1.2814645308924486,19.0,1.0,18.0,16.271484375,8.97512435913086,2.995851191085909,0.08602150537634409,17.0,18.0,73,13.837837837837839,0.0322265625
Food-price.csv,237,0.6436955698599015,29.0,1.0,28.0,19.55859375,23.082504272460938,4.8044254882827495,0.12903225806451613,21.0,22.0,61,16.516129032258064,0.05078125
Food-price.csv,238,0.4618226600985222,29.0,1.0,28.0,24.3388671875,19.49747371673584,4.415594378646643,0.21700879765395895,27.0,29.0,156,6.522292993630574,9.765625E-4
Food-price.csv,239,0.9171410499683744,29.0,1.0,28.0,23.650390625,14.10824203491211,3.7560939864321963,0.19257086999022482,22.0,28.0,132,7.6992481203007515,9.765625E-4
Food-price.csv,240,0.5005362888809438,23.0,1.0,22.0,20.775390625,2.0843162536621094,1.4437161264120137,0.25806451612903225,21.0,22.0,186,5.475935828877005,0.001953125
Food-price.csv,241,0.6814921090387375,23.0,1.0,22.0,20.7607421875,1.9984197616577148,1.413654753345991,0.22678396871945258,21.0,22.0,187,5.446808510638298,9.765625E-4
Food-price.csv,242,0.6533575317604355,23.0,1.0,22.0,20.546875,1.599365234375,1.2646601260318917,0.20821114369501467,21.0,22.0,177,5.752808988764045,9.765625E-4
Food-price.csv,243,0.7145287512759442,29.0,1.0,28.0,22.0283203125,8.043143272399902,2.8360435949399476,0.18475073313782991,21.0,28.0,145,7.013698630136986,9.765625E-4
Food-price.csv,244,0.773369199731002,29.0,1.0,28.0,22.23046875,12.392196655273438,3.5202551974641607,0.16617790811339198,21.0,28.0,119,8.533333333333333,9.765625E-4
Food-price.csv,245,0.8631713554987213,29.0,1.0,28.0,23.515625,13.122802734375,3.6225409223879033,0.13587487781036167,22.0,29.0,79,12.8,9.765625E-4
Food-price.csv,246,0.948642459928034,29.0,1.0,28.0,22.9453125,12.25482177734375,3.5006887575652526,0.16324535679374388,21.0,28.0,113,8.982456140350877,9.765625E-4
Food-price.csv,247,1.238938053097345,23.0,1.0,22.0,21.1923828125,1.0518560409545898,1.025600331978588,0.14173998044965788,21.0,22.0,106,9.570093457943925,9.765625E-4
Food-price.csv,248,0.5956320317670417,29.0,1.0,28.0,22.611328125,12.350887298583984,3.514382918605197,0.17302052785923755,21.0,29.0,120,8.462809917355372,9.765625E-4
Food-price.csv,249,0.6722689075630253,28.0,1.0,27.0,22.2509765625,11.582518577575684,3.403309944388798,0.18866080156402737,21.0,28.0,129,7.876923076923077,9.765625E-4
Food-price.csv,250,0.7158196134574087,23.0,1.0,22.0,20.8271484375,1.4730520248413086,1.2136935465105303,0.19648093841642228,21.0,22.0,152,6.69281045751634,9.765625E-4
Food-price.csv,251,1.0010725777618876,23.0,1.0,22.0,21.06640625,0.8178558349609375,0.9043538217760444,0.10752688172043011,21.0,22.0,70,14.422535211267606,9.765625E-4
Food-price.csv,252,0.6254598969830758,22.0,1.0,21.0,20.150390625,1.8836326599121094,1.3724549755500577,0.2668621700879765,20.0,22.0,228,4.471615720524017,9.765625E-4
Food-price.csv,253,0.536097212294496,23.0,1.0,22.0,20.791015625,1.6653099060058594,1.2904688706070593,0.24926686217008798,21.0,22.0,204,4.995121951219512,9.765625E-4
Food-price.csv,254,0.7623007623007623,29.0,1.0,28.0,21.517578125,6.167659759521484,2.483477352327072,0.23949169110459434,21.0,23.0,194,5.251282051282051,9.765625E-4
Food-price.csv,255,0.9324009324009324,29.0,1.0,28.0,22.509765625,12.10342025756836,3.4789970189076564,0.18475073313782991,21.0,28.0,133,7.641791044776119,9.765625E-4
Food-price.csv,256,0.684931506849315,28.0,1.0,27.0,21.6708984375,8.337981224060059,2.8875562720161936,0.27956989247311825,21.0,28.0,211,4.830188679245283,9.765625E-4
Food-price.csv,257,0.7765619484645252,23.0,1.0,22.0,21.09765625,1.5783538818359375,1.2563255477128281,0.26588465298142716,21.0,22.0,213,4.785046728971962,9.765625E-4
Food-price.csv,258,0.5364806866952789,23.0,1.0,22.0,20.82421875,1.5628509521484375,1.2501403729775458,0.2287390029325513,21.0,22.0,186,5.475935828877005,9.765625E-4
Food-price.csv,259,0.5400254129606099,29.0,1.0,28.0,23.5732421875,16.738776206970215,4.091304951597988,0.2130987292277615,22.0,29.0,162,6.282208588957055,9.765625E-4
Food-price.csv,260,0.8237822349570201,23.0,1.0,22.0,20.859375,1.646240234375,1.283058936438619,0.20039100684261973,21.0,22.0,166,6.131736526946108,9.765625E-4
Food-price.csv,261,0.4352557127312296,23.0,1.0,22.0,20.4208984375,3.4527273178100586,1.8581515863379012,0.2854349951124145,20.0,22.0,176,5.785310734463277,0.00390625
Food-price.csv,262,0.6598240469208211,24.0,1.0,23.0,20.2314453125,2.0704565048217773,1.4389080946404387,0.2697947214076246,20.0,22.0,194,5.251282051282051,0.001953125
Food-price.csv,263,0.7537688442211056,23.0,1.0,22.0,20.7607421875,1.3226385116577148,1.150060220883113,0.21114369501466276,21.0,22.0,175,5.818181818181818,9.765625E-4
Food-price.csv,264,0.43431053203040176,23.0,1.0,22.0,20.5263671875,1.9661016464233398,1.4021774660945525,0.24535679374389052,21.0,22.0,210,4.8530805687203795,9.765625E-4
Food-price.csv,265,0.8840530431825909,29.0,1.0,28.0,22.0029296875,12.041983604431152,3.4701561354543045,0.19745845552297164,21.0,29.0,144,7.062068965517241,9.765625E-4
Food-price.csv,266,0.6112054329371817,29.0,1.0,28.0,22.0810546875,8.824484825134277,2.9706034446109224,0.1436950146627566,21.0,28.0,101,10.03921568627451,9.765625E-4
Food-price.csv,267,0.8113590263691683,28.0,1.0,27.0,22.1826171875,8.43051815032959,2.903535457047079,0.1544477028347996,21.0,28.0,108,9.394495412844037,9.765625E-4
Food-price.csv,268,0.9447165850244926,24.0,1.0,23.0,21.3173828125,1.4900884628295898,1.2206917968224371,0.18572825024437928,21.0,22.0,152,6.69281045751634,9.765625E-4
Food-price.csv,269,0.8617594254937163,23.0,1.0,22.0,20.8330078125,1.1469182968139648,1.0709427140673609,0.17008797653958943,21.0,22.0,139,7.314285714285714,9.765625E-4
Food-price.csv,270,1.2428977272727273,23.0,1.0,22.0,21.025390625,1.8118553161621094,1.346051750922716,0.1798631476050831,21.0,22.0,145,7.013698630136986,9.765625E-4
Food-price.csv,271,0.8599931200550396,25.0,1.0,24.0,21.7177734375,2.9955434799194336,1.73076384290851,0.18377321603128055,22.0,24.0,140,7.26241134751773,9.765625E-4
Food-price.csv,272,0.43343653250773995,29.0,1.0,28.0,24.0810546875,3.9631567001342773,1.9907678669634683,0.3284457478005865,24.0,27.0,241,4.231404958677686,9.765625E-4
Food-price.csv,273,0.5269683818970862,29.0,1.0,28.0,24.0595703125,3.0696935653686523,1.7520540988704236,0.31573802541544477,24.0,27.0,247,4.129032258064516,9.765625E-4
Food-price.csv,274,0.3768844221105528,29.0,1.0,28.0,23.732421875,3.7057456970214844,1.9250313496204379,0.31671554252199413,23.0,27.0,241,4.231404958677686,9.765625E-4
Food-price.csv,275,0.9122365523749607,27.0,1.0,26.0,23.8271484375,1.7503957748413086,1.3230252359049348,0.23655913978494625,24.0,25.0,192,5.305699481865285,9.765625E-4
Food-price.csv,276,0.15384615384615385,29.0,1.0,28.0,24.248046875,4.340816497802734,2.083462622127581,0.3411534701857282,24.0,27.0,262,3.893536121673004,9.765625E-4
Food-price.csv,277,0.22068095838587642,29.0,1.0,28.0,23.6513671875,3.42825984954834,1.8515560616811848,0.3460410557184751,23.0,26.0,268,3.806691449814126,9.765625E-4
Food-price.csv,278,0.7467330429371499,28.0,1.0,27.0,24.0791015625,3.2154226303100586,1.7931599566993621,0.23362658846529813,24.0,27.0,188,5.417989417989418,9.765625E-4
Food-price.csv,279,0.5449591280653951,29.0,1.0,28.0,24.595703125,3.6256065368652344,1.904102554187992,0.33528836754643204,24.0,27.0,260,3.9233716475095783,9.765625E-4
Food-price.csv,280,0.40222772277227725,28.0,1.0,27.0,24.13671875,3.1102142333984375,1.763579948116455,0.2991202346041056,24.0,26.0,233,4.3760683760683765,9.765625E-4
Food-price.csv,281,0.47318611987381703,29.0,1.0,28.0,23.580078125,3.6869468688964844,1.9201424084938294,0.3421309872922776,23.0,26.0,258,3.9536679536679538,9.765625E-4
Food-price.csv,282,0.3758221108675227,29.0,1.0,28.0,23.7412109375,4.254317283630371,2.0625996421095323,0.3284457478005865,24.0,27.0,260,3.9233716475095783,9.765625E-4
Food-price.csv,283,0.12334258402713537,29.0,1.0,28.0,24.185546875,3.0983848571777344,1.7602229566670622,0.30303030303030304,24.0,27.0,228,4.471615720524017,9.765625E-4
Food-price.csv,284,0.3129890453834116,29.0,1.0,28.0,23.681640625,3.7892723083496094,1.9466053293746037,0.3616813294232649,24.0,26.0,267,3.8208955223880596,9.765625E-4
Food-price.csv,285,0.5317485142320926,29.0,1.0,28.0,23.7216796875,3.3278112411499023,1.8242289442802684,0.3460410557184751,24.0,26.0,269,3.7925925925925927,9.765625E-4
Food-price.csv,286,0.3791469194312796,29.0,1.0,28.0,23.4951171875,3.26950740814209,1.808177924912836,0.32649071358748777,24.0,26.0,253,4.031496062992126,9.765625E-4
Food-price.csv,287,0.46831095847642834,29.0,1.0,28.0,23.7646484375,3.2698049545288086,1.8082602010022808,0.3225806451612903,24.0,26.0,247,4.129032258064516,9.765625E-4
Food-price.csv,288,0.6457564575645757,29.0,1.0,28.0,24.2275390625,3.499983787536621,1.870824360418856,0.33724340175953077,24.0,27.0,268,3.806691449814126,9.765625E-4
Food-price.csv,289,0.6176652254478073,29.0,1.0,28.0,24.193359375,3.1794090270996094,1.7830897417403335,0.3040078201368524,24.0,27.0,229,4.452173913043478,9.765625E-4
Food-price.csv,290,0.8678881388621023,29.0,1.0,28.0,23.193359375,5.394252777099609,2.3225530730425965,0.2873900293255132,23.0,27.0,205,4.970873786407767,0.001953125
Food-price.csv,291,0.46439628482972134,29.0,1.0,28.0,24.017578125,3.9567222595214844,1.9891511404419435,0.3362658846529814,24.0,26.0,265,3.8496240601503757,9.765625E-4
Food-price.csv,292,0.6184291898577613,29.0,1.0,28.0,24.0537109375,3.273482322692871,1.8092767402177232,0.3460410557184751,24.0,26.0,284,3.592982456140351,9.765625E-4
Food-price.csv,293,0.1869741352446245,29.0,1.0,28.0,23.7958984375,4.306975364685059,2.075325363571953,0.45650048875855326,24.0,26.0,290,3.5189003436426116,0.0029296875
Food-price.csv,294,0.37232392181197643,29.0,1.0,28.0,24.0078125,3.26361083984375,1.8065466614078225,0.34408602150537637,24.0,26.0,276,3.696750902527076,9.765625E-4
Food-price.csv,295,0.3097893432465923,29.0,1.0,28.0,24.0341796875,3.4451208114624023,1.85610366398604,0.3489736070381232,24.0,26.0,261,3.9083969465648853,9.765625E-4
Food-price.csv,296,0.3796267004112623,27.0,1.0,26.0,23.4921875,3.36126708984375,1.8333758724941676,0.2961876832844575,24.0,26.0,233,4.3760683760683765,9.765625E-4
Food-price.csv,297,0.522273425499232,29.0,1.0,28.0,24.248046875,3.5810508728027344,1.892366474233449,0.31671554252199413,24.0,27.0,242,4.2139917695473255,9.765625E-4
Food-price.csv,298,0.3753518923991242,29.0,1.0,28.0,23.802734375,4.187648773193359,2.0463745437219845,0.3812316715542522,24.0,26.0,265,3.8496240601503757,0.001953125
Food-price.csv,299,0.4684572142410993,29.0,1.0,28.0,23.86328125,2.6649017333984375,1.632452674168056,0.3147605083088954,24.0,26.0,254,4.015686274509804,9.765625E-4
Food-price.csv,300,0.4375,29.0,1.0,28.0,23.8671875,3.31634521484375,1.8210835276954624,0.2776148582600195,24.0,26.0,217,4.697247706422019,9.765625E-4
Food-price.csv,301,0.3483217226092464,29.0,1.0,28.0,23.478515625,4.011257171630859,2.002812315627917,0.31378299120234604,24.0,26.0,251,4.063492063492063,0.001953125
Food-price.csv,302,0.24744819053510672,29.0,1.0,28.0,24.048828125,3.0054283142089844,1.7336171186882599,0.38220918866080156,24.0,26.0,289,3.5310344827586206,9.765625E-4
Food-price.csv,303,0.43586550435865506,29.0,1.0,28.0,23.8349609375,2.807723045349121,1.6756261651541255,0.36070381231671556,24.0,26.0,278,3.6702508960573477,9.765625E-4
Food-price.csv,304,0.4063769928102532,29.0,1.0,28.0,23.7421875,2.60736083984375,1.6147324359917188,0.35288367546432065,24.0,26.0,284,3.592982456140351,9.765625E-4
Food-price.csv,305,0.49921996879875197,29.0,1.0,28.0,23.78515625,3.1159515380859375,1.7652058061557405,0.3343108504398827,24.0,26.0,255,4.0,9.765625E-4
Food-price.csv,306,0.4604051565377532,29.0,1.0,28.0,24.2666015625,3.7326345443725586,1.9320027288729587,0.375366568914956,24.0,26.0,263,3.878787878787879,0.001953125
Food-price.csv,307,0.563733166301284,29.0,1.0,28.0,23.71875,3.2978515625,1.8159987782209546,0.3225806451612903,24.0,26.0,261,3.9083969465648853,9.765625E-4
Food-price.csv,308,0.6519714374417883,29.0,1.0,28.0,23.93359375,3.8139495849609375,1.9529335843701745,0.3391984359726295,24.0,27.0,267,3.8208955223880596,9.765625E-4
Food-price.csv,309,0.3701418877236274,29.0,1.0,28.0,24.0888671875,4.16690731048584,2.041300396924921,0.35288367546432065,24.0,27.0,273,3.7372262773722627,9.765625E-4
Food-price.csv,310,0.36518563603164944,29.0,1.0,28.0,24.46875,4.2685546875,2.0660480845081994,0.32160312805474095,24.0,27.0,253,4.031496062992126,9.765625E-4
Food-price.csv,311,0.22109917877447885,29.0,1.0,28.0,23.607421875,3.2697105407714844,1.8082340945716857,0.28934506353861195,24.0,26.0,232,4.394849785407725,9.765625E-4
Food-price.csv,312,0.45234248788368336,27.0,1.0,26.0,23.1162109375,2.469893455505371,1.5715894678653746,0.24144672531769307,23.0,25.0,189,5.389473684210526,9.765625E-4
Food-price.csv,313,0.5255023183925811,29.0,1.0,28.0,24.080078125,3.9291343688964844,1.9822044215712173,0.30009775171065495,24.0,27.0,230,4.432900432900433,9.765625E-4
Food-price.csv,314,0.40574282147315854,29.0,1.0,28.0,23.861328125,3.1897544860839844,1.7859883779252272,0.31671554252199413,24.0,26.0,249,4.096,9.765625E-4
Food-price.csv,315,0.0946073793755913,29.0,1.0,28.0,23.5419921875,3.621283531188965,1.9029670336579572,0.35777126099706746,24.0,26.0,276,3.696750902527076,9.765625E-4
Food-price.csv,316,0.721681832444305,29.0,1.0,28.0,23.6962890625,2.938033103942871,1.7140691654489533,0.30498533724340177,24.0,26.0,232,4.394849785407725,9.765625E-4
Food-price.csv,317,0.46097111247695144,29.0,1.0,28.0,24.369140625,2.9125633239746094,1.7066233691047974,0.24926686217008798,24.0,27.0,181,5.626373626373627,9.765625E-4
Food-price.csv,318,0.28142589118198874,29.0,1.0,28.0,23.83203125,3.1065521240234375,1.7625413822158722,0.3088954056695992,24.0,26.0,239,4.266666666666667,9.765625E-4
Food-price.csv,319,0.56657223796034,29.0,1.0,28.0,23.7841796875,2.8352575302124023,1.6838222976942674,0.24242424242424243,24.0,25.0,189,5.389473684210526,9.765625E-4
Food-price.csv,320,0.5063291139240507,29.0,1.0,28.0,23.5185546875,4.058249473571777,2.0145097352884096,0.25219941348973607,24.0,26.0,189,5.389473684210526,0.0029296875
Food-price.csv,321,0.40765130134838506,30.0,1.0,29.0,23.6982421875,7.665778160095215,2.7687141708914655,0.3519061583577713,24.0,27.0,239,4.266666666666667,0.0068359375
Food-price.csv,322,0.3450439146800502,28.0,1.0,27.0,23.68359375,2.7651214599609375,1.662865436516418,0.3313782991202346,24.0,26.0,253,4.031496062992126,9.765625E-4
Food-price.csv,323,0.34471952366029457,29.0,1.0,28.0,23.8271484375,3.4671926498413086,1.862039916285714,0.260019550342131,24.0,26.0,206,4.946859903381642,9.765625E-4
Food-price.csv,324,0.21800062285892247,29.0,1.0,28.0,23.94140625,3.6118011474609375,1.9004739270668614,0.30791788856304986,24.0,26.0,240,4.24896265560166,9.765625E-4
Food-price.csv,325,0.4315659679408138,29.0,1.0,28.0,24.1376953125,3.7515478134155273,1.9368912755793826,0.34408602150537637,24.0,26.0,262,3.893536121673004,9.765625E-4
Food-price.csv,326,0.4722921914357683,29.0,1.0,28.0,23.453125,3.902099609375,1.9753732835530098,0.3479960899315738,23.0,26.0,249,4.096,9.765625E-4
Food-price.csv,327,0.51513200257566,27.0,1.0,26.0,23.1337890625,2.701827049255371,1.64372353187979,0.2619745845552297,23.0,25.0,218,4.675799086757991,9.765625E-4
Food-price.csv,328,0.3715170278637771,29.0,1.0,28.0,24.080078125,3.7924156188964844,1.9474125446079689,0.32453567937438904,24.0,26.0,259,3.9384615384615387,9.765625E-4
Food-price.csv,329,0.3730183400683867,29.0,1.0,28.0,23.8779296875,2.7888097763061523,1.6699729866995312,0.3479960899315738,24.0,26.0,291,3.506849315068493,9.765625E-4
Food-price.csv,330,0.15654351909830932,29.0,1.0,28.0,23.7001953125,4.688437461853027,2.1652799961790223,0.38025415444770283,24.0,26.0,266,3.8352059925093633,0.001953125
Food-price.csv,331,0.2962962962962963,29.0,1.0,28.0,25.169921875,3.5648765563964844,1.8880880690255115,0.2844574780058651,25.0,28.0,201,5.069306930693069,9.765625E-4
Food-price.csv,332,0.11768167107972934,29.0,1.0,28.0,25.341796875,4.738643646240234,2.176842586463301,0.3196480938416422,25.0,28.0,218,4.675799086757991,9.765625E-4
Food-price.csv,333,0.4478948939982084,29.0,1.0,28.0,25.0341796875,2.7576208114624023,1.6606085665991255,0.3147605083088954,25.0,27.0,230,4.432900432900433,9.765625E-4
Food-price.csv,334,0.3461205653302567,29.0,1.0,28.0,25.7958984375,4.258147239685059,2.0635278625899525,0.42130987292277616,26.0,28.0,294,3.471186440677966,9.765625E-4
Food-price.csv,335,0.17678255745433116,29.0,1.0,28.0,25.1171875,4.79876708984375,2.190608839990323,0.4897360703812317,25.0,28.0,314,3.250793650793651,0.001953125
Food-price.csv,336,0.7023705004389815,29.0,1.0,28.0,25.546875,4.898193359375,2.2131862459754714,0.33724340175953077,26.0,28.0,221,4.612612612612613,0.001953125
Food-price.csv,337,0.20301624129930396,29.0,1.0,28.0,25.681640625,4.531459808349609,2.1287225766523945,0.32160312805474095,26.0,28.0,206,4.946859903381642,9.765625E-4
Food-price.csv,338,0.580046403712297,29.0,1.0,28.0,25.751953125,3.4912071228027344,1.8684772203060798,0.31085043988269795,26.0,28.0,231,4.413793103448276,9.765625E-4
Food-price.csv,339,0.3448275862068966,30.0,1.0,29.0,25.857421875,6.860530853271484,2.6192615091417437,0.36070381231671556,26.0,29.0,257,3.9689922480620154,0.001953125
Food-price.csv,340,0.4082822980460776,29.0,1.0,28.0,25.4462890625,3.704146385192871,1.9246159058869048,0.4340175953079179,25.0,28.0,306,3.3355048859934855,9.765625E-4
Food-price.csv,341,0.3449267030755964,29.0,1.0,28.0,25.6572265625,5.131529808044434,2.265288018783579,0.5503421309872922,25.0,28.0,315,3.240506329113924,0.00390625
Food-price.csv,342,0.3769208466222093,29.0,1.0,28.0,25.6943359375,7.475905418395996,2.734210200111907,0.41544477028348,26.0,28.0,184,5.535135135135135,0.005859375
Food-price.csv,343,0.17798872738059923,29.0,1.0,28.0,25.1650390625,4.264754295349121,2.065128154703509,0.37145650048875856,25.0,28.0,247,4.129032258064516,9.765625E-4
Food-price.csv,344,0.23337222870478413,29.0,1.0,28.0,25.6044921875,3.971503257751465,1.9928630805329965,0.33235581622678395,25.0,28.0,190,5.361256544502618,0.001953125
Food-price.csv,345,0.08761682242990654,29.0,1.0,28.0,25.583984375,3.3835716247558594,1.8394487284933656,0.3812316715542522,26.0,28.0,297,3.436241610738255,9.765625E-4
Food-price.csv,346,0.32362459546925565,29.0,1.0,28.0,25.3798828125,3.51291561126709,1.874277357081147,0.3176930596285435,25.0,28.0,237,4.302521008403361,9.765625E-4
Food-price.csv,347,0.4034582132564842,29.0,1.0,28.0,25.9541015625,3.5086355209350586,1.8731352115998083,0.33235581622678395,26.0,28.0,226,4.511013215859031,9.765625E-4
Food-price.csv,348,0.3234342840341076,29.0,1.0,28.0,25.2763671875,5.07108211517334,2.2519063291294645,0.36363636363636365,25.0,28.0,217,4.697247706422019,0.001953125
Food-price.csv,349,0.4639025804581038,29.0,1.0,28.0,25.76171875,4.7440032958984375,2.1780732990187537,0.34310850439882695,26.0,28.0,206,4.946859903381642,0.001953125
Food-price.csv,350,0.37812681791739383,29.0,1.0,28.0,25.52734375,4.7707366943359375,2.184201614855171,0.4066471163245357,26.0,28.0,244,4.179591836734694,0.001953125
Food-price.csv,351,0.2901073397156948,29.0,1.0,28.0,25.6259765625,4.370848655700684,2.0906574697211124,0.375366568914956,26.0,28.0,252,4.047430830039525,9.765625E-4
Food-price.csv,352,0.11315417256011315,30.0,1.0,29.0,25.5498046875,9.520956993103027,3.0856048018343225,0.7008797653958945,26.0,29.0,320,3.190031152647975,0.0078125
Food-price.csv,353,0.4329004329004329,30.0,1.0,29.0,22.1962890625,5.646040916442871,2.3761399193740402,0.3098729227761486,22.0,24.0,140,7.26241134751773,9.765625E-4
Food-price.csv,354,0.4056795131845842,26.0,1.0,25.0,22.1875,7.859375,2.8034576865007255,0.21114369501466276,23.0,25.0,122,8.325203252032521,9.765625E-4
Food-price.csv,355,0.8692852543464262,26.0,1.0,25.0,23.267578125,5.166683197021484,2.273033919021334,0.26099706744868034,24.0,26.0,149,6.826666666666667,9.765625E-4
Food-price.csv,356,0.358530026889752,31.0,1.0,30.0,24.6865234375,5.789427757263184,2.406122972182258,0.39296187683284456,24.0,28.0,158,6.440251572327044,0.001953125
Food-price.csv,357,1.1695906432748537,31.0,1.0,30.0,25.328125,15.544677734375,3.9426739320383826,1.1085043988269794,25.0,29.0,403,2.5346534653465347,0.0107421875
Food-price.csv,358,0.19099590723055934,30.0,1.0,29.0,26.9453125,8.09466552734375,2.8451125684836707,0.533724340175953,28.0,29.0,243,4.19672131147541,9.765625E-4
Food-price.csv,359,0.32292787944025836,30.0,1.0,29.0,27.76953125,3.6597747802734375,1.91305378394687,0.32942326490713586,28.0,29.0,185,5.505376344086022,9.765625E-4
Food-price.csv,360,0.5417118093174431,31.0,1.0,30.0,27.2919921875,6.446967124938965,2.5390878529383274,0.42717497556207235,28.0,29.0,270,3.7785977859778597,0.00390625
Food-price.csv,361,0.4550321199143469,30.0,1.0,29.0,27.7451171875,4.14108943939209,2.034966692452751,0.48484848484848486,28.0,29.0,238,4.2845188284518825,9.765625E-4
Food-price.csv,362,0.2676659528907923,31.0,1.0,30.0,27.5498046875,5.460410118103027,2.3367520446343955,0.5180840664711632,28.0,29.0,247,4.129032258064516,0.001953125
Food-price.csv,363,0.23337222870478413,31.0,1.0,30.0,25.013671875,13.271297454833984,3.6429792004393855,0.6559139784946236,25.0,29.0,240,4.24896265560166,0.0048828125
Food-price.csv,364,1.095890410958904,26.0,1.0,25.0,21.873046875,4.415523529052734,2.1013147144235047,0.20625610948191594,22.0,25.0,138,7.366906474820144,9.765625E-4
Food-price.csv,365,1.1432200698634487,27.0,1.0,26.0,23.7060546875,3.5063695907592773,1.8725302643106405,0.18377321603128055,24.0,25.0,53,18.962962962962962,9.765625E-4
Food-price.csv,366,0.7455731593662628,28.0,1.0,27.0,24.2421875,4.26361083984375,2.064851287585561,0.20918866080156404,25.0,27.0,82,12.337349397590362,9.765625E-4
Food-price.csv,367,0.3785830178474851,30.0,1.0,29.0,27.6162109375,1.927901268005371,1.3884888433132514,0.36363636363636365,28.0,29.0,278,3.6702508960573477,9.765625E-4
Food-price.csv,368,0.5415651232060655,30.0,1.0,29.0,27.5771484375,1.8573293685913086,1.3628387170136123,0.3655913978494624,28.0,29.0,286,3.56794425087108,9.765625E-4
Food-price.csv,369,0.6141522029372497,30.0,1.0,29.0,27.8544921875,3.177069664001465,1.7824336352306263,0.41642228739002934,28.0,29.0,284,3.592982456140351,0.001953125
Food-price.csv,370,0.6580915345498055,30.0,1.0,29.0,25.0146484375,13.387480735778809,3.6588906427739554,0.2590420332355816,27.0,29.0,195,5.224489795918367,9.765625E-4
Food-price.csv,371,0.5466237942122186,30.0,1.0,29.0,23.2255859375,7.885634422302246,2.8081371801075257,0.2482893450635386,22.0,28.0,173,5.885057471264368,9.765625E-4
Food-price.csv,372,0.0,29.0,1.0,28.0,25.57421875,6.6507415771484375,2.578903173278989,0.25513196480938416,26.0,28.0,174,5.851428571428571,9.765625E-4
Food-price.csv,373,0.5423728813559322,28.0,1.0,27.0,21.7841796875,3.7102575302124023,1.9262028787779346,0.31867057673509286,22.0,24.0,206,4.946859903381642,9.765625E-4
Food-price.csv,374,0.49504950495049505,29.0,1.0,28.0,22.5068359375,19.507765769958496,4.416759645934845,0.21994134897360704,23.0,28.0,110,9.225225225225225,0.0029296875
Food-price.csv,375,1.3597513597513597,22.0,1.0,21.0,19.3193359375,1.779860496520996,1.33411412424912,0.10068426197458455,20.0,21.0,69,14.628571428571428,9.765625E-4
Food-price.csv,376,0.6141618497109826,25.0,1.0,24.0,20.5009765625,5.062499046325684,2.249999788072364,0.25806451612903225,20.0,24.0,200,5.0945273631840795,0.001953125
Food-price.csv,377,0.36112934996717005,26.0,1.0,25.0,22.4619140625,2.848158836364746,1.687648907908498,0.42717497556207235,23.0,24.0,315,3.240506329113924,9.765625E-4
Food-price.csv,378,0.3288391976323578,26.0,1.0,25.0,22.4482421875,3.725836753845215,1.9302426670875388,0.48289345063538613,23.0,25.0,322,3.170278637770898,9.765625E-4
Food-price.csv,379,0.3654485049833887,26.0,1.0,25.0,22.2373046875,3.4036474227905273,1.8448976727153534,0.4232649071358749,22.0,24.0,317,3.220125786163522,9.765625E-4
Food-price.csv,380,0.1960143743874551,26.0,1.0,25.0,22.7802734375,2.3433218002319336,1.5307912333926967,0.31671554252199413,23.0,25.0,233,4.3760683760683765,9.765625E-4
Food-price.csv,381,0.2948885976408912,26.0,1.0,25.0,22.5087890625,4.023360252380371,2.0058315613182405,0.42717497556207235,23.0,25.0,272,3.750915750915751,9.765625E-4
Food-price.csv,382,0.2298095863427446,26.0,1.0,25.0,22.408203125,3.3978233337402344,1.8433185654520583,0.40762463343108507,23.0,24.0,264,3.8641509433962264,0.001953125
Food-price.csv,383,0.4966887417218543,26.0,1.0,25.0,22.1640625,2.95745849609375,1.719726285224992,0.44086021505376344,22.0,24.0,321,3.1801242236024843,9.765625E-4
Food-price.csv,384,0.5310321938267507,25.0,1.0,24.0,22.291015625,2.5324974060058594,1.5913822312712491,0.39002932551319647,22.0,24.0,278,3.6702508960573477,9.765625E-4
Food-price.csv,385,0.22996057818659657,26.0,1.0,25.0,22.537109375,3.4732322692871094,1.8636609856106097,0.39100684261974583,23.0,25.0,285,3.5804195804195804,9.765625E-4
Food-price.csv,386,0.433188937020993,26.0,1.0,25.0,22.140625,3.441162109375,1.8550369563367195,0.3519061583577713,23.0,24.0,256,3.9844357976653697,0.0029296875
Food-price.csv,387,0.9079118028534371,27.0,1.0,26.0,22.951171875,4.851131439208984,2.202528419614372,0.29521016617790813,23.0,26.0,232,4.394849785407725,9.765625E-4
Food-price.csv,388,0.5523166615526235,27.0,1.0,26.0,24.3720703125,4.161368370056152,2.0399432271649505,0.2238514173998045,25.0,26.0,155,6.564102564102564,9.765625E-4
Food-price.csv,389,0.4377736085053158,31.0,1.0,30.0,23.720703125,13.277462005615234,3.643825188674017,0.2785923753665689,23.0,29.0,166,6.131736526946108,9.765625E-4
Food-price.csv,390,0.1975633849193283,31.0,1.0,30.0,22.587890625,10.42782211303711,3.2292138537168933,0.27663734115347016,22.0,28.0,200,5.0945273631840795,9.765625E-4
Food-price.csv,391,0.16823687752355315,31.0,1.0,30.0,21.876953125,9.852046966552734,3.13879705724227,0.40860215053763443,21.0,28.0,295,3.4594594594594597,0.001953125
Food-price.csv,392,0.41827541827541825,32.0,1.0,31.0,22.8798828125,11.95139217376709,3.457078560543149,0.36070381231671556,22.0,28.0,236,4.320675105485232,0.001953125
Food-price.csv,393,0.06418485237483953,31.0,1.0,30.0,23.0615234375,12.005003929138184,3.46482379481817,0.3841642228739003,22.0,28.0,274,3.7236363636363636,9.765625E-4
Food-price.csv,394,0.28864656831302116,29.0,1.0,28.0,23.09765625,10.613510131835938,3.2578382605396383,0.33822091886608013,22.0,28.0,255,4.0,0.001953125
Food-price.csv,395,0.7594062823610632,28.0,1.0,27.0,21.5517578125,2.712164878845215,1.6468651671722294,0.21994134897360704,21.0,23.0,174,5.851428571428571,9.765625E-4
Food-price.csv,396,0.19607843137254902,31.0,1.0,30.0,22.7431640625,10.081496238708496,3.1751371999818363,0.28347996089931576,21.0,28.0,210,4.8530805687203795,9.765625E-4
Food-price.csv,397,0.6014032743067157,29.0,1.0,28.0,22.333984375,4.081813812255859,2.020349923220198,0.25513196480938416,22.0,23.0,193,5.278350515463917,9.765625E-4
Food-price.csv,398,0.5994005994005994,30.0,1.0,29.0,22.1943359375,9.267897605895996,3.0443221915388645,0.3489736070381232,21.0,28.0,270,3.7785977859778597,9.765625E-4
Food-price.csv,399,0.4859086491739553,29.0,1.0,28.0,22.845703125,11.755489349365234,3.428627910602904,0.29227761485826004,21.0,28.0,215,4.7407407407407405,9.765625E-4
Food-price.csv,400,0.3939592908732764,31.0,1.0,30.0,22.4267578125,11.055182456970215,3.324933451510002,0.3734115347018573,21.0,28.0,261,3.9083969465648853,9.765625E-4
Food-price.csv,401,0.129366106080207,31.0,1.0,30.0,22.525390625,11.35482406616211,3.369691983870649,0.46529814271749753,21.0,28.0,312,3.2715654952076676,9.765625E-4
Food-price.csv,402,0.032722513089005235,31.0,1.0,30.0,22.3212890625,11.239546775817871,3.3525433294467457,0.48484848484848486,22.0,28.0,320,3.190031152647975,0.0029296875
Food-price.csv,403,0.6823609689525759,31.0,1.0,30.0,21.4404296875,7.525748252868652,2.743309726018674,0.41348973607038125,21.0,28.0,310,3.292604501607717,9.765625E-4
Food-price.csv,404,0.6209150326797386,31.0,1.0,30.0,22.4140625,11.58050537109375,3.4030141596963346,0.3831867057673509,21.0,28.0,281,3.631205673758865,9.765625E-4
Food-price.csv,405,0.2460456942003515,31.0,1.0,30.0,21.0,7.224609375,2.687863347530897,0.3206256109481916,20.0,23.0,253,4.031496062992126,9.765625E-4
Food-price.csv,406,0.1235712079085573,31.0,1.0,30.0,23.943359375,15.33077621459961,3.9154535132727104,0.3313782991202346,22.0,29.0,239,4.266666666666667,9.765625E-4
Food-price.csv,407,0.4767580452920143,31.0,1.0,30.0,18.6640625,24.61175537109375,4.9610236212997165,0.19452590420332355,16.0,27.0,134,7.5851851851851855,9.765625E-4
Food-price.csv,408,1.567398119122257,25.0,1.0,24.0,16.5869140625,18.429945945739746,4.293011291126515,0.12218963831867058,15.0,24.0,94,10.778947368421052,9.765625E-4
Food-price.csv,409,1.3852048334806955,35.0,1.0,34.0,25.24609375,3.2285003662109375,1.7968028178436657,0.24242424242424243,25.0,26.0,168,6.059171597633136,9.765625E-4
Food-price.csv,410,0.5911912503694945,38.0,1.0,37.0,25.072265625,16.41860580444336,4.051987883057322,0.32649071358748777,24.0,28.0,165,6.168674698795181,0.0078125
Food-price.csv,411,0.9309309309309309,34.0,1.0,33.0,24.8837890625,12.458174705505371,3.5296139598411282,0.19941348973607037,25.0,27.0,136,7.474452554744525,9.765625E-4
Food-price.csv,412,0.24009603841536614,29.0,1.0,28.0,24.720703125,3.4649620056152344,1.861440841288069,0.41935483870967744,24.0,27.0,317,3.220125786163522,9.765625E-4
Food-price.csv,413,0.5986231667165519,35.0,1.0,34.0,24.9169921875,6.117133140563965,2.4732838778765296,0.19452590420332355,24.0,27.0,114,8.904347826086957,9.765625E-4
Food-price.csv,414,0.5785627283800243,34.0,1.0,33.0,24.44921875,6.4915618896484375,2.5478543697881237,0.198435972629521,24.0,26.0,128,7.937984496124031,9.765625E-4
Food-price.csv,415,0.24264482863208978,29.0,1.0,28.0,24.67578125,3.0687103271484375,1.751773480547196,0.22776148582600195,25.0,27.0,145,7.013698630136986,9.765625E-4
Food-price.csv,416,0.0,28.0,1.0,27.0,24.7353515625,3.1262502670288086,1.7681205465207424,0.32453567937438904,25.0,27.0,241,4.231404958677686,9.765625E-4
Food-price.csv,417,0.0,28.0,1.0,27.0,25.2236328125,3.50369930267334,1.8718171125068122,0.2854349951124145,25.0,28.0,183,5.565217391304348,9.765625E-4
Food-price.csv,418,0.0,29.0,1.0,28.0,25.1513671875,4.41165828704834,2.1003947931396945,0.30596285434995113,25.0,28.0,192,5.305699481865285,9.765625E-4
Food-price.csv,419,0.7090012330456227,27.0,1.0,26.0,24.4052734375,2.8132925033569336,1.6772872453330507,0.18475073313782991,24.0,26.0,128,7.937984496124031,9.765625E-4
Food-price.csv,420,0.6263048016701461,35.0,1.0,34.0,24.87109375,13.524398803710938,3.6775533719731297,0.31867057673509286,24.0,27.0,228,4.471615720524017,0.001953125
Food-price.csv,421,0.8888888888888888,34.0,1.0,33.0,25.23828125,12.716659545898438,3.566042560864696,0.18181818181818182,25.0,28.0,122,8.325203252032521,0.001953125
Food-price.csv,422,0.43983663210807417,29.0,1.0,28.0,23.7568359375,3.977004051208496,1.9942427262518714,0.25806451612903225,24.0,26.0,205,4.970873786407767,9.765625E-4
Food-price.csv,423,0.5778588807785888,28.0,1.0,27.0,24.4814453125,3.9312963485717773,1.9827496938776152,0.3489736070381232,24.0,27.0,245,4.162601626016261,0.001953125
Food-price.csv,424,0.3459210147016431,34.0,1.0,33.0,25.7568359375,7.648879051208496,2.765660689818709,0.34017595307917886,25.0,28.0,226,4.511013215859031,9.765625E-4
Food-price.csv,425,0.4038073262186328,35.0,1.0,34.0,25.6572265625,8.317076683044434,2.8839342369486225,0.3147605083088954,25.0,28.0,200,5.0945273631840795,9.765625E-4
Food-price.csv,426,0.0,29.0,1.0,28.0,24.9560546875,3.8525609970092773,1.9627941810106524,0.3088954056695992,25.0,27.0,198,5.1457286432160805,9.765625E-4
Food-price.csv,427,0.6237006237006237,28.0,1.0,27.0,25.05078125,3.1146087646484375,1.7648254204448772,0.2903225806451613,25.0,27.0,198,5.1457286432160805,9.765625E-4
Food-price.csv,428,0.14766686355581807,29.0,1.0,28.0,25.0947265625,3.6287221908569336,1.904920520876641,0.30303030303030304,25.0,27.0,206,4.946859903381642,9.765625E-4
Food-price.csv,429,0.5047672462142456,35.0,1.0,34.0,26.35546875,17.770126342773438,4.215462767333314,0.3675464320625611,25.0,34.0,248,4.112449799196787,9.765625E-4
Food-price.csv,430,0.5680119581464873,29.0,1.0,28.0,24.9453125,3.18450927734375,1.7845193407031905,0.3206256109481916,25.0,27.0,224,4.551111111111111,9.765625E-4
Food-price.csv,431,0.08896797153024912,29.0,1.0,28.0,25.03125,3.2001953125,1.7889089726702139,0.33235581622678395,25.0,27.0,237,4.302521008403361,9.765625E-4
Food-price.csv,432,0.8516886930983847,35.0,1.0,34.0,25.01953125,7.1343841552734375,2.67102679793248,0.2913000977517107,25.0,28.0,167,6.095238095238095,9.765625E-4
Food-price.csv,433,0.26239067055393583,29.0,1.0,28.0,25.5224609375,3.700667381286621,1.9237118758500769,0.2776148582600195,25.0,28.0,166,6.131736526946108,9.765625E-4
Food-price.csv,434,0.5745388569700635,28.0,1.0,27.0,24.5029296875,5.312491416931152,2.304884252393415,0.31573802541544477,24.0,28.0,222,4.591928251121076,0.001953125
Food-price.csv,435,0.6984126984126984,27.0,1.0,26.0,23.455078125,3.4257164001464844,1.850869093195541,0.29521016617790813,23.0,26.0,198,5.1457286432160805,9.765625E-4
Food-price.csv,436,0.5034612964128382,27.0,1.0,26.0,23.60546875,2.9576263427734375,1.7197750849379803,0.33724340175953077,24.0,25.0,249,4.096,9.765625E-4
Food-price.csv,437,0.09640102827763496,28.0,1.0,27.0,23.162109375,2.6260643005371094,1.6205135915928348,0.3147605083088954,23.0,25.0,231,4.413793103448276,9.765625E-4
Food-price.csv,438,0.09930486593843098,25.0,1.0,24.0,22.40234375,3.3908538818359375,1.8414271318289892,0.3128054740957967,23.0,24.0,214,4.7627906976744185,9.765625E-4
Food-price.csv,439,0.672,27.0,1.0,26.0,23.3544921875,3.082343101501465,1.7556603035614449,0.24731182795698925,23.0,25.0,192,5.305699481865285,9.765625E-4
Food-price.csv,440,0.3706199460916442,26.0,1.0,25.0,22.1884765625,2.8482656478881836,1.6876805526781968,0.23851417399804498,22.0,24.0,152,6.69281045751634,9.765625E-4
Food-price.csv,441,0.8002667555851951,25.0,1.0,24.0,22.455078125,2.3280601501464844,1.5257982009907092,0.18866080156402737,22.0,24.0,129,7.876923076923077,9.765625E-4
Food-price.csv,442,0.7833787465940054,25.0,1.0,24.0,21.9208984375,3.1001882553100586,1.7607351462698921,0.23264907135874877,22.0,24.0,166,6.131736526946108,9.765625E-4
Food-price.csv,443,0.3331112591605596,25.0,1.0,24.0,22.4384765625,3.1778554916381836,1.7826540583181538,0.22482893450635386,22.0,25.0,153,6.64935064935065,9.765625E-4
Food-price.csv,444,0.8943358728055647,26.0,1.0,25.0,22.640625,2.870849609375,1.6943581703332387,0.17302052785923755,23.0,25.0,118,8.605042016806722,9.765625E-4
Food-price.csv,445,0.8579272477693891,25.0,1.0,24.0,21.796875,2.245849609375,1.4986158978787727,0.18377321603128055,22.0,23.0,126,8.062992125984252,9.765625E-4
Food-price.csv,446,0.6912442396313364,26.0,1.0,25.0,22.7490234375,4.471190452575684,2.114518964818165,0.18866080156402737,23.0,25.0,130,7.816793893129771,0.001953125
Food-price.csv,447,0.68762278978389,26.0,1.0,25.0,22.953125,2.835693359375,1.6839517093358112,0.14467253176930597,23.0,25.0,91,11.130434782608695,9.765625E-4
Food-price.csv,448,0.031377470975839344,28.0,1.0,27.0,23.72265625,7.2199554443359375,2.6869974775455105,0.23069403714565004,24.0,26.0,154,6.606451612903226,0.005859375
Food-price.csv,449,0.4633920296570899,30.0,1.0,29.0,24.0029296875,4.432608604431152,2.1053761194691916,0.32160312805474095,24.0,27.0,194,5.251282051282051,9.765625E-4
Food-price.csv,450,0.591715976331361,28.0,1.0,27.0,23.896484375,7.381862640380859,2.7169583435122555,0.25513196480938416,24.0,27.0,147,6.918918918918919,0.0029296875
Food-price.csv,451,0.6745904272406039,27.0,1.0,26.0,23.294921875,2.9501304626464844,1.7175943824566045,0.21700879765395895,23.0,25.0,163,6.2439024390243905,9.765625E-4
Food-price.csv,452,0.5345911949685535,28.0,1.0,27.0,23.6083984375,4.230437278747559,2.056802683474416,0.2854349951124145,23.0,26.0,213,4.785046728971962,9.765625E-4
Food-price.csv,453,0.18393623543838136,28.0,1.0,27.0,24.2216796875,3.8112096786499023,1.952231973575349,0.31671554252199413,25.0,26.0,209,4.876190476190477,9.765625E-4
Food-price.csv,454,0.0,29.0,1.0,28.0,24.810546875,3.3664512634277344,1.8347891604834967,0.25513196480938416,25.0,27.0,137,7.420289855072464,9.765625E-4
Food-price.csv,455,0.4009870450339297,28.0,1.0,27.0,24.076171875,5.345760345458984,2.3120900383546883,0.29716520039100686,24.0,27.0,196,5.197969543147208,0.001953125
Food-price.csv,456,0.21374045801526717,28.0,1.0,27.0,24.06640625,3.9877777099609375,1.996942089786516,0.49364613880742914,24.0,27.0,279,3.657142857142857,9.765625E-4
Food-price.csv,457,0.0916030534351145,30.0,1.0,29.0,24.087890625,3.8223533630371094,1.9550839785127159,0.45161290322580644,24.0,26.0,296,3.4478114478114477,9.765625E-4
Food-price.csv,458,0.29779630732578916,29.0,1.0,28.0,24.7333984375,3.2756032943725586,1.809862783299485,0.4173998044965787,25.0,27.0,254,4.015686274509804,9.765625E-4
Food-price.csv,459,0.09096422073984232,30.0,1.0,29.0,24.0458984375,5.022307395935059,2.2410505116875563,0.5689149560117303,24.0,26.0,284,3.592982456140351,0.00390625
Food-price.csv,460,0.6862133499688085,27.0,1.0,26.0,23.927734375,5.131496429443359,2.2652806513638346,0.19941348973607037,24.0,27.0,113,8.982456140350877,9.765625E-4
Food-price.csv,461,0.45001607200257154,27.0,1.0,26.0,23.0673828125,4.74838924407959,2.179079907685716,0.24144672531769307,23.0,25.0,185,5.505376344086022,9.765625E-4
Food-price.csv,462,0.25023459493274947,27.0,1.0,26.0,23.8662109375,5.360030174255371,2.315173897195494,0.270772238514174,24.0,26.0,195,5.224489795918367,9.765625E-4
Food-price.csv,463,0.6095604748155278,27.0,1.0,26.0,23.197265625,3.0997581481933594,1.7606130035284187,0.27370478983382207,24.0,25.0,212,4.807511737089202,9.765625E-4
Food-price.csv,464,0.49367479173094725,27.0,1.0,26.0,24.236328125,3.1628990173339844,1.7784541088636459,0.2209188660801564,25.0,26.0,168,6.059171597633136,9.765625E-4
Food-price.csv,465,0.2517306482064191,31.0,1.0,30.0,23.720703125,4.379024505615234,2.0926118860446232,0.24633431085043989,24.0,27.0,169,6.023529411764706,9.765625E-4
Food-price.csv,466,0.2495321272613849,27.0,1.0,26.0,23.77734375,4.0226898193359375,2.0056644333825977,0.25513196480938416,24.0,26.0,183,5.565217391304348,0.0029296875
Food-price.csv,467,0.8581060373889059,27.0,1.0,26.0,24.404296875,4.350215911865234,2.0857171217270176,0.1906158357771261,24.0,27.0,124,8.192,9.765625E-4
Food-price.csv,468,1.2876884422110553,28.0,1.0,27.0,23.7890625,4.69378662109375,2.166514855959624,0.19159335288367546,24.0,27.0,129,7.876923076923077,9.765625E-4
Food-price.csv,469,0.12228676245796392,28.0,1.0,27.0,23.9365234375,3.9696035385131836,1.9923863928749321,0.5073313782991202,24.0,26.0,305,3.34640522875817,9.765625E-4
Food-price.csv,470,0.30543677458766033,32.0,1.0,31.0,23.9833984375,2.9049978256225586,1.7044054170362632,0.4633431085043988,24.0,26.0,292,3.4948805460750854,9.765625E-4
Food-price.csv,471,0.603749602796314,27.0,1.0,26.0,23.5751953125,4.713095664978027,2.170966527834556,0.20234604105571846,23.0,27.0,123,8.258064516129032,9.765625E-4
Food-price.csv,472,0.3832641328648994,27.0,1.0,26.0,23.3046875,4.24700927734375,2.0608273283668748,0.2825024437927664,23.0,26.0,211,4.830188679245283,9.765625E-4
Food-price.csv,473,0.4848093083387201,26.0,1.0,25.0,23.1728515625,3.7757863998413086,1.9431382863402462,0.2130987292277615,23.0,26.0,158,6.440251572327044,9.765625E-4
Food-price.csv,474,0.630119722747322,27.0,1.0,26.0,23.8310546875,2.3708715438842773,1.539763470109704,0.176930596285435,24.0,26.0,130,7.816793893129771,9.765625E-4
Food-price.csv,475,0.7214554579673776,29.0,1.0,28.0,23.953125,5.128662109375,2.2646549647518053,0.19452590420332355,23.0,27.0,144,7.062068965517241,9.765625E-4
Food-price.csv,476,0.3489847715736041,27.0,1.0,26.0,23.556640625,1.6901512145996094,1.300058158160476,0.23264907135874877,23.0,25.0,170,5.988304093567251,9.765625E-4
Food-price.csv,477,0.6248047485160887,28.0,1.0,27.0,23.8642578125,6.002081871032715,2.449914666071599,0.28347996089931576,24.0,27.0,185,5.505376344086022,9.765625E-4
Food-price.csv,478,0.7684918347742555,27.0,1.0,26.0,23.4404296875,3.8402013778686523,1.9596431761595405,0.17008797653958943,23.0,26.0,121,8.39344262295082,9.765625E-4
Food-price.csv,479,0.4671441918405481,28.0,1.0,27.0,24.068359375,4.688686370849609,2.1653374727394366,0.2013685239491691,24.0,27.0,141,7.211267605633803,9.765625E-4
Food-price.csv,480,0.09044317154054869,29.0,1.0,28.0,24.5654296875,3.3453283309936523,1.8290238738173026,0.3841642228739003,25.0,27.0,276,3.696750902527076,9.765625E-4
Food-price.csv,481,0.0,27.0,1.0,26.0,23.7666015625,3.3879079818725586,1.8406270621374006,0.37438905180840665,24.0,27.0,255,4.0,9.765625E-4
Food-price.csv,482,0.1876759461995621,28.0,1.0,27.0,23.9189453125,3.1955785751342773,1.7876181290013473,0.23949169110459434,24.0,26.0,174,5.851428571428571,9.765625E-4
Food-price.csv,483,0.8127539856205064,28.0,1.0,27.0,23.732421875,5.924495697021484,2.434028696836067,0.24731182795698925,23.0,27.0,159,6.4,9.765625E-4
Food-price.csv,484,0.4369538077403246,28.0,1.0,27.0,23.9189453125,4.527609825134277,2.1278180902356945,0.23558162267839688,24.0,27.0,162,6.282208588957055,9.765625E-4
Food-price.csv,485,0.4266991770801585,28.0,1.0,27.0,24.4072265625,3.9952993392944336,1.9988244893672964,0.3020527859237537,24.0,27.0,207,4.923076923076923,9.765625E-4
Food-price.csv,486,0.21090689966857487,27.0,1.0,26.0,24.4013671875,4.06839656829834,2.017026665242267,0.40078201368523947,24.0,27.0,259,3.9384615384615387,9.765625E-4
Food-price.csv,487,0.4170390229371463,28.0,1.0,27.0,24.6533203125,3.6229772567749023,1.9034120039484101,0.40175953079178883,25.0,27.0,253,4.031496062992126,9.765625E-4
Food-price.csv,488,0.2806361085126286,28.0,1.0,27.0,23.8330078125,3.348090171813965,1.829778722090178,0.2805474095796676,24.0,26.0,190,5.361256544502618,0.001953125
Food-price.csv,489,0.2219403931515536,30.0,1.0,29.0,23.5302734375,3.0791616439819336,1.7547540123851928,0.2844574780058651,23.0,26.0,192,5.305699481865285,9.765625E-4
Food-price.csv,490,0.5593536357986327,28.0,1.0,27.0,24.24609375,2.0644378662109375,1.4368151816468733,0.17497556207233628,24.0,26.0,111,9.142857142857142,9.765625E-4
Food-price.csv,491,0.8740692780835222,25.0,1.0,24.0,23.0859375,1.42816162109375,1.195057162270387,0.2209188660801564,23.0,24.0,174,5.851428571428571,9.765625E-4
Food-price.csv,492,0.40061633281972264,28.0,1.0,27.0,24.326171875,3.5205650329589844,1.8763168796765073,0.20527859237536658,24.0,26.0,146,6.965986394557823,9.765625E-4
Food-price.csv,493,0.29239766081871343,28.0,1.0,27.0,22.9697265625,10.044981956481934,3.1693819518136235,0.2130987292277615,23.0,27.0,138,7.366906474820144,9.765625E-4
Food-price.csv,494,1.2087912087912087,22.0,1.0,21.0,20.5263671875,2.32352352142334,1.5243108349097765,0.13587487781036167,21.0,22.0,86,11.770114942528735,9.765625E-4
Food-price.csv,495,1.1447562776957163,22.0,1.0,21.0,20.2763671875,7.88944149017334,2.8088149618964473,0.09872922776148582,21.0,22.0,78,12.962025316455696,0.01953125
Food-price.csv,496,1.6629711751662972,22.0,1.0,21.0,20.3173828125,2.83969783782959,1.6851403021201499,0.09090909090909091,21.0,22.0,58,17.35593220338983,0.001953125
Food-price.csv,497,0.3798342541436464,28.0,1.0,27.0,21.8271484375,57.65664577484131,7.593197335433954,0.08602150537634409,26.0,27.0,41,24.38095238095238,0.103515625
Food-price.csv,498,1.1928429423459244,22.0,1.0,21.0,18.62109375,35.94041442871094,5.995032479370812,0.11534701857282502,20.0,22.0,50,20.07843137254902,0.1025390625
Food-price.csv,499,0.7215007215007215,25.0,1.0,24.0,20.732421875,5.865901947021484,2.4219624165171276,0.16226783968719452,21.0,23.0,102,9.941747572815533,9.765625E-4
Food-price.csv,500,1.0748959778085991,26.0,1.0,25.0,21.5908203125,14.728079795837402,3.8377180453802757,0.13391984359726294,20.0,26.0,88,11.50561797752809,9.765625E-4
Food-price.csv,501,0.8502772643253235,25.0,1.0,24.0,20.2646484375,12.567656517028809,3.5450890703942557,0.10948191593352884,19.0,25.0,68,14.840579710144928,9.765625E-4
Food-price.csv,502,0.7675438596491229,18.0,1.0,17.0,13.0576171875,5.63046932220459,2.372860999343322,0.32160312805474095,13.0,18.0,232,4.394849785407725,0.00390625
Food-price.csv,503,0.44004400440044006,18.0,1.0,17.0,12.9365234375,3.6610097885131836,1.9133765412257944,0.2727272727272727,13.0,15.0,194,5.251282051282051,9.765625E-4
Food-price.csv,504,0.2127659574468085,19.0,1.0,18.0,13.5322265625,5.825133323669434,2.4135312974290253,0.23851417399804498,13.0,18.0,167,6.095238095238095,9.765625E-4
Food-price.csv,505,0.5449591280653951,18.0,1.0,17.0,13.1279296875,3.4846105575561523,1.8667111607198774,0.25513196480938416,13.0,16.0,215,4.7407407407407405,9.765625E-4
Food-price.csv,506,1.064773735581189,21.0,1.0,20.0,16.6630859375,3.977309226989746,1.994319238986012,0.1495601173020528,17.0,19.0,111,9.142857142857142,9.765625E-4
Food-price.csv,507,0.9214567792891619,20.0,1.0,19.0,16.705078125,3.5087242126464844,1.8731588861189763,0.24633431085043989,17.0,19.0,186,5.475935828877005,9.765625E-4
Food-price.csv,508,0.8103727714748784,21.0,1.0,20.0,18.2841796875,2.6799840927124023,1.637065695906063,0.16226783968719452,19.0,20.0,124,8.192,9.765625E-4
Food-price.csv,509,0.44751830756712774,21.0,1.0,20.0,18.1435546875,2.6776342391967773,1.6363478356378809,0.20821114369501467,19.0,20.0,171,5.953488372093023,9.765625E-4
Food-price.csv,510,0.19952114924181963,21.0,1.0,20.0,18.5849609375,1.879500389099121,1.370948718624851,0.19452590420332355,19.0,20.0,157,6.481012658227848,9.765625E-4
Food-price.csv,511,0.4030632809351068,21.0,1.0,20.0,18.3681640625,2.668166160583496,1.6334522217020908,0.1935483870967742,19.0,20.0,159,6.4,0.001953125
Food-price.csv,512,1.8885741265344664,20.0,1.0,19.0,15.6259765625,11.529051780700684,3.39544574109213,0.11534701857282502,18.0,19.0,79,12.8,0.001953125
Food-price.csv,513,0.23651844843897823,21.0,1.0,20.0,15.4453125,14.73919677734375,3.8391661565167703,0.16715542521994134,14.0,20.0,121,8.39344262295082,9.765625E-4
Food-price.csv,514,0.24489795918367346,21.0,1.0,20.0,18.0390625,3.25823974609375,1.8050594854723625,0.23460410557184752,19.0,20.0,182,5.595628415300546,0.001953125
Food-price.csv,515,0.4078605858361142,26.0,1.0,25.0,20.060546875,7.328365325927734,2.7070953669805826,0.1681329423264907,19.0,24.0,124,8.192,0.001953125
Food-price.csv,516,0.9130875887724045,26.0,1.0,25.0,22.0576171875,5.52500057220459,2.3505319764267387,0.18670576735092864,23.0,24.0,98,10.343434343434344,9.765625E-4
Food-price.csv,517,0.5935754189944135,28.0,1.0,27.0,20.4375,13.994140625,3.740874312911355,0.570869990224829,19.0,25.0,198,5.1457286432160805,0.001953125
Food-price.csv,518,0.591715976331361,29.0,1.0,28.0,19.298828125,17.430233001708984,4.174953053832939,0.44281524926686217,18.0,25.0,206,4.946859903381642,9.765625E-4
Food-price.csv,519,0.22838499184339314,28.0,1.0,27.0,22.84765625,5.2599945068359375,2.293467790668955,0.2512218963831867,23.0,25.0,146,6.965986394557823,0.001953125
Food-price.csv,520,0.0,26.0,1.0,25.0,21.55078125,14.278671264648438,3.7787129111178106,0.3333333333333333,23.0,26.0,154,6.606451612903226,9.765625E-4
Food-price.csv,521,0.0,26.0,1.0,25.0,20.375,14.701171875,3.8342107238648215,0.3704789833822092,20.0,25.0,188,5.417989417989418,9.765625E-4
Food-price.csv,522,0.8468595624558928,26.0,1.0,25.0,20.48828125,14.195175170898438,3.7676484935432124,0.4506353861192571,19.0,25.0,270,3.7785977859778597,0.001953125
Food-price.csv,523,0.4231311706629055,28.0,1.0,27.0,20.720703125,11.769649505615234,3.4306922778959983,0.3724340175953079,21.0,25.0,186,5.475935828877005,9.765625E-4
Food-price.csv,524,1.3730743469524447,28.0,1.0,27.0,21.5234375,17.06390380859375,4.130847831691909,0.386119257086999,24.0,26.0,167,6.095238095238095,9.765625E-4
Food-price.csv,525,0.9231783712495879,28.0,1.0,27.0,21.8154296875,15.132925987243652,3.890106166577418,0.4887585532746823,23.0,26.0,194,5.251282051282051,9.765625E-4
Food-price.csv,526,0.3933910306845004,26.0,1.0,25.0,18.060546875,16.576412200927734,4.071414029661898,0.4916911045943304,16.0,25.0,229,4.452173913043478,9.765625E-4
Food-price.csv,527,0.36088054853843377,28.0,1.0,27.0,19.67578125,20.756210327148438,4.555898410538632,0.6168132942326491,17.0,25.0,252,4.047430830039525,0.001953125
Food-price.csv,528,0.2152080344332855,28.0,1.0,27.0,20.2685546875,12.964011192321777,3.600557066944194,0.3841642228739003,22.0,24.0,172,5.91907514450867,9.765625E-4
Food-price.csv,529,1.2384996461429583,29.0,1.0,28.0,19.609375,20.566162109375,4.5349930660779405,0.8514173998044966,18.0,25.0,318,3.2100313479623823,0.00390625
Food-price.csv,530,0.35014005602240894,29.0,1.0,28.0,20.677734375,20.37466049194336,4.513829913935987,0.39589442815249265,20.0,26.0,177,5.752808988764045,9.765625E-4
Food-price.csv,531,0.7890961262553802,28.0,1.0,27.0,19.9912109375,19.79386806488037,4.449030013933416,0.3939393939393939,19.0,26.0,163,6.2439024390243905,0.001953125
Food-price.csv,532,0.1478743068391867,28.0,1.0,27.0,20.025390625,15.86654281616211,3.983282919422384,0.2727272727272727,21.0,25.0,181,5.626373626373627,9.765625E-4
Food-price.csv,533,0.6127055788455337,26.0,1.0,25.0,23.0830078125,3.953070640563965,1.9882330448325127,0.2512218963831867,23.0,25.0,173,5.885057471264368,0.001953125
Food-price.csv,534,0.42932628797886396,26.0,1.0,25.0,22.5478515625,12.278960227966309,3.504134733135458,0.25219941348973607,24.0,26.0,183,5.565217391304348,9.765625E-4
Food-price.csv,535,0.03337783711615487,27.0,1.0,26.0,21.9873046875,13.221518516540527,3.6361406073666247,0.32942326490713586,23.0,26.0,149,6.826666666666667,0.001953125
Food-price.csv,536,0.06191950464396285,28.0,1.0,27.0,23.6162109375,8.088057518005371,2.843951040015522,0.44281524926686217,25.0,26.0,220,4.633484162895928,9.765625E-4
Food-price.csv,537,0.3197158081705151,27.0,1.0,26.0,20.3837890625,16.40837001800537,4.050724628755375,0.3675464320625611,19.0,26.0,186,5.475935828877005,9.765625E-4
Food-price.csv,538,0.0,29.0,1.0,28.0,19.1787109375,13.467085838317871,3.669752830684632,0.33528836754643204,18.0,25.0,189,5.389473684210526,0.001953125
Food-price.csv,539,0.5335844318895167,29.0,1.0,28.0,22.9755859375,9.353896141052246,3.058413991115697,0.5845552297165201,24.0,26.0,258,3.9536679536679538,9.765625E-4
Food-price.csv,540,0.8741923223109084,24.0,1.0,23.0,19.0361328125,15.16959285736084,3.894816151933341,0.3597262952101662,19.0,23.0,191,5.333333333333333,0.021484375
Food-price.csv,541,0.31545741324921134,22.0,1.0,21.0,18.5556640625,3.348464012145996,1.8298808737581789,0.25024437927663734,19.0,21.0,183,5.565217391304348,0.00390625
Food-price.csv,542,0.2783300198807157,22.0,1.0,21.0,18.546875,3.706787109375,1.9253018229293297,0.19159335288367546,18.0,21.0,131,7.757575757575758,0.0029296875
Food-price.csv,543,0.34735623311462754,24.0,1.0,23.0,18.8388671875,6.45938777923584,2.5415325650551557,0.30498533724340177,19.0,21.0,184,5.535135135135135,0.013671875
Food-price.csv,544,0.43720190779014306,23.0,1.0,22.0,18.5654296875,1.9800939559936523,1.4071581133595656,0.2541544477028348,18.0,20.0,204,4.995121951219512,9.765625E-4
Food-price.csv,545,0.2752654345261502,22.0,1.0,21.0,18.7060546875,2.6587133407592773,1.63055614462038,0.24731182795698925,19.0,21.0,176,5.785310734463277,9.765625E-4
Food-price.csv,546,0.0,22.0,1.0,21.0,18.462890625,4.758388519287109,2.1813730811777954,0.2649071358748778,19.0,20.0,161,6.320987654320987,0.01171875
Food-price.csv,547,0.31961646024770274,22.0,1.0,21.0,18.2744140625,3.320204734802246,1.822142896372907,0.2932551319648094,18.0,21.0,189,5.389473684210526,9.765625E-4
Food-price.csv,548,0.0,22.0,1.0,21.0,18.359375,6.443115234375,2.5383292210379254,0.3391984359726295,19.0,21.0,202,5.044334975369458,0.01171875
Food-price.csv,549,0.07980845969672785,23.0,1.0,22.0,18.2705078125,5.738348960876465,2.395485120153424,0.30303030303030304,18.0,21.0,185,5.505376344086022,0.0087890625
Food-price.csv,550,1.1976047904191616,22.0,1.0,21.0,18.3076171875,5.57431697845459,2.3609991483383874,0.23460410557184752,18.0,21.0,146,6.965986394557823,0.009765625
Food-price.csv,551,0.519376747902517,22.0,1.0,21.0,18.052734375,4.506984710693359,2.1229660173194858,0.4056695992179863,18.0,21.0,254,4.015686274509804,0.001953125
Food-price.csv,552,0.46893317702227433,22.0,1.0,21.0,18.7373046875,4.941733360290527,2.2230009807218996,0.28347996089931576,19.0,21.0,156,6.522292993630574,0.0087890625
Food-price.csv,553,0.0388651379712398,22.0,1.0,21.0,18.7392578125,6.942755699157715,2.634910947101954,0.31671554252199413,19.0,21.0,193,5.278350515463917,0.013671875
Food-price.csv,554,0.0,22.0,1.0,21.0,18.392578125,5.308773040771484,2.3040774815034943,0.2991202346041056,18.0,21.0,185,5.505376344086022,0.0087890625
Food-price.csv,555,0.3225806451612903,23.0,1.0,22.0,18.05078125,5.2610931396484375,2.2937072916238543,0.3704789833822092,18.0,21.0,236,4.320675105485232,0.0078125
Food-price.csv,556,0.5866249511145875,22.0,1.0,21.0,18.7041015625,4.999358177185059,2.235924456949532,0.24535679374389052,19.0,21.0,184,5.535135135135135,0.0087890625
Food-price.csv,557,0.6299212598425197,22.0,1.0,21.0,18.6591796875,4.443411827087402,2.1079401858419518,0.21212121212121213,19.0,21.0,125,8.126984126984127,0.0087890625
Food-price.csv,558,0.1966955153422502,22.0,1.0,21.0,18.5341796875,3.9714879989624023,1.9928592521707102,0.2913000977517107,19.0,21.0,187,5.446808510638298,9.765625E-4
Food-price.csv,559,0.0,23.0,1.0,22.0,18.5380859375,4.723158836364746,2.173282962792638,0.2179863147605083,19.0,21.0,144,7.062068965517241,0.0078125
Food-price.csv,560,0.12096774193548387,22.0,1.0,21.0,18.203125,4.687255859375,2.165007126864713,0.3489736070381232,18.0,21.0,227,4.491228070175438,0.00390625
Food-price.csv,561,0.24489795918367346,22.0,1.0,21.0,17.73046875,10.860946655273438,3.2955950381188277,0.3343108504398827,18.0,20.0,221,4.612612612612613,0.029296875
Food-price.csv,562,0.7211538461538461,22.0,1.0,21.0,18.2763671875,4.07303524017334,2.0181762163332864,0.21994134897360704,18.0,21.0,152,6.69281045751634,0.005859375
Food-price.csv,563,0.0,22.0,1.0,21.0,19.048828125,4.696834564208984,2.167218162578236,0.2209188660801564,19.0,21.0,130,7.816793893129771,0.0078125
Food-price.csv,564,1.5735641227380015,22.0,1.0,21.0,18.580078125,5.267024993896484,2.294999998670258,0.24437927663734116,19.0,21.0,130,7.816793893129771,0.0087890625
Food-price.csv,565,0.5239822652156388,22.0,1.0,21.0,18.12109375,4.5849456787109375,2.1412486260850088,0.2130987292277615,18.0,20.0,144,7.062068965517241,0.0078125
Food-price.csv,566,0.0,22.0,1.0,21.0,18.25390625,4.8476409912109375,2.201735904056374,0.32649071358748777,18.0,21.0,226,4.511013215859031,0.0048828125
Food-price.csv,567,0.7495069033530573,22.0,1.0,21.0,18.6279296875,3.6418371200561523,1.9083597983755978,0.23655913978494625,19.0,21.0,152,6.69281045751634,0.001953125
Food-price.csv,568,0.43789808917197454,22.0,1.0,21.0,18.3681640625,4.841994285583496,2.200453200043913,0.22678396871945258,19.0,21.0,152,6.69281045751634,0.0078125
Food-price.csv,569,0.07668711656441718,22.0,1.0,21.0,19.0146484375,4.742949485778809,2.1778313722092464,0.2756598240469208,19.0,21.0,172,5.91907514450867,0.0078125
Food-price.csv,570,0.24390243902439024,23.0,1.0,22.0,17.83984375,5.9977874755859375,2.449038071485606,0.3704789833822092,18.0,20.0,238,4.2845188284518825,0.0107421875
Food-price.csv,571,0.3560126582278481,22.0,1.0,21.0,18.4921875,3.34564208984375,1.8291096440191195,0.27370478983382207,19.0,21.0,199,5.12,0.00390625
Food-price.csv,572,0.4366812227074236,22.0,1.0,21.0,18.4677734375,4.209898948669434,2.051803828018028,0.25219941348973607,18.0,21.0,153,6.64935064935065,0.0048828125
Food-price.csv,573,0.737291424136593,22.0,1.0,21.0,18.8662109375,5.162764549255371,2.272171769311328,0.25219941348973607,19.0,21.0,170,5.988304093567251,0.009765625
Food-price.csv,574,0.1996007984031936,22.0,1.0,21.0,18.3486328125,3.16654109954834,1.7794777603410332,0.23460410557184752,18.0,21.0,151,6.7368421052631575,9.765625E-4
Food-price.csv,575,0.16246953696181965,22.0,1.0,21.0,17.9716796875,3.8732213973999023,1.9680501511394222,0.27174975562072334,18.0,21.0,178,5.720670391061453,9.765625E-4
Food-price.csv,576,0.5804953560371517,22.0,1.0,21.0,18.951171875,3.2300376892089844,1.7972305609489798,0.25806451612903225,19.0,21.0,168,6.059171597633136,9.765625E-4
Food-price.csv,577,0.8320126782884311,22.0,1.0,21.0,18.326171875,6.874080657958984,2.6218468029156443,0.28347996089931576,19.0,21.0,177,5.752808988764045,0.013671875
Food-price.csv,578,0.2374356944994064,23.0,1.0,22.0,18.3505859375,7.577284812927246,2.752686835244294,0.43304007820136853,19.0,21.0,225,4.530973451327434,0.0166015625
Food-price.csv,579,0.6599378881987578,23.0,1.0,22.0,18.7958984375,5.183928489685059,2.276824211414895,0.2668621700879765,19.0,21.0,166,6.131736526946108,0.0078125
Food-price.csv,580,0.6930289441500204,22.0,1.0,21.0,18.16015625,2.5798187255859375,1.6061814111693415,0.198435972629521,18.0,20.0,114,8.904347826086957,0.001953125
Food-price.csv,581,0.8448540706605223,23.0,1.0,22.0,18.89453125,5.9732513427734375,2.444023597016493,0.32160312805474095,19.0,21.0,205,4.970873786407767,0.009765625
Food-price.csv,582,0.38639876352395675,23.0,1.0,22.0,18.7958984375,5.564787864685059,2.358980259494568,0.32746823069403713,19.0,21.0,201,5.069306930693069,0.0087890625
Food-price.csv,583,0.03772161448509996,23.0,1.0,22.0,19.2783203125,4.003592491149902,2.0008979212218456,0.36363636363636365,19.0,21.0,230,4.432900432900433,0.0048828125
Food-price.csv,584,0.390625,22.0,1.0,21.0,18.5771484375,5.626860618591309,2.3721004655349884,0.32453567937438904,19.0,21.0,206,4.946859903381642,0.0087890625
Food-price.csv,585,0.19786307874950534,22.0,1.0,21.0,18.6201171875,3.02268123626709,1.7385859875965555,0.22287390029325513,19.0,21.0,158,6.440251572327044,0.001953125
Food-price.csv,586,0.601684717208183,22.0,1.0,21.0,18.06640625,4.2826995849609375,2.069468430530154,0.39589442815249265,18.0,21.0,283,3.6056338028169015,9.765625E-4
Food-price.csv,587,0.23255813953488372,23.0,1.0,22.0,18.814453125,7.227291107177734,2.6883621607175128,0.38220918866080156,19.0,21.0,224,4.551111111111111,0.013671875
Food-price.csv,588,0.1570475068708284,23.0,1.0,22.0,18.728515625,3.2641868591308594,1.80670607989536,0.23949169110459434,19.0,21.0,167,6.095238095238095,9.765625E-4
Food-price.csv,589,0.5096040768326147,22.0,1.0,21.0,18.9013671875,1.9639043807983398,1.4013937279716717,0.18572825024437928,19.0,21.0,133,7.641791044776119,9.765625E-4
Food-price.csv,590,0.23668639053254437,23.0,1.0,22.0,18.509765625,4.302639007568359,2.074280358960273,0.30596285434995113,18.0,21.0,224,4.551111111111111,0.0029296875
Food-price.csv,591,0.38955979742890534,22.0,1.0,21.0,18.8447265625,3.2639760971069336,1.8066477512528372,0.2570869990224829,19.0,21.0,180,5.657458563535911,0.001953125
Food-price.csv,592,0.2819170358437374,23.0,1.0,22.0,18.076171875,7.236385345458984,2.690053037666541,0.38025415444770283,18.0,20.0,200,5.0945273631840795,0.015625
Food-price.csv,593,0.31189083820662766,23.0,1.0,22.0,18.66796875,4.7413177490234375,2.17745671576347,0.3597262952101662,19.0,21.0,248,4.112449799196787,0.0068359375
Food-price.csv,594,0.5566600397614314,23.0,1.0,22.0,18.615234375,3.1761741638183594,1.7821824159772084,0.176930596285435,18.0,21.0,129,7.876923076923077,9.765625E-4
Food-price.csv,595,0.38255547054322875,22.0,1.0,21.0,19.1787109375,3.406538963317871,1.845681165130606,0.24242424242424243,19.0,21.0,191,5.333333333333333,0.0029296875
Food-price.csv,596,0.34103827207275483,23.0,1.0,22.0,19.4736328125,5.33524227142334,2.3098143370027255,0.24437927663734116,20.0,22.0,175,5.818181818181818,9.765625E-4
Food-price.csv,597,0.11312217194570136,24.0,1.0,23.0,18.9638671875,8.16568660736084,2.8575665534438284,0.5757575757575758,20.0,22.0,281,3.631205673758865,9.765625E-4
Food-price.csv,598,0.0,24.0,1.0,23.0,18.37109375,7.9755706787109375,2.824105288177291,0.48484848484848486,19.0,22.0,264,3.8641509433962264,9.765625E-4
Food-price.csv,599,0.0,23.0,1.0,22.0,18.21484375,8.358139038085938,2.8910446274808588,0.570869990224829,19.0,22.0,345,2.959537572254335,9.765625E-4
Food-price.csv,600,0.5628517823639775,23.0,1.0,22.0,18.7412109375,8.660567283630371,2.9428841777464454,0.6617790811339198,19.0,22.0,336,3.0385756676557865,0.001953125
Food-price.csv,601,0.757862826828344,24.0,1.0,23.0,18.3369140625,9.563246726989746,3.092449955454372,0.8269794721407625,19.0,22.0,424,2.409411764705882,9.765625E-4
Food-price.csv,602,0.45836516424751717,23.0,1.0,22.0,19.283203125,5.997920989990234,2.4490653298738754,0.25317693059628543,20.0,22.0,155,6.564102564102564,0.001953125
Food-price.csv,603,0.7544322897019993,24.0,1.0,23.0,18.494140625,9.61520004272461,3.100838603140223,0.7204301075268817,19.0,22.0,387,2.6391752577319587,9.765625E-4
Food-price.csv,604,0.0,24.0,1.0,23.0,18.4912109375,9.474532127380371,3.0780727943601938,0.793743890518084,20.0,22.0,407,2.5098039215686274,9.765625E-4
Food-price.csv,605,0.1523809523809524,24.0,1.0,23.0,18.8056640625,8.457350730895996,2.9081524600501942,0.5131964809384164,19.0,22.0,251,4.063492063492063,9.765625E-4
Food-price.csv,606,0.4301916308173641,24.0,1.0,23.0,18.296875,8.880615234375,2.9800361129313515,0.501466275659824,19.0,22.0,282,3.618374558303887,9.765625E-4
Food-price.csv,607,0.0,23.0,1.0,22.0,18.1533203125,8.274344444274902,2.876516025381208,0.4916911045943304,18.0,22.0,289,3.5310344827586206,9.765625E-4
Food-price.csv,608,0.14903129657228018,25.0,1.0,24.0,19.078125,9.210693359375,3.034912413789729,0.6080156402737048,20.0,22.0,306,3.3355048859934855,0.001953125
Food-price.csv,609,0.38138825324180015,23.0,1.0,22.0,19.240234375,6.407131195068359,2.531231161918713,0.27956989247311825,20.0,22.0,175,5.818181818181818,9.765625E-4
Food-price.csv,610,0.9676218831410495,24.0,1.0,23.0,18.818359375,10.12716293334961,3.182320369376661,0.6764418377321603,20.0,22.0,346,2.951008645533141,0.0029296875
Food-price.csv,611,0.7772020725388601,25.0,1.0,24.0,19.0673828125,7.91831111907959,2.8139493810442984,0.6549364613880743,19.0,23.0,352,2.9008498583569406,9.765625E-4
Food-price.csv,612,0.5709935287400076,23.0,1.0,22.0,19.224609375,5.310878753662109,2.3045343897764052,0.3176930596285435,20.0,22.0,204,4.995121951219512,9.765625E-4
Food-price.csv,613,0.4229142637447136,24.0,1.0,23.0,18.4072265625,9.323424339294434,3.0534282928037517,0.5650048875855328,19.0,21.0,281,3.631205673758865,0.0068359375
Food-price.csv,614,0.0,24.0,1.0,23.0,18.84375,9.1650390625,3.0273815521833387,0.5738025415444771,20.0,22.0,277,3.683453237410072,9.765625E-4
Food-price.csv,615,0.03753753753753754,24.0,1.0,23.0,19.2802734375,8.496642112731934,2.9149000176218625,0.3724340175953079,20.0,22.0,219,4.654545454545454,0.0078125
Food-price.csv,616,0.22735884804850323,24.0,1.0,23.0,18.3974609375,7.407454490661621,2.7216639194914607,0.8709677419354839,19.0,21.0,388,2.632390745501285,0.001953125
Food-price.csv,617,0.2306805074971165,23.0,1.0,22.0,18.779296875,6.398555755615234,2.529536668169733,0.43499511241446726,20.0,21.0,236,4.320675105485232,0.001953125
Food-price.csv,618,0.6449012494961709,24.0,1.0,23.0,17.626953125,8.343257904052734,2.8884698205196355,0.5777126099706745,17.0,21.0,338,3.0206489675516224,9.765625E-4
Food-price.csv,619,1.2848751835535976,24.0,1.0,23.0,19.05078125,8.237655639648438,2.8701316415189804,0.6608015640273704,20.0,22.0,334,3.056716417910448,9.765625E-4
Food-price.csv,620,1.0348792640858566,24.0,1.0,23.0,18.3330078125,8.815863609313965,2.96915200171934,0.7790811339198436,17.0,22.0,380,2.6876640419947506,9.765625E-4
Food-price.csv,621,1.1457378551787352,19.0,1.0,18.0,16.1474609375,3.660872459411621,1.913340654303781,0.13294232649071358,17.0,18.0,90,11.252747252747254,0.00390625
Food-price.csv,622,1.336405529953917,19.0,1.0,18.0,16.048828125,8.106990814208984,2.8472777901372717,0.08699902248289346,16.0,19.0,44,22.755555555555556,0.009765625
Food-price.csv,623,1.183431952662722,23.0,1.0,22.0,20.154296875,6.462520599365234,2.542148815346032,0.13391984359726294,21.0,22.0,101,10.03921568627451,0.005859375
Food-price.csv,624,0.9542612701546561,29.0,1.0,28.0,22.876953125,12.680171966552734,3.5609229093807597,0.09579667644183773,22.0,27.0,42,23.813953488372093,0.0068359375
Food-price.csv,625,0.6216445323537723,29.0,1.0,28.0,26.6591796875,2.7070837020874023,1.6453217624791214,0.2072336265884653,27.0,28.0,103,9.846153846153847,0.001953125
Food-price.csv,626,0.6239364719228587,29.0,1.0,28.0,26.421875,2.144287109375,1.4643384545162366,0.2570869990224829,27.0,28.0,167,6.095238095238095,9.765625E-4
Food-price.csv,627,0.5070422535211268,30.0,1.0,29.0,26.671875,3.484130859375,1.8665826687760176,0.20821114369501467,27.0,28.0,133,7.641791044776119,0.0029296875
Food-price.csv,628,0.6255331248222917,29.0,1.0,28.0,26.412109375,2.5782127380371094,1.6056813936883958,0.28641251221896386,27.0,28.0,204,4.995121951219512,9.765625E-4
Food-price.csv,629,0.8786848072562359,29.0,1.0,28.0,26.3369140625,8.604262351989746,2.9333022946825213,0.4613880742913001,26.0,29.0,166,6.131736526946108,0.0107421875
Food-price.csv,630,0.7747489239598279,29.0,1.0,28.0,26.16796875,3.8643646240234375,1.9657987241890857,0.2316715542521994,26.0,27.0,180,5.657458563535911,0.0048828125
Food-price.csv,631,0.6242905788876277,30.0,1.0,29.0,26.3447265625,5.243468284606934,2.2898620667208176,0.3567937438905181,26.0,29.0,192,5.305699481865285,0.00390625
Food-price.csv,632,0.4220596510973551,29.0,1.0,28.0,26.705078125,2.2802085876464844,1.510035955746248,0.24242424242424243,27.0,28.0,168,6.059171597633136,9.765625E-4
Food-price.csv,633,0.28910089621277824,29.0,1.0,28.0,25.763671875,4.401180267333984,2.09789901266338,0.33822091886608013,26.0,28.0,231,4.413793103448276,9.765625E-4
Food-price.csv,634,0.22818026240730177,29.0,1.0,28.0,26.3779296875,2.4479894638061523,1.564605210206764,0.26099706744868034,27.0,28.0,182,5.595628415300546,9.765625E-4
Food-price.csv,635,0.783744557329463,29.0,1.0,28.0,25.71875,25.6318359375,5.062789343583239,0.2512218963831867,27.0,28.0,184,5.535135135135135,0.0380859375
Food-price.csv,636,0.40803515379786565,29.0,1.0,28.0,23.5732421875,8.479010581970215,2.9118740669833603,0.4750733137829912,23.0,27.0,231,4.413793103448276,0.009765625
Food-price.csv,637,0.0,26.0,1.0,25.0,22.6796875,3.01263427734375,1.7356941773664363,0.3304007820136852,23.0,24.0,208,4.899521531100478,9.765625E-4
Food-price.csv,638,1.2207192345760476,26.0,1.0,25.0,21.5322265625,18.848570823669434,4.341494077350496,0.533724340175953,23.0,24.0,232,4.394849785407725,0.0361328125
Food-price.csv,639,0.0,26.0,1.0,25.0,22.267578125,14.854183197021484,3.8541125044582554,0.5161290322580645,23.0,25.0,258,3.9536679536679538,0.025390625
Food-price.csv,640,0.289110183103116,27.0,1.0,26.0,22.8466796875,3.8016881942749023,1.94979183357478,0.4027370478983382,23.0,25.0,248,4.112449799196787,9.765625E-4
Food-price.csv,641,0.0991407799074686,26.0,1.0,25.0,21.859375,18.322021484375,4.280423049696724,0.5747800586510264,23.0,24.0,286,3.56794425087108,0.0341796875
Food-price.csv,642,0.32216494845360827,26.0,1.0,25.0,22.40234375,12.859603881835938,3.5860289850802847,0.5962854349951124,23.0,25.0,269,3.7925925925925927,0.021484375
Food-price.csv,643,0.032061558191728116,27.0,1.0,26.0,22.5537109375,13.887740135192871,3.7266258378314383,0.5493646138807429,23.0,25.0,243,4.19672131147541,0.0224609375
Food-price.csv,644,0.1932367149758454,26.0,1.0,25.0,22.119140625,17.30221176147461,4.159592739857426,0.7663734115347018,23.0,25.0,300,3.4019933554817277,0.03125
Food-price.csv,645,0.5893909626719057,26.0,1.0,25.0,21.7978515625,14.739409446716309,3.8391938537557997,0.6529814271749755,23.0,24.0,298,3.4247491638795986,0.0263671875
Food-price.csv,646,0.0,27.0,1.0,26.0,21.703125,19.417724609375,4.4065547323702905,0.6911045943304008,23.0,25.0,246,4.145748987854251,0.0361328125
Food-price.csv,647,0.0,26.0,1.0,25.0,22.5009765625,10.882811546325684,3.298910660555342,0.5141739980449658,23.0,25.0,258,3.9536679536679538,0.017578125
Food-price.csv,648,0.0,26.0,1.0,25.0,21.80078125,18.604843139648438,4.313333182081862,0.5777126099706745,23.0,25.0,273,3.7372262773722627,0.0341796875
Food-price.csv,649,0.9483322432962721,26.0,1.0,25.0,21.7216796875,19.911795616149902,4.462263508148068,0.6686217008797654,23.0,24.0,301,3.390728476821192,0.0390625
Food-price.csv,650,0.8207485226526592,25.0,1.0,24.0,22.9091796875,1.4595251083374023,1.2081080698089068,0.15640273704789834,23.0,24.0,101,10.03921568627451,9.765625E-4
Food-price.csv,651,0.6391818472355385,26.0,1.0,25.0,23.3193359375,3.088454246520996,1.7573998539094613,0.25317693059628543,23.0,25.0,154,6.606451612903226,0.001953125
Food-price.csv,652,0.03231017770597738,27.0,1.0,26.0,22.1943359375,20.773756980895996,4.557823711037538,0.7712609970674487,23.0,26.0,264,3.8641509433962264,0.037109375
Food-price.csv,653,0.0,26.0,1.0,25.0,22.0791015625,18.24471950531006,4.271383792790114,0.6226783968719453,23.0,25.0,266,3.8352059925093633,0.0322265625
Food-price.csv,654,0.19847833278200464,26.0,1.0,25.0,22.0009765625,14.137694358825684,3.7600125476952444,0.5317693059628543,23.0,24.0,280,3.6441281138790034,0.025390625
Food-price.csv,655,0.6179196704428425,26.0,1.0,25.0,21.3154296875,11.610465049743652,3.407413249041515,0.3020527859237537,22.0,24.0,164,6.206060606060606,0.021484375
Food-price.csv,656,1.0309278350515463,23.0,1.0,22.0,19.564453125,4.134517669677734,2.0333513394585143,0.13978494623655913,20.0,22.0,96,10.556701030927835,9.765625E-4
Food-price.csv,657,0.6681514476614699,23.0,1.0,22.0,20.0625,3.734375,1.9324531042175384,0.20039100684261973,20.0,22.0,136,7.474452554744525,9.765625E-4
Food-price.csv,658,0.7191370355573312,22.0,1.0,21.0,18.517578125,4.087581634521484,2.0217768508224356,0.1827956989247312,18.0,21.0,118,8.605042016806722,0.001953125
Food-price.csv,659,0.6676557863501483,24.0,1.0,23.0,19.9794921875,7.678290367126465,2.770972819629681,0.1603128054740958,20.0,22.0,112,9.061946902654867,0.0107421875
Food-price.csv,660,0.6417516043790109,24.0,1.0,23.0,19.59765625,7.9963226318359375,2.8277769770326544,0.2316715542521994,20.0,23.0,155,6.564102564102564,9.765625E-4
Food-price.csv,661,0.41525103812759534,24.0,1.0,23.0,19.693359375,6.198940277099609,2.4897671130247523,0.15151515151515152,20.0,23.0,101,10.03921568627451,9.765625E-4
Food-price.csv,662,0.8531157270029673,23.0,1.0,22.0,20.1875,3.708984375,1.9258723672663254,0.12805474095796676,20.0,22.0,87,11.636363636363637,9.765625E-4
Food-price.csv,663,0.6925740669488265,23.0,1.0,22.0,19.349609375,4.114101409912109,2.0283247791988614,0.1495601173020528,20.0,22.0,107,9.481481481481481,9.765625E-4
Food-price.csv,664,0.6367041198501873,23.0,1.0,22.0,19.787109375,8.27694320678711,2.876967710417882,0.18377321603128055,20.0,22.0,122,8.325203252032521,0.0126953125
Food-price.csv,665,0.9674922600619195,24.0,1.0,23.0,19.05859375,5.2934417724609375,2.3007480897440593,0.21407624633431085,19.0,22.0,156,6.522292993630574,9.765625E-4
Food-price.csv,666,0.3412969283276451,23.0,1.0,22.0,19.6259765625,5.253661155700684,2.2920866379132976,0.18377321603128055,20.0,22.0,135,7.529411764705882,9.765625E-4
Food-price.csv,667,0.5738332058148432,24.0,1.0,23.0,19.267578125,9.988948822021484,3.1605298324840225,0.20234604105571846,19.0,23.0,141,7.211267605633803,0.013671875
Food-price.csv,668,0.5693950177935944,25.0,1.0,24.0,20.984375,5.886474609375,2.4262058052389124,0.16422287390029325,21.0,24.0,124,8.192,9.765625E-4
Food-price.csv,669,0.7402422611036339,25.0,1.0,24.0,21.98828125,2.6150970458984375,1.6171261688249428,0.2649071358748778,22.0,24.0,214,4.7627906976744185,9.765625E-4
Food-price.csv,670,0.7098239636570131,30.0,1.0,29.0,26.63671875,6.7176361083984375,2.5918402937678158,0.1348973607038123,27.0,29.0,86,11.770114942528735,9.765625E-4
Food-price.csv,671,0.49328583173472185,30.0,1.0,29.0,27.5693359375,3.528395652770996,1.8784024203484715,0.16715542521994134,27.0,30.0,108,9.394495412844037,9.765625E-4
Food-price.csv,672,0.6765899864682002,31.0,1.0,30.0,27.1591796875,5.067435264587402,2.251096458303687,0.4633431085043988,28.0,29.0,286,3.56794425087108,9.765625E-4
Food-price.csv,673,0.0,31.0,1.0,30.0,28.1015625,3.32757568359375,1.824164379543069,0.3734115347018573,28.0,30.0,230,4.432900432900433,0.001953125
Food-price.csv,674,0.21739130434782608,31.0,1.0,30.0,26.9697265625,7.371153831481934,2.714986893427284,0.512218963831867,27.0,30.0,303,3.3684210526315788,0.005859375
Food-price.csv,675,0.9713977334052887,31.0,1.0,30.0,27.25,5.283203125,2.2985219435541615,0.44868035190615835,28.0,30.0,293,3.4829931972789114,0.001953125
Food-price.csv,676,0.5617977528089888,31.0,1.0,30.0,27.625,3.615234375,1.901376968147032,0.38220918866080156,28.0,30.0,252,4.047430830039525,9.765625E-4
Food-price.csv,677,0.2151694459386767,31.0,1.0,30.0,27.4072265625,4.841002464294434,2.200227820998188,0.40860215053763443,28.0,30.0,247,4.129032258064516,9.765625E-4
Food-price.csv,678,0.08051529790660225,31.0,1.0,30.0,27.63671875,3.3973236083984375,1.843183010012418,0.3763440860215054,28.0,30.0,266,3.8352059925093633,9.765625E-4
Food-price.csv,679,0.10819583446037327,31.0,1.0,30.0,27.3408203125,4.007864952087402,2.001965272447902,0.41935483870967744,27.0,29.0,289,3.5310344827586206,9.765625E-4
Food-price.csv,680,0.0,31.0,1.0,30.0,27.3076171875,5.83212947845459,2.414980223201546,0.41544477028348,28.0,31.0,252,4.047430830039525,0.0029296875
Food-price.csv,681,0.2670940170940171,31.0,1.0,30.0,27.697265625,6.312648773193359,2.51249851207784,0.3734115347018573,28.0,31.0,239,4.266666666666667,0.00390625
Food-price.csv,682,0.5093833780160858,31.0,1.0,30.0,27.71875,3.3720703125,1.8363197740317452,0.3724340175953079,28.0,30.0,267,3.8208955223880596,9.765625E-4
Food-price.csv,683,0.21430484864720065,31.0,1.0,30.0,27.6015625,6.22601318359375,2.4951980249258274,0.3870967741935484,28.0,31.0,260,3.9233716475095783,0.00390625
Food-price.csv,684,0.026961445133459154,31.0,1.0,30.0,27.455078125,3.9354820251464844,1.98380493626427,0.41642228739002934,28.0,30.0,292,3.4948805460750854,9.765625E-4
Food-price.csv,685,0.21401819154628143,31.0,1.0,30.0,27.599609375,4.390468597412109,2.095344505662997,0.4125122189638319,28.0,30.0,271,3.764705882352941,9.765625E-4
Food-price.csv,686,0.0,31.0,1.0,30.0,27.677734375,3.5699729919433594,1.8894372156659134,0.37732160312805474,28.0,30.0,246,4.145748987854251,9.765625E-4
Food-price.csv,687,0.9664429530201343,31.0,1.0,30.0,27.666015625,2.8630638122558594,1.6920590451446602,0.3626588465298143,28.0,30.0,236,4.320675105485232,9.765625E-4
Food-price.csv,688,0.21551724137931033,31.0,1.0,30.0,27.353515625,3.9961204528808594,1.99902987793601,0.44574780058651026,27.0,30.0,295,3.4594594594594597,9.765625E-4
Food-price.csv,689,0.18802041364491,31.0,1.0,30.0,27.3408203125,3.4844274520874023,1.8666621151369098,0.41935483870967744,27.0,30.0,266,3.8352059925093633,9.765625E-4
Food-price.csv,690,0.24423337856173677,31.0,1.0,30.0,27.125,4.087890625,2.0218532649527265,0.47409579667644186,27.0,30.0,327,3.1219512195121952,9.765625E-4
Food-price.csv,691,0.08071025020177562,31.0,1.0,30.0,27.4287109375,4.250777244567871,2.061741313687988,0.4525904203323558,28.0,31.0,299,3.4133333333333336,9.765625E-4
Food-price.csv,692,0.4840010755579457,31.0,1.0,30.0,27.595703125,3.1353721618652344,1.7706982130970919,0.3587487781036168,28.0,30.0,257,3.9689922480620154,9.765625E-4
Food-price.csv,693,0.5135135135135135,30.0,1.0,29.0,27.0234375,9.16546630859375,3.027452114995999,0.4633431085043988,27.0,30.0,296,3.4478114478114477,0.009765625
Food-price.csv,694,0.0,31.0,1.0,30.0,27.197265625,4.216945648193359,2.0535203062529863,0.4467253176930596,27.0,30.0,307,3.324675324675325,0.001953125
Food-price.csv,695,0.0,31.0,1.0,30.0,27.4033203125,3.7582311630249023,1.9386157853027253,0.45943304007820135,27.0,30.0,288,3.5432525951557095,0.001953125
Food-price.csv,696,0.0,31.0,1.0,30.0,27.6845703125,2.8956212997436523,1.701652520270708,0.3782991202346041,28.0,30.0,258,3.9536679536679538,9.765625E-4
Food-price.csv,697,0.21645021645021645,31.0,1.0,30.0,27.306640625,3.5583152770996094,1.886349722903897,0.4310850439882698,28.0,30.0,314,3.250793650793651,9.765625E-4
Food-price.csv,698,0.2963362068965517,31.0,1.0,30.0,27.234375,4.097412109375,2.024206538220594,0.48778103616813295,27.0,30.0,305,3.34640522875817,9.765625E-4
Food-price.csv,699,0.16216216216216217,31.0,1.0,30.0,27.2451171875,3.22800350189209,1.796664549071999,0.44086021505376344,27.0,30.0,302,3.3795379537953796,9.765625E-4
Food-price.csv,700,0.18552875695732837,31.0,1.0,30.0,28.0888671875,2.53214168548584,1.5912704627076566,0.3479960899315738,28.0,30.0,245,4.162601626016261,9.765625E-4
Food-price.csv,701,0.0,31.0,1.0,30.0,27.76171875,4.0408782958984375,2.0101935966215883,0.34017595307917886,28.0,31.0,251,4.063492063492063,9.765625E-4
Food-price.csv,702,0.1606425702811245,31.0,1.0,30.0,27.60546875,4.4478607177734375,2.108995191500786,0.44281524926686217,28.0,30.0,281,3.631205673758865,0.001953125
Food-price.csv,703,0.08032128514056225,31.0,1.0,30.0,27.66015625,5.3805999755859375,2.3196120312642665,0.4340175953079179,28.0,31.0,279,3.657142857142857,0.0029296875
Food-price.csv,704,0.29403902699812884,31.0,1.0,30.0,27.7607421875,7.435919761657715,2.726888292845476,0.34995112414467255,28.0,31.0,222,4.591928251121076,0.005859375
Food-price.csv,705,0.0,31.0,1.0,30.0,27.9560546875,3.2275609970092773,1.7965413986349652,0.3069403714565005,28.0,30.0,186,5.475935828877005,9.765625E-4
Food-price.csv,706,0.0,31.0,1.0,30.0,27.9619140625,3.190932273864746,1.786318077461219,0.3567937438905181,28.0,30.0,221,4.612612612612613,9.765625E-4
Food-price.csv,707,0.2401921537229784,31.0,1.0,30.0,27.6962890625,4.197798728942871,2.0488530276578825,0.3949169110459433,28.0,30.0,265,3.8496240601503757,9.765625E-4
Food-price.csv,708,0.0,31.0,1.0,30.0,27.625,5.279296875,2.297672055581475,0.39589442815249265,28.0,30.0,210,4.8530805687203795,0.001953125
Food-price.csv,709,0.18995929443690637,31.0,1.0,30.0,27.3486328125,3.77005672454834,1.9416633911541774,0.38220918866080156,28.0,30.0,260,3.9233716475095783,9.765625E-4
Food-price.csv,710,0.43057050592034446,31.0,1.0,30.0,27.5283203125,3.4640417098999023,1.8611936250427847,0.39296187683284456,28.0,30.0,250,4.079681274900398,9.765625E-4
Food-price.csv,711,0.07980845969672785,31.0,1.0,30.0,27.970703125,5.026485443115234,2.2419824805549293,0.3206256109481916,29.0,30.0,192,5.305699481865285,0.001953125
Food-price.csv,712,0.44549266247379454,31.0,1.0,30.0,28.4375,2.837890625,1.6846039964929442,0.34995112414467255,29.0,30.0,197,5.171717171717172,0.001953125
Food-price.csv,713,0.5115778136779753,31.0,1.0,30.0,27.40234375,4.1994476318359375,2.049255384727813,0.48778103616813295,28.0,30.0,325,3.1411042944785277,9.765625E-4
Food-price.csv,714,0.2686005909213,31.0,1.0,30.0,27.7421875,3.11712646484375,1.7655385764246982,0.34017595307917886,28.0,30.0,215,4.7407407407407405,9.765625E-4
Food-price.csv,715,0.0,31.0,1.0,30.0,27.7255859375,2.673720359802246,1.635151479160951,0.3421309872922776,28.0,30.0,223,4.571428571428571,9.765625E-4
Food-price.csv,716,0.27085590465872156,31.0,1.0,30.0,27.13671875,7.6199798583984375,2.7604311000998445,0.5288367546432062,28.0,30.0,283,3.6056338028169015,0.005859375
Food-price.csv,717,0.0810591731964334,31.0,1.0,30.0,27.248046875,4.303707122802734,2.074537809441596,0.426197458455523,28.0,30.0,298,3.4247491638795986,9.765625E-4
Food-price.csv,718,1.2520413718018508,31.0,1.0,30.0,26.9677734375,5.947203636169434,2.438688917465578,0.45161290322580644,27.0,29.0,308,3.313915857605178,0.00390625
Food-price.csv,719,0.0,30.0,1.0,29.0,27.1923828125,3.73740291595459,1.9332363838792683,0.4789833822091887,27.0,29.0,301,3.390728476821192,0.001953125
Food-price.csv,720,0.0,31.0,1.0,30.0,27.0390625,4.10003662109375,2.0248547160460055,0.44281524926686217,27.0,29.0,311,3.282051282051282,9.765625E-4
Food-price.csv,721,0.2998909487459106,31.0,1.0,30.0,27.291015625,3.0227317810058594,1.7386005236988338,0.3626588465298143,28.0,29.0,251,4.063492063492063,9.765625E-4
Food-price.csv,722,0.05386479935362241,31.0,1.0,30.0,27.46875,4.3544921875,2.0867420030995687,0.41348973607038125,28.0,30.0,265,3.8496240601503757,9.765625E-4
Food-price.csv,723,0.24219590958019377,31.0,1.0,30.0,27.6494140625,3.557753562927246,1.886200827835479,0.34506353861192574,28.0,30.0,227,4.491228070175438,9.765625E-4
Food-price.csv,724,0.026932399676811204,31.0,1.0,30.0,27.611328125,3.6809654235839844,1.918584223739991,0.3597262952101662,28.0,30.0,230,4.432900432900433,9.765625E-4
Food-price.csv,725,0.0,31.0,1.0,30.0,27.4736328125,4.18875789642334,2.046645522904086,0.3919843597262952,28.0,30.0,253,4.031496062992126,9.765625E-4
Food-price.csv,726,0.4025764895330113,31.0,1.0,30.0,27.62109375,4.1493988037109375,2.0370073155761954,0.3724340175953079,28.0,30.0,235,4.338983050847458,9.765625E-4
Food-price.csv,727,0.0,31.0,1.0,30.0,27.2900390625,3.547713279724121,1.8835374378344916,0.4115347018572825,28.0,30.0,278,3.6702508960573477,9.765625E-4
Food-price.csv,728,0.16273393002441008,31.0,1.0,30.0,27.2568359375,3.716261863708496,1.927760841937738,0.39589442815249265,28.0,30.0,255,4.0,9.765625E-4
Food-price.csv,729,0.0,31.0,1.0,30.0,27.4677734375,3.4071645736694336,1.845850636879765,0.38807429130009774,28.0,30.0,261,3.9083969465648853,9.765625E-4
Food-price.csv,730,0.7778969957081545,31.0,1.0,30.0,27.462890625,3.9048728942871094,1.9760751236446223,0.4359726295210166,28.0,29.0,289,3.5310344827586206,9.765625E-4
Food-price.csv,731,0.08017103153393906,31.0,1.0,30.0,27.673828125,3.8193931579589844,1.9543267787038545,0.3949169110459433,28.0,30.0,259,3.9384615384615387,9.765625E-4
Food-price.csv,732,0.2413515687851971,31.0,1.0,30.0,27.587890625,4.851650238037109,2.20264618993544,0.3939393939393939,28.0,30.0,284,3.592982456140351,0.0029296875
Food-price.csv,733,0.4286096972944013,31.0,1.0,30.0,27.578125,4.695068359375,2.166810642251648,0.4173998044965787,28.0,30.0,269,3.7925925925925927,9.765625E-4
Food-price.csv,734,0.13473457289140395,31.0,1.0,30.0,27.478515625,3.8706321716308594,1.9673922261793297,0.38807429130009774,28.0,29.0,258,3.9536679536679538,9.765625E-4
Food-price.csv,735,0.1592356687898089,31.0,1.0,30.0,28.0498046875,3.0570898056030273,1.7484535468816516,0.37438905180840665,29.0,30.0,261,3.9083969465648853,9.765625E-4
Food-price.csv,736,0.16116035455278002,31.0,1.0,30.0,27.7138671875,2.96207332611084,1.7210674960938748,0.31671554252199413,28.0,30.0,199,5.12,9.765625E-4
Food-price.csv,737,0.13426423200859292,31.0,1.0,30.0,27.6484375,3.53656005859375,1.8805743959210308,0.33528836754643204,28.0,30.0,208,4.899521531100478,9.765625E-4
Food-price.csv,738,0.1857256566728575,31.0,1.0,30.0,27.8037109375,6.608931541442871,2.570784226932099,0.40860215053763443,28.0,31.0,247,4.129032258064516,0.0029296875
Food-price.csv,739,0.5890227576974565,31.0,1.0,30.0,27.365234375,7.397853851318359,2.7198996031689036,0.47702834799608995,28.0,29.0,270,3.7785977859778597,0.005859375
Food-price.csv,740,0.5874499332443258,32.0,1.0,31.0,27.544921875,4.029232025146484,2.0072947031132435,0.4389051808406647,28.0,30.0,294,3.471186440677966,9.765625E-4
Food-price.csv,741,0.685910260074307,33.0,1.0,32.0,26.0849609375,11.114851951599121,3.333894412185113,0.3313782991202346,26.0,30.0,158,6.440251572327044,0.0029296875
Food-price.csv,742,0.2816020025031289,28.0,1.0,27.0,24.0146484375,5.074980735778809,2.2527717895470034,0.17008797653958943,24.0,26.0,93,10.893617021276595,9.765625E-4
Food-price.csv,743,0.24752475247524752,28.0,1.0,27.0,24.0546875,15.33880615234375,3.916478795084144,0.21407624633431085,25.0,27.0,120,8.462809917355372,0.0185546875
Food-price.csv,744,0.09499683343888538,28.0,1.0,27.0,23.380859375,19.06978988647461,4.36689705471455,0.2805474095796676,24.0,27.0,152,6.69281045751634,0.0263671875
Food-price.csv,745,0.771366862079605,28.0,1.0,27.0,24.310546875,3.0773887634277344,1.7542487746690132,0.18572825024437928,24.0,26.0,127,8.0,9.765625E-4
Food-price.csv,746,0.5710659898477157,29.0,1.0,28.0,23.52734375,8.303939819335938,2.8816557426826575,0.23069403714565004,24.0,26.0,119,8.533333333333333,0.001953125
Food-price.csv,747,0.0,28.0,1.0,27.0,23.0400390625,36.90562343597412,6.074999871273588,0.29423264907135877,25.0,27.0,122,8.325203252032521,0.0625
Food-price.csv,748,0.28019925280199254,28.0,1.0,27.0,24.001953125,5.314449310302734,2.3053089403164027,0.2482893450635386,24.0,27.0,156,6.522292993630574,9.765625E-4
Food-price.csv,749,0.4626773596545342,28.0,1.0,27.0,24.208984375,4.409450531005859,2.099869169973658,0.22287390029325513,24.0,27.0,151,6.7368421052631575,0.001953125
Food-price.csv,750,0.0,28.0,1.0,27.0,23.837890625,7.590908050537109,2.7551602585942456,0.4046920821114369,24.0,27.0,127,8.0,0.0048828125
Food-price.csv,751,0.5878712871287128,29.0,1.0,28.0,24.109375,6.755615234375,2.5991566390610243,0.2209188660801564,24.0,27.0,137,7.420289855072464,9.765625E-4
Food-price.csv,752,0.613685179502915,28.0,1.0,27.0,24.369140625,6.611782073974609,2.571338576301186,0.18084066471163246,24.0,27.0,121,8.39344262295082,0.0068359375
Food-price.csv,753,0.5026704366949418,28.0,1.0,27.0,23.7529296875,7.262198448181152,2.694846646505354,0.18866080156402737,24.0,27.0,104,9.752380952380953,9.765625E-4
Food-price.csv,754,0.21618282890673254,28.0,1.0,27.0,24.2021484375,7.305815696716309,2.702927245916232,0.24633431085043989,25.0,27.0,143,7.111111111111111,9.765625E-4
Food-price.csv,755,0.49413218035824585,28.0,1.0,27.0,24.21484375,4.0222015380859375,2.005542704129218,0.21994134897360704,24.0,26.0,165,6.168674698795181,9.765625E-4
Food-price.csv,756,0.9843125192248539,28.0,1.0,27.0,24.4287109375,4.491011619567871,2.1192007029934357,0.18866080156402737,24.0,27.0,119,8.533333333333333,9.765625E-4
Food-price.csv,757,0.4093198992443325,28.0,1.0,27.0,23.7109375,19.46331787109375,4.411725044820195,0.20234604105571846,24.0,27.0,134,7.5851851851851855,0.02734375
Food-price.csv,758,0.3389830508474576,28.0,1.0,27.0,24.1728515625,10.596098899841309,3.2551649573932977,0.2590420332355816,25.0,27.0,137,7.420289855072464,0.013671875
Food-price.csv,759,0.28391167192429023,28.0,1.0,27.0,23.5400390625,15.908553123474121,3.988552760522809,0.19941348973607037,24.0,26.0,80,12.641975308641975,0.015625
Food-price.csv,760,1.0328638497652582,28.0,1.0,27.0,23.533203125,24.461788177490234,4.945885985088034,0.25219941348973607,25.0,27.0,97,10.448979591836734,0.0361328125
Food-price.csv,761,0.4345127250155183,28.0,1.0,27.0,24.048828125,5.692928314208984,2.385985816011693,0.21700879765395895,24.0,27.0,138,7.366906474820144,0.001953125
Food-price.csv,762,0.5935645110902843,28.0,1.0,27.0,23.93359375,5.9760589599609375,2.444597913760244,0.21994134897360704,24.0,26.0,113,8.982456140350877,0.001953125
Food-price.csv,763,0.6186204763377667,28.0,1.0,27.0,24.1806640625,3.308180809020996,1.8188405122552653,0.2072336265884653,24.0,26.0,128,7.937984496124031,9.765625E-4
Food-price.csv,764,0.5864197530864198,28.0,1.0,27.0,24.291015625,11.66140365600586,3.4148797425393855,0.1603128054740958,25.0,28.0,84,12.047058823529412,9.765625E-4
Food-price.csv,765,0.21998742928975487,28.0,1.0,27.0,23.66796875,8.747177124023438,2.9575626999310494,0.23655913978494625,24.0,27.0,150,6.781456953642384,0.005859375
Food-price.csv,766,0.42861852950873724,28.0,1.0,27.0,22.6884765625,5.942992210388184,2.4378253035006803,0.21700879765395895,22.0,26.0,141,7.211267605633803,9.765625E-4
Food-price.csv,767,0.9527439024390244,25.0,1.0,24.0,19.560546875,19.170162200927734,4.378374378799481,0.1348973607038123,21.0,25.0,100,10.138613861386139,9.765625E-4
Food-price.csv,768,1.3989637305699483,17.0,1.0,16.0,14.2529296875,2.4819250106811523,1.5754126477469808,0.10654936461388075,14.0,17.0,64,15.753846153846155,9.765625E-4
Food-price.csv,769,0.6406833956219968,17.0,1.0,16.0,13.71875,3.2314453125,1.797622127283707,0.19648093841642228,14.0,16.0,141,7.211267605633803,0.001953125
Food-price.csv,770,0.8125677139761647,18.0,1.0,17.0,13.4345703125,5.097281455993652,2.257715982136294,0.14271749755620725,13.0,17.0,94,10.778947368421052,0.0126953125
Food-price.csv,771,1.4361702127659575,17.0,1.0,16.0,13.720703125,3.5137901306152344,1.8745106376372567,0.1573802541544477,14.0,16.0,116,8.752136752136753,9.765625E-4
Food-price.csv,772,1.7003188097768331,17.0,1.0,16.0,13.689453125,5.372310638427734,2.3178245486722533,0.13294232649071358,14.0,17.0,85,11.906976744186046,0.0126953125
Food-price.csv,773,1.2378902045209903,17.0,1.0,16.0,13.548828125,4.183162689208984,2.0452781447052586,0.17008797653958943,13.0,17.0,116,8.752136752136753,9.765625E-4
Food-price.csv,774,2.216358839050132,17.0,1.0,16.0,13.8056640625,4.846022605895996,2.2013683485268873,0.14173998044965788,14.0,16.0,100,10.138613861386139,0.0126953125
Food-price.csv,775,1.0678056593699947,17.0,1.0,16.0,13.6650390625,5.365340232849121,2.3163204080716295,0.1348973607038123,14.0,17.0,88,11.50561797752809,0.0126953125
Food-price.csv,776,1.106427818756586,17.0,1.0,16.0,13.7939453125,3.9077367782592773,1.9767996302759867,0.19941348973607037,14.0,17.0,149,6.826666666666667,9.765625E-4
Food-price.csv,777,1.3213530655391121,17.0,1.0,16.0,13.830078125,5.367610931396484,2.3168105083058657,0.1348973607038123,13.5,17.0,85,11.906976744186046,0.009765625
Food-price.csv,778,1.2299465240641712,17.0,1.0,16.0,13.5166015625,3.1520681381225586,1.7754064712404758,0.2561094819159335,14.0,15.0,184,5.535135135135135,0.001953125
Food-price.csv,779,1.2345679012345678,17.0,1.0,16.0,13.615234375,4.170314788818359,2.042134860585451,0.14467253176930597,13.0,17.0,96,10.556701030927835,0.00390625
Food-price.csv,780,1.5343915343915344,17.0,1.0,16.0,13.7373046875,3.3421239852905273,1.828147692417253,0.18670576735092864,14.0,16.0,137,7.420289855072464,9.765625E-4
Food-price.csv,781,1.2008733624454149,17.0,1.0,16.0,13.3974609375,5.190657615661621,2.2783014760258617,0.13978494623655913,13.0,17.0,97,10.448979591836734,0.0126953125
Food-price.csv,782,1.2875536480686696,17.0,1.0,16.0,13.6455078125,2.656561851501465,1.6298962701661308,0.14271749755620725,14.0,16.0,109,9.309090909090909,9.765625E-4
Food-price.csv,783,1.2841091492776886,17.0,1.0,16.0,13.6962890625,4.770064353942871,2.184047699557606,0.14076246334310852,14.0,17.0,81,12.487804878048781,0.0068359375
Food-price.csv,784,1.5275504637206765,17.0,1.0,16.0,13.3095703125,3.8973302841186523,1.9741657185045667,0.1495601173020528,13.0,16.0,117,8.677966101694915,0.00390625
Food-price.csv,785,1.0660980810234542,17.0,1.0,16.0,13.6826171875,5.48813533782959,2.3426769597683736,0.16715542521994134,14.0,17.0,120,8.462809917355372,0.0126953125
Food-price.csv,786,1.4384656366542354,17.0,1.0,16.0,13.6318359375,5.349806785583496,2.3129649339286353,0.14858260019550343,13.0,17.0,94,10.778947368421052,0.0126953125
Food-price.csv,787,1.4830508474576272,17.0,1.0,16.0,13.6767578125,3.894537925720215,1.9734583668575871,0.23655913978494625,14.0,17.0,166,6.131736526946108,9.765625E-4
Food-price.csv,788,0.8542445274959958,17.0,1.0,16.0,13.697265625,5.486476898193359,2.34232297051311,0.12218963831867058,13.0,17.0,82,12.337349397590362,0.0126953125
Food-price.csv,789,1.2786361214704316,17.0,1.0,16.0,13.603515625,3.3076438903808594,1.8186929071123743,0.2375366568914956,14.0,16.0,172,5.91907514450867,9.765625E-4
Food-price.csv,790,0.5863539445628998,20.0,1.0,19.0,13.6357421875,6.676886558532715,2.583967213130367,0.16129032258064516,13.0,17.0,115,8.827586206896552,0.0126953125
Food-price.csv,791,0.8246683399067766,25.0,1.0,24.0,20.8505859375,4.105605125427246,2.0262292874764314,0.13880742913000976,20.0,24.0,93,10.893617021276595,0.001953125
Food-price.csv,792,0.46846846846846846,25.0,1.0,24.0,20.7646484375,12.351836204528809,3.5145179192214697,0.10654936461388075,21.0,24.0,65,15.515151515151516,0.0205078125
Food-price.csv,793,0.9649749821300929,25.0,1.0,24.0,20.8603515625,4.659209251403809,2.1585201531150475,0.1544477028347996,21.0,24.0,98,10.343434343434344,9.765625E-4
Food-price.csv,794,1.0312822275696116,27.0,1.0,26.0,21.6533203125,10.218680381774902,3.196667073965461,0.1710654936461388,21.0,26.0,124,8.192,9.765625E-4
Food-price.csv,795,0.0,27.0,1.0,26.0,20.90234375,9.435775756835938,3.071770785204511,0.3626588465298143,20.0,26.0,213,4.785046728971962,9.765625E-4
Food-price.csv,796,0.9285714285714286,27.0,1.0,26.0,20.8857421875,9.603156089782715,3.0988959469112083,0.20039100684261973,19.0,26.0,131,7.757575757575758,9.765625E-4
Food-price.csv,797,0.30853616729516625,27.0,1.0,26.0,21.697265625,10.81460189819336,3.2885562026812556,0.2541544477028348,21.0,26.0,137,7.420289855072464,0.0068359375
Food-price.csv,798,0.2223045572434235,23.0,1.0,22.0,19.0458984375,13.323088645935059,3.650080635538763,0.7429130009775171,20.0,21.0,231,4.413793103448276,0.0322265625
Food-price.csv,799,0.5921052631578947,27.0,1.0,26.0,22.5634765625,13.732298851013184,3.7057116524377856,0.27174975562072334,24.0,26.0,185,5.505376344086022,0.0068359375
Food-price.csv,800,0.6495615459564794,27.0,1.0,26.0,22.9716796875,12.226737022399902,3.4966751382420274,0.2101661779081134,24.0,27.0,172,5.91907514450867,9.765625E-4
Food-price.csv,801,0.4985754985754986,27.0,1.0,26.0,20.8359375,10.49066162109375,3.238929085530239,0.20430107526881722,20.0,26.0,155,6.564102564102564,9.765625E-4
Food-price.csv,802,0.7207207207207207,23.0,1.0,22.0,19.875,3.0703125,1.7522307211095234,0.49071358748778104,20.0,22.0,316,3.230283911671924,9.765625E-4
Food-price.csv,803,0.5301022340022719,22.0,1.0,21.0,19.53515625,2.9948577880859375,1.7305657422028027,0.21896383186705767,20.0,22.0,127,8.0,9.765625E-4
Food-price.csv,804,1.2956419316843346,22.0,1.0,21.0,18.9208984375,2.2662038803100586,1.5053916036400823,0.15933528836754643,19.0,20.0,106,9.570093457943925,0.001953125
Food-price.csv,805,0.918133129303749,23.0,1.0,22.0,19.345703125,3.4605674743652344,1.860260055574283,0.198435972629521,19.0,22.0,145,7.013698630136986,0.001953125
Food-price.csv,806,0.5453837164004675,22.0,1.0,21.0,19.078125,3.255615234375,1.8043323514183855,0.17008797653958943,19.0,22.0,124,8.192,9.765625E-4
Food-price.csv,807,0.46065259117082535,24.0,1.0,23.0,19.3447265625,2.5501089096069336,1.5969060428237265,0.19159335288367546,19.0,22.0,134,7.5851851851851855,9.765625E-4
Food-price.csv,808,0.42405551272166536,24.0,1.0,23.0,18.9482421875,5.285407066345215,2.2990013193439482,0.35777126099706746,19.0,22.0,196,5.197969543147208,9.765625E-4
Food-price.csv,809,0.15384615384615385,24.0,1.0,23.0,19.1630859375,3.480238914489746,1.8655398453235317,0.2697947214076246,19.0,22.0,176,5.785310734463277,9.765625E-4
Food-price.csv,810,0.7909604519774012,23.0,1.0,22.0,19.5625,5.24609375,2.290435275226087,0.22482893450635386,20.0,22.0,147,6.918918918918919,0.0068359375
Food-price.csv,811,0.9116131589377725,21.0,1.0,20.0,18.7783203125,1.7780065536499023,1.3334191215255249,0.12805474095796676,19.0,20.0,96,10.556701030927835,9.765625E-4
Food-price.csv,812,1.0695187165775402,23.0,1.0,22.0,19.5224609375,2.769026756286621,1.6640392892857492,0.14271749755620725,19.0,22.0,100,10.138613861386139,9.765625E-4
Food-price.csv,813,0.6968641114982579,22.0,1.0,21.0,19.1435546875,3.3514623641967773,1.8306999656406773,0.187683284457478,19.0,22.0,137,7.420289855072464,9.765625E-4
Food-price.csv,814,1.0116731517509727,23.0,1.0,22.0,19.0791015625,2.6763601303100586,1.6359584745066296,0.1495601173020528,19.0,22.0,100,10.138613861386139,0.001953125
Food-price.csv,815,0.23014959723820483,22.0,1.0,21.0,19.287109375,3.1050682067871094,1.7621203723886485,0.22971652003910067,19.0,21.0,150,6.781456953642384,9.765625E-4
Food-price.csv,816,0.5386687187379762,23.0,1.0,22.0,19.2568359375,2.956496238708496,1.7194464919585302,0.19550342130987292,19.0,22.0,140,7.26241134751773,9.765625E-4
Food-price.csv,817,0.7180650037792895,23.0,1.0,22.0,19.69921875,2.4407806396484375,1.5622997918608443,0.18670576735092864,19.0,22.0,124,8.192,9.765625E-4
Food-price.csv,818,0.6925740669488265,22.0,1.0,21.0,19.3310546875,2.1101293563842773,1.452628430254715,0.15542521994134897,19.0,21.0,115,8.827586206896552,9.765625E-4
Food-price.csv,819,0.46314164415283676,23.0,1.0,22.0,19.1748046875,4.142294883728027,2.0352628537189066,0.23949169110459434,19.0,22.0,132,7.6992481203007515,0.0029296875
Food-price.csv,820,0.62402496099844,22.0,1.0,21.0,19.0595703125,3.3294591903686523,1.824680572146438,0.18866080156402737,19.0,22.0,128,7.937984496124031,9.765625E-4
Food-price.csv,821,0.2638522427440633,23.0,1.0,22.0,19.6181640625,3.075881004333496,1.7538189770707513,0.24633431085043989,19.0,22.0,170,5.988304093567251,9.765625E-4
Food-price.csv,822,0.8778625954198473,22.0,1.0,21.0,19.0390625,3.77386474609375,1.942643751719226,0.3196480938416422,19.0,22.0,181,5.626373626373627,9.765625E-4
Food-price.csv,823,0.7045009784735812,22.0,1.0,21.0,18.93359375,2.8784027099609375,1.6965856034874685,0.1603128054740958,19.0,21.0,106,9.570093457943925,0.001953125
Food-price.csv,824,0.8123791102514507,22.0,1.0,21.0,19.1572265625,2.8727407455444336,1.6949161470540168,0.16715542521994134,19.0,21.0,112,9.061946902654867,0.0048828125
Food-price.csv,825,0.3104384943733023,23.0,1.0,22.0,19.0888671875,3.92276668548584,1.9805975576794594,0.20430107526881722,19.0,22.0,154,6.606451612903226,9.765625E-4
Food-price.csv,826,0.732741997686078,23.0,1.0,22.0,19.275390625,2.7503318786621094,1.658412457340486,0.1573802541544477,19.0,22.0,105,9.660377358490566,0.001953125
Food-price.csv,827,0.5941329372447085,23.0,1.0,22.0,20.0087890625,3.020430564880371,1.7379385964067808,0.21407624633431085,20.0,22.0,136,7.474452554744525,9.765625E-4
Food-price.csv,828,0.7177937287495277,23.0,1.0,22.0,19.3916015625,5.900359153747559,2.4290654898021087,0.24926686217008798,20.0,22.0,152,6.69281045751634,0.0068359375
Food-price.csv,829,0.1520912547528517,23.0,1.0,22.0,19.29296875,6.1348724365234375,2.4768674644646285,0.3196480938416422,19.0,22.0,165,6.168674698795181,0.0107421875
Food-price.csv,830,0.4911220249338874,23.0,1.0,22.0,19.5205078125,3.712470054626465,1.926777115970206,0.25024437927663734,19.0,22.0,153,6.64935064935065,9.765625E-4
Food-price.csv,831,0.6281900274833137,21.0,1.0,20.0,18.966796875,2.3074913024902344,1.519042890273423,0.16911045943304007,19.0,20.0,110,9.225225225225225,0.001953125
Food-price.csv,832,1.0344827586206897,23.0,1.0,22.0,19.376953125,3.0805625915527344,1.7551531533039315,0.176930596285435,19.0,22.0,126,8.062992125984252,9.765625E-4
Food-price.csv,833,0.6622516556291391,22.0,1.0,21.0,19.0556640625,3.089674949645996,1.7577471233502264,0.17595307917888564,19.0,22.0,138,7.366906474820144,9.765625E-4
Food-price.csv,834,0.7350096711798839,23.0,1.0,22.0,19.0703125,2.89349365234375,1.7010272344509214,0.22189638318670576,19.0,22.0,152,6.69281045751634,9.765625E-4
Food-price.csv,835,0.2290950744558992,22.0,1.0,21.0,19.0693359375,3.793044090270996,1.9475738985391533,0.37732160312805474,19.0,21.0,208,4.899521531100478,0.0029296875
Food-price.csv,836,0.693107431651906,23.0,1.0,22.0,19.0947265625,2.6795034408569336,1.636918886462287,0.2512218963831867,19.0,21.0,175,5.818181818181818,9.765625E-4
Food-price.csv,837,0.6300963676797627,23.0,1.0,22.0,20.0078125,4.41790771484375,2.1018819459816838,0.187683284457478,20.0,22.0,95,10.666666666666666,0.005859375
Food-price.csv,838,0.8287292817679558,22.0,1.0,21.0,18.8857421875,1.8004217147827148,1.341797941115843,0.14565004887585534,19.0,20.0,113,8.982456140350877,9.765625E-4
Food-price.csv,839,0.9867172675521821,23.0,1.0,22.0,19.529296875,2.8487510681152344,1.687824359379623,0.2013685239491691,20.0,22.0,154,6.606451612903226,9.765625E-4
Food-price.csv,840,0.536604062859333,22.0,1.0,21.0,19.3994140625,3.501601219177246,1.8712565882789154,0.1906158357771261,19.0,22.0,141,7.211267605633803,9.765625E-4
Food-price.csv,841,1.1503067484662577,23.0,1.0,22.0,19.380859375,2.4291648864746094,1.558577841005899,0.16324535679374388,19.0,22.0,109,9.309090909090909,0.001953125
Food-price.csv,842,0.8451786400307337,22.0,1.0,21.0,19.1689453125,10.654074668884277,3.2640580063602234,0.24242424242424243,20.0,22.0,115,8.827586206896552,0.0234375
Food-price.csv,843,0.19040365575019041,23.0,1.0,22.0,19.404296875,4.076778411865234,2.019103368296243,0.2825024437927664,20.0,22.0,184,5.535135135135135,9.765625E-4
Food-price.csv,844,0.9687034277198212,23.0,1.0,22.0,19.7841796875,7.171195030212402,2.6779087046074594,0.25024437927663734,20.0,22.0,110,9.225225225225225,0.0146484375
Food-price.csv,845,0.6893910379165071,23.0,1.0,22.0,19.2255859375,3.172743797302246,1.7812197498630669,0.2697947214076246,19.0,22.0,190,5.361256544502618,9.765625E-4
Food-price.csv,846,0.7437709185570844,23.0,1.0,22.0,19.919921875,3.4916343688964844,1.8685915468331982,0.21505376344086022,20.0,22.0,106,9.570093457943925,9.765625E-4
Food-price.csv,847,0.2692307692307692,23.0,1.0,22.0,19.1826171875,2.98129940032959,1.7266439703452445,0.26099706744868034,19.0,22.0,166,6.131736526946108,9.765625E-4
Food-price.csv,848,0.7912584777694047,23.0,1.0,22.0,19.6533203125,3.5233678817749023,1.877063632851828,0.20332355816226785,20.0,22.0,136,7.474452554744525,9.765625E-4
Food-price.csv,849,0.35335689045936397,23.0,1.0,22.0,18.8466796875,2.9716100692749023,1.7238358591452094,0.20332355816226785,19.0,21.0,139,7.314285714285714,9.765625E-4
Food-price.csv,850,0.6228104320747373,23.0,1.0,22.0,18.935546875,3.2907676696777344,1.814047317375634,0.2072336265884653,19.0,22.0,135,7.529411764705882,9.765625E-4
Food-price.csv,851,0.7240853658536586,23.0,1.0,22.0,19.447265625,2.5831565856933594,1.6072201422622103,0.18963831867057673,19.0,22.0,125,8.126984126984127,9.765625E-4
Food-price.csv,852,0.8959875340864822,23.0,1.0,22.0,18.9697265625,1.8594350814819336,1.3636110447931746,0.20332355816226785,19.0,21.0,152,6.69281045751634,9.765625E-4
Food-price.csv,853,0.6708760852407262,23.0,1.0,22.0,18.755859375,4.618129730224609,2.1489834178570595,0.23558162267839688,18.0,22.0,172,5.91907514450867,9.765625E-4
Food-price.csv,854,1.1578541103820919,22.0,1.0,21.0,19.2587890625,2.592207908630371,1.6100335116482425,0.16422287390029325,19.0,22.0,114,8.904347826086957,9.765625E-4
Food-price.csv,855,0.8301886792452831,23.0,1.0,22.0,19.6416015625,2.7690114974975586,1.6640347044150128,0.18181818181818182,19.0,22.0,125,8.126984126984127,9.765625E-4
Food-price.csv,856,0.34535686876438987,23.0,1.0,22.0,19.1904296875,2.9549474716186523,1.7189960650387344,0.21114369501466276,19.0,22.0,147,6.918918918918919,9.765625E-4
Food-price.csv,857,0.818394388152767,22.0,1.0,21.0,18.974609375,2.2298240661621094,1.493259544138965,0.2013685239491691,19.0,21.0,159,6.4,9.765625E-4
Food-price.csv,858,0.9600614439324117,23.0,1.0,22.0,19.23046875,3.6207122802734375,1.9028169329374378,0.20332355816226785,19.0,22.0,156,6.522292993630574,9.765625E-4
Food-price.csv,859,0.6609642301710731,22.0,1.0,21.0,19.1025390625,2.896712303161621,1.7019730618201985,0.16911045943304007,19.0,22.0,129,7.876923076923077,9.765625E-4
Food-price.csv,860,0.8218154650728428,23.0,1.0,22.0,19.927734375,2.2115745544433594,1.4871363604065901,0.18866080156402737,20.0,22.0,135,7.529411764705882,9.765625E-4
Food-price.csv,861,0.8076923076923077,23.0,1.0,22.0,19.0830078125,3.113226890563965,1.7644338725392814,0.24926686217008798,19.0,22.0,165,6.168674698795181,0.001953125
Food-price.csv,862,0.691699604743083,30.0,1.0,29.0,22.732421875,15.426448822021484,3.9276518203656345,0.15249266862170088,21.0,29.0,81,12.487804878048781,0.0029296875
Food-price.csv,863,1.0092514718250631,30.0,1.0,29.0,26.884765625,7.808986663818359,2.794456416517953,0.10557184750733138,27.0,29.0,52,19.32075471698113,0.0068359375
Food-price.csv,864,0.8951048951048951,30.0,1.0,29.0,26.923828125,33.931697845458984,5.825092089011038,0.13880742913000976,29.0,30.0,45,22.26086956521739,0.0439453125
Food-price.csv,865,0.9235936188077246,31.0,1.0,30.0,27.0322265625,3.9765005111694336,1.9941164738222874,0.10557184750733138,27.0,29.0,36,27.675675675675677,0.0029296875
Food-price.csv,866,0.5608524957936063,30.0,1.0,29.0,27.04296875,12.392684936523438,3.5203245498850584,0.10166177908113393,27.0,30.0,38,26.256410256410255,0.009765625
Food-price.csv,867,0.4416229643941485,31.0,1.0,30.0,27.4208984375,13.194914817810059,3.6324805323373806,0.10654936461388075,28.0,30.0,50,20.07843137254902,0.01171875
Food-price.csv,868,1.191151446398185,30.0,1.0,29.0,26.7822265625,4.070738792419434,2.017607194777872,0.09481915933528837,26.0,29.0,48,20.897959183673468,9.765625E-4
Food-price.csv,869,0.0855431993156544,31.0,1.0,30.0,26.1884765625,54.506468772888184,7.382849637700079,0.2932551319648094,28.0,30.0,69,14.628571428571428,0.0771484375
Food-price.csv,870,0.22701475595913734,31.0,1.0,30.0,26.5390625,3.14300537109375,1.7728523263638598,0.17790811339198437,26.0,29.0,80,12.641975308641975,9.765625E-4
Food-price.csv,871,0.4043905257076834,30.0,1.0,29.0,26.150390625,44.14339828491211,6.644049840640278,0.14565004887585534,29.0,30.0,55,18.285714285714285,0.060546875
Food-price.csv,872,0.7878446820483962,30.0,1.0,29.0,26.8896484375,7.295439720153809,2.701007167734623,0.10459433040078202,27.0,30.0,52,19.32075471698113,0.0029296875
Food-price.csv,873,0.2566295979469632,30.0,1.0,29.0,26.4052734375,16.842589378356934,4.103972390057825,0.17497556207233628,26.0,30.0,54,18.618181818181817,0.0146484375
Food-price.csv,874,0.8362557323981656,31.0,1.0,30.0,28.1220703125,3.7849035263061523,1.945482851712179,0.10752688172043011,28.0,30.0,40,24.975609756097562,9.765625E-4
Food-price.csv,875,0.7473411899971256,31.0,1.0,30.0,26.333984375,3.0915794372558594,1.7582887809617223,0.12121212121212122,26.0,29.0,64,15.753846153846155,9.765625E-4
Food-price.csv,876,0.6534168254832562,30.0,1.0,29.0,27.7578125,24.86517333984375,4.986499106572039,0.13978494623655913,29.0,30.0,45,22.26086956521739,0.0283203125
Food-price.csv,877,0.6341885269530124,31.0,1.0,30.0,26.224609375,2.7972068786621094,1.6724852401926031,0.1300097751710655,26.0,28.0,77,13.128205128205128,9.765625E-4
Food-price.csv,878,1.1133314302026833,30.0,1.0,29.0,26.43359375,55.60691833496094,7.45700464898346,0.09872922776148582,29.0,30.0,40,24.975609756097562,0.076171875
Food-price.csv,879,0.9308885754583921,31.0,1.0,30.0,26.892578125,4.043148040771484,2.0107580761423,0.08308895405669599,27.0,28.0,33,30.11764705882353,0.0029296875
Food-price.csv,880,1.2297372833985467,30.0,1.0,29.0,27.0224609375,24.69773769378662,4.969681850358896,0.08895405669599218,29.0,30.0,60,16.78688524590164,0.0302734375
Food-price.csv,881,0.5561735261401557,31.0,1.0,30.0,27.16796875,6.4229583740234375,2.5343556131733838,0.1348973607038123,28.0,30.0,50,20.07843137254902,0.001953125
Food-price.csv,882,0.8921103986618344,30.0,1.0,29.0,27.169921875,5.889095306396484,2.42674582649203,0.1270772238514174,26.0,30.0,83,12.19047619047619,9.765625E-4
Food-price.csv,883,0.6950236308034473,31.0,1.0,30.0,27.1455078125,8.557929039001465,2.925393826308086,0.12316715542521994,28.0,30.0,63,16.0,0.00390625
Food-price.csv,884,0.7893994925288976,31.0,1.0,30.0,26.85546875,4.2681732177734375,2.0659557637503854,0.11534701857282502,26.0,29.0,55,18.285714285714285,9.765625E-4
Food-price.csv,885,1.8125177003681676,30.0,1.0,29.0,26.5947265625,30.442198753356934,5.517444947922629,0.07917888563049853,28.0,30.0,20,48.76190476190476,0.041015625
Food-price.csv,886,1.0834236186348862,30.0,1.0,29.0,28.0390625,7.00433349609375,2.6465701381398814,0.08308895405669599,29.0,30.0,24,40.96,0.001953125
Food-price.csv,887,0.9331727874774233,31.0,1.0,30.0,25.099609375,45.97249984741211,6.7803023418880155,0.0967741935483871,27.0,28.0,65,15.515151515151516,0.0712890625
Food-price.csv,888,0.8938244853737811,30.0,1.0,29.0,28.1044921875,14.140448570251465,3.7603787801565236,0.07038123167155426,29.0,30.0,39,25.6,0.015625
Food-price.csv,889,0.7810240092565809,31.0,1.0,30.0,26.0791015625,4.039641380310059,2.0098859122622006,0.12316715542521994,26.0,28.0,72,14.027397260273972,0.001953125
Food-price.csv,890,1.7724413950829045,30.0,1.0,29.0,26.23828125,59.52525329589844,7.7152610646625845,0.18572825024437928,29.0,30.0,49,20.48,0.0830078125
Food-price.csv,891,0.5959137343927355,31.0,1.0,30.0,26.66796875,3.2784271240234375,1.810642737820865,0.15542521994134897,27.0,29.0,93,10.893617021276595,9.765625E-4
Food-price.csv,892,0.0,31.0,1.0,30.0,25.005859375,4.878871917724609,2.2088168592539783,0.28347996089931576,25.0,28.0,205,4.970873786407767,9.765625E-4
Food-price.csv,893,0.453035336756267,29.0,1.0,28.0,24.7939453125,2.7475805282592773,1.6575827364747973,0.21896383186705767,25.0,27.0,131,7.757575757575758,9.765625E-4
Food-price.csv,894,0.17761989342806395,31.0,1.0,30.0,25.140625,4.198974609375,2.049139968224474,0.28934506353861195,25.0,28.0,172,5.91907514450867,9.765625E-4
Food-price.csv,895,0.20833333333333334,29.0,1.0,28.0,24.9755859375,3.070693016052246,1.7523392982103227,0.39100684261974583,25.0,27.0,258,3.9536679536679538,9.765625E-4
Food-price.csv,896,0.0,31.0,1.0,30.0,24.994140625,5.363246917724609,2.3158685018205607,0.30498533724340177,25.0,28.0,198,5.1457286432160805,9.765625E-4
Food-price.csv,897,0.12044564890093346,29.0,1.0,28.0,24.9052734375,2.6228628158569336,1.619525490956204,0.22580645161290322,25.0,27.0,131,7.757575757575758,9.765625E-4
Food-price.csv,898,0.29507229271171437,31.0,1.0,30.0,25.34765625,3.7463226318359375,1.9355419478368165,0.2561094819159335,25.0,28.0,184,5.535135135135135,9.765625E-4
Food-price.csv,899,0.41903621670158636,29.0,1.0,28.0,24.9609375,2.72113037109375,1.6495849087251466,0.23949169110459434,25.0,27.0,159,6.4,9.765625E-4
Food-price.csv,900,0.4396248534583822,32.0,1.0,31.0,25.20703125,3.6934661865234375,1.9218392717715593,0.3724340175953079,25.0,28.0,259,3.9384615384615387,9.765625E-4
Food-price.csv,901,0.11936735302894658,29.0,1.0,28.0,25.1552734375,2.6721792221069336,1.6346801589628883,0.2375366568914956,25.0,28.0,174,5.851428571428571,9.765625E-4
Food-price.csv,902,0.42424242424242425,31.0,1.0,30.0,24.6865234375,5.740599632263184,2.3959548477096106,0.2287390029325513,24.0,28.0,138,7.366906474820144,9.765625E-4
Food-price.csv,903,0.39039039039039036,29.0,1.0,28.0,25.013671875,2.8103599548339844,1.6764128235115552,0.22189638318670576,25.0,28.0,144,7.062068965517241,9.765625E-4
Food-price.csv,904,0.6468685680682152,32.0,1.0,31.0,25.2109375,3.98089599609375,1.995218282818637,0.31671554252199413,25.0,28.0,232,4.394849785407725,9.765625E-4
Food-price.csv,905,0.29559562518474725,29.0,1.0,28.0,25.248046875,3.3330039978027344,1.8256516638731317,0.28152492668621704,25.0,28.0,184,5.535135135135135,9.765625E-4
Food-price.csv,906,0.29524653085326247,32.0,1.0,31.0,25.154296875,4.585567474365234,2.141393815804378,0.29716520039100686,25.0,28.0,194,5.251282051282051,9.765625E-4
Food-price.csv,907,0.26929982046678635,29.0,1.0,28.0,25.1083984375,2.1239919662475586,1.4573921799733793,0.21603128054740958,25.0,27.0,140,7.26241134751773,9.765625E-4
Food-price.csv,908,0.2976190476190476,31.0,1.0,30.0,25.07421875,4.9593353271484375,2.2269565166721232,0.27663734115347016,25.0,28.0,194,5.251282051282051,9.765625E-4
Food-price.csv,909,0.30066145520144316,29.0,1.0,28.0,25.0009765625,2.5595693588256836,1.5998654189730097,0.20918866080156404,25.0,27.0,130,7.816793893129771,9.765625E-4
Food-price.csv,910,0.32267527134056906,32.0,1.0,31.0,25.3671875,3.89056396484375,1.9724512579132976,0.2590420332355816,25.0,28.0,180,5.657458563535911,9.765625E-4
Food-price.csv,911,0.33042955842595373,29.0,1.0,28.0,25.048828125,2.3608970642089844,1.5365210913648353,0.17595307917888564,25.0,27.0,92,11.010752688172044,9.765625E-4
Food-price.csv,912,0.05866823115283074,31.0,1.0,30.0,25.4404296875,3.8616857528686523,1.9651172364183904,0.3010752688172043,25.0,28.0,216,4.71889400921659,9.765625E-4
Food-price.csv,913,0.05877167205406994,30.0,1.0,29.0,25.4580078125,3.174017906188965,1.7815773646375743,0.2649071358748778,25.0,28.0,167,6.095238095238095,9.765625E-4
Food-price.csv,914,0.26346604215456676,31.0,1.0,30.0,25.4072265625,3.9660024642944336,1.9914824790327514,0.3235581622678397,25.0,28.0,213,4.785046728971962,9.765625E-4
Food-price.csv,915,0.3021148036253776,31.0,1.0,30.0,24.7783203125,2.5905065536499023,1.6095050648102671,0.24926686217008798,24.0,27.0,162,6.282208588957055,9.765625E-4
Food-price.csv,916,0.2630040911747516,31.0,1.0,30.0,25.3115234375,11.097289085388184,3.331259384285196,0.33528836754643204,25.0,28.0,203,5.019607843137255,0.013671875
Food-price.csv,917,0.15006002400960383,31.0,1.0,30.0,24.9228515625,2.1883840560913086,1.4793187810919284,0.2619745845552297,25.0,27.0,176,5.785310734463277,9.765625E-4
Food-price.csv,918,0.43731778425655976,32.0,1.0,31.0,25.4345703125,3.6168127059936523,1.9017919723233803,0.31378299120234604,25.0,28.0,221,4.612612612612613,9.765625E-4
Food-price.csv,919,0.48004800480048004,29.0,1.0,28.0,24.9638671875,2.42545223236084,1.5573863465308921,0.21994134897360704,25.0,27.0,153,6.64935064935065,9.765625E-4
Food-price.csv,920,0.17673048600883653,32.0,1.0,31.0,25.2548828125,3.80319881439209,1.9501791749457509,0.25806451612903225,25.0,28.0,177,5.752808988764045,9.765625E-4
Food-price.csv,921,0.14920919128618323,29.0,1.0,28.0,25.05859375,4.5395355224609375,2.1306185774232183,0.35581622678396874,25.0,28.0,164,6.206060606060606,0.00390625
Food-price.csv,922,0.2082093991671624,31.0,1.0,30.0,25.041015625,4.330348968505859,2.080949054759837,0.3460410557184751,25.0,28.0,237,4.302521008403361,9.765625E-4
Food-price.csv,923,0.29735355337496283,31.0,1.0,30.0,25.1005859375,2.949843406677246,1.7175108170481042,0.29227761485826004,25.0,27.0,198,5.1457286432160805,9.765625E-4
Food-price.csv,924,0.14819205690574985,32.0,1.0,31.0,25.1083984375,2.9638357162475586,1.7215794249024814,0.2776148582600195,25.0,28.0,203,5.019607843137255,9.765625E-4
Food-price.csv,925,0.3793405310767435,32.0,1.0,31.0,25.396484375,3.4795188903808594,1.8653468552472645,0.3313782991202346,25.0,28.0,228,4.471615720524017,9.765625E-4
Food-price.csv,926,0.17699115044247787,31.0,1.0,30.0,25.2607421875,2.940802574157715,1.7148768393554432,0.30791788856304986,25.0,28.0,218,4.675799086757991,9.765625E-4
Food-price.csv,927,0.44869877355668564,32.0,1.0,31.0,24.826171875,4.299861907958984,2.0736108381176503,0.33235581622678395,24.0,28.0,191,5.333333333333333,0.001953125
Food-price.csv,928,0.2889338341519792,32.0,1.0,31.0,25.6875,3.01171875,1.7354304221143526,0.3147605083088954,25.0,28.0,220,4.633484162895928,9.765625E-4
Food-price.csv,929,0.2963841138114997,31.0,1.0,30.0,25.169921875,3.6547203063964844,1.9117322789544786,0.270772238514174,25.0,28.0,174,5.851428571428571,9.765625E-4
Food-price.csv,930,0.4101963082332259,31.0,1.0,30.0,25.3359375,3.58831787109375,1.89428558329882,0.32453567937438904,25.0,28.0,215,4.7407407407407405,9.765625E-4
Food-price.csv,931,0.41055718475073316,29.0,1.0,28.0,25.4765625,2.89007568359375,1.7000222597347807,0.2541544477028348,25.0,28.0,176,5.785310734463277,9.765625E-4
Food-price.csv,932,0.35200938691698447,32.0,1.0,31.0,25.3466796875,3.4569616317749023,1.8592906259578954,0.2913000977517107,25.0,28.0,190,5.361256544502618,9.765625E-4
Food-price.csv,933,0.8054123711340206,29.0,1.0,28.0,23.0986328125,15.32523250579834,3.914745522482699,0.20527859237536658,24.0,27.0,132,7.6992481203007515,0.001953125
Food-price.csv,934,0.8877052818464269,21.0,1.0,20.0,16.7177734375,5.157652854919434,2.271046643052369,0.11241446725317693,16.0,20.0,75,13.473684210526315,9.765625E-4
Food-price.csv,935,1.1831726555652935,21.0,1.0,20.0,16.984375,4.704833984375,2.169062927712103,0.11143695014662756,17.0,20.0,70,14.422535211267606,9.765625E-4
Food-price.csv,936,1.608695652173913,21.0,1.0,20.0,17.0107421875,6.282111167907715,2.5064140056877506,0.1348973607038123,17.0,20.0,83,12.19047619047619,9.765625E-4
Food-price.csv,937,0.6553079947575361,21.0,1.0,20.0,16.9677734375,6.716734886169434,2.5916664303435026,0.1495601173020528,16.5,20.0,95,10.666666666666666,9.765625E-4
Food-price.csv,938,1.3135593220338984,21.0,1.0,20.0,17.560546875,5.095943450927734,2.2574196444010437,0.11436950146627566,17.0,20.0,83,12.19047619047619,9.765625E-4
Food-price.csv,939,1.126028583802512,21.0,1.0,20.0,17.08203125,6.9444427490234375,2.6352310617901114,0.13880742913000976,17.0,20.0,93,10.893617021276595,0.00390625
Food-price.csv,940,1.1063829787234043,21.0,1.0,20.0,17.5263671875,4.22586727142334,2.055691433903284,0.10752688172043011,17.0,20.0,68,14.840579710144928,9.765625E-4
Food-price.csv,941,1.0766580534022394,21.0,1.0,20.0,17.2392578125,6.025763511657715,2.4547430642854895,0.13098729227761485,17.0,20.0,84,12.047058823529412,9.765625E-4
Food-price.csv,942,1.0980073200488003,26.0,1.0,25.0,18.2646484375,10.634062767028809,3.2609910712893417,0.15151515151515152,17.0,23.0,113,8.982456140350877,9.765625E-4
Food-price.csv,943,0.395908940943583,26.0,1.0,25.0,22.5234375,5.28460693359375,2.2988272952950926,0.21603128054740958,22.0,25.0,131,7.757575757575758,0.0029296875
Food-price.csv,944,0.3254149040026033,27.0,1.0,26.0,22.6953125,5.17474365234375,2.274806288971382,0.32649071358748777,22.0,26.0,187,5.446808510638298,9.765625E-4
Food-price.csv,945,0.6514657980456026,26.0,1.0,25.0,22.849609375,4.467617034912109,2.1136738241536013,0.18181818181818182,23.0,25.0,105,9.660377358490566,9.765625E-4
Food-price.csv,946,0.3526771401090093,27.0,1.0,26.0,23.248046875,4.571285247802734,2.1380564182927295,0.24437927663734116,23.0,26.0,166,6.131736526946108,9.765625E-4
Food-price.csv,947,0.16191709844559585,27.0,1.0,26.0,22.826171875,4.247127532958984,2.06085601946351,0.31378299120234604,23.0,26.0,202,5.044334975369458,9.765625E-4
Food-price.csv,948,0.7523716061498201,27.0,1.0,26.0,22.541015625,6.013942718505859,2.4523341367982177,0.26392961876832843,23.0,25.0,185,5.505376344086022,0.005859375
Food-price.csv,949,0.5649717514124294,27.0,1.0,26.0,22.369140625,5.764125823974609,2.4008593927955486,0.22189638318670576,22.0,26.0,146,6.965986394557823,9.765625E-4
Food-price.csv,950,0.0,27.0,1.0,26.0,22.744140625,8.90328598022461,2.9838374587474785,0.2913000977517107,23.0,26.0,190,5.361256544502618,0.005859375
Food-price.csv,951,0.5259697567389875,26.0,1.0,25.0,22.447265625,5.743312835693359,2.396520985865419,0.25317693059628543,23.0,25.0,151,6.7368421052631575,9.765625E-4
Food-price.csv,952,0.23102310231023102,26.0,1.0,25.0,22.556640625,4.494838714599609,2.120103467899529,0.2649071358748778,22.0,25.0,177,5.752808988764045,9.765625E-4
Food-price.csv,953,0.0,27.0,1.0,26.0,22.65234375,4.7619476318359375,2.1821887250730487,0.38514173998044965,23.0,26.0,234,4.357446808510638,9.765625E-4
Food-price.csv,954,0.44293015332197616,27.0,1.0,26.0,21.4765625,14.23773193359375,3.773291922657688,0.3509286412512219,22.0,26.0,229,4.452173913043478,0.00390625
Food-price.csv,955,0.7082152974504249,20.0,1.0,19.0,15.4375,3.162109375,1.7782320925570994,0.24535679374389052,15.0,18.0,196,5.197969543147208,9.765625E-4
Food-price.csv,956,1.1510791366906474,19.0,1.0,18.0,15.1376953125,1.6089696884155273,1.2684516894290958,0.2913000977517107,15.0,17.0,242,4.2139917695473255,9.765625E-4
Food-price.csv,957,0.23696682464454977,20.0,1.0,19.0,15.2265625,3.57757568359375,1.8914480388299728,0.34310850439882695,15.0,17.0,281,3.631205673758865,9.765625E-4
Food-price.csv,958,0.8751727314601566,19.0,1.0,18.0,15.6298828125,5.56906795501709,2.359887275913214,0.4046920821114369,16.0,18.0,260,3.9233716475095783,0.0166015625
Food-price.csv,959,0.7819687212511499,22.0,1.0,21.0,15.82421875,2.4651947021484375,1.5700938513822789,0.2805474095796676,16.0,18.0,212,4.807511737089202,9.765625E-4
Food-price.csv,960,0.665083135391924,19.0,1.0,18.0,15.0908203125,6.482962608337402,2.546166257010214,0.3831867057673509,15.0,17.0,270,3.7785977859778597,0.021484375
Food-price.csv,961,1.0879848628192998,20.0,1.0,19.0,15.2216796875,3.1354284286499023,1.7707141013302803,0.33528836754643204,15.0,17.0,261,3.9083969465648853,9.765625E-4
Food-price.csv,962,0.6631927996210327,19.0,1.0,18.0,15.134765625,6.448635101318359,2.539416291457224,0.396871945259042,15.0,17.0,279,3.657142857142857,0.0224609375
Food-price.csv,963,0.3722661703117729,20.0,1.0,19.0,15.6025390625,3.009016990661621,1.7346518355743958,0.2932551319648094,16.0,18.0,225,4.530973451327434,9.765625E-4
Food-price.csv,964,0.6132075471698113,22.0,1.0,21.0,15.28515625,2.6823577880859375,1.6377905202088383,0.34995112414467255,15.0,17.0,275,3.710144927536232,9.765625E-4
Food-price.csv,965,0.3331746787244169,19.0,1.0,18.0,15.265625,2.698974609375,1.6428556264550456,0.26295210166177907,15.0,17.0,217,4.697247706422019,9.765625E-4
Food-price.csv,966,0.42293233082706766,19.0,1.0,18.0,15.5341796875,2.0144567489624023,1.4193155917421616,0.26392961876832843,15.0,17.0,207,4.923076923076923,9.765625E-4
Food-price.csv,967,0.4675081813931744,20.0,1.0,19.0,15.455078125,4.060482025146484,2.0150637769426765,0.30498533724340177,15.0,18.0,247,4.129032258064516,9.765625E-4
Food-price.csv,968,0.8808530366249421,22.0,1.0,21.0,15.7177734375,2.4174184799194336,1.5548049652350078,0.25219941348973607,16.0,18.0,193,5.278350515463917,9.765625E-4
Food-price.csv,969,0.47869794159885115,20.0,1.0,19.0,15.185546875,2.2351036071777344,1.4950262897948432,0.3040078201368524,15.0,17.0,248,4.112449799196787,9.765625E-4
Food-price.csv,970,0.0,19.0,1.0,18.0,15.0224609375,8.023909568786621,2.832650625966185,0.44379276637341153,15.0,18.0,286,3.56794425087108,0.025390625
Food-price.csv,971,0.706880301602262,19.0,1.0,18.0,15.2900390625,3.303572654724121,1.8175732873048396,0.3567937438905181,15.0,17.0,279,3.657142857142857,9.765625E-4
Food-price.csv,972,0.5602240896358543,20.0,1.0,19.0,15.4921875,1.59564208984375,1.2631872742565728,0.34701857282502446,15.0,17.0,292,3.4948805460750854,9.765625E-4
Food-price.csv,973,0.0,19.0,1.0,18.0,15.2275390625,4.496077537536621,2.120395608733573,0.3587487781036168,15.0,17.0,265,3.8496240601503757,0.013671875
Food-price.csv,974,0.4677268475210477,19.0,1.0,18.0,15.490234375,2.9413108825683594,1.7150250384668906,0.3088954056695992,15.0,17.0,248,4.112449799196787,9.765625E-4
Food-price.csv,975,0.2824858757062147,19.0,1.0,18.0,15.4423828125,2.20371150970459,1.4844903198419954,0.27956989247311825,15.0,17.0,237,4.302521008403361,9.765625E-4
Food-price.csv,976,0.6769825918762089,20.0,1.0,19.0,14.880859375,6.036586761474609,2.4569466338271595,0.2932551319648094,15.0,17.0,229,4.452173913043478,0.021484375
Food-price.csv,977,0.5692599620493358,19.0,1.0,18.0,15.259765625,3.2137718200683594,1.792699590022924,0.32942326490713586,15.0,17.0,270,3.7785977859778597,9.765625E-4
Food-price.csv,978,0.5602240896358543,19.0,1.0,18.0,15.6083984375,2.3495779037475586,1.5328332928755033,0.2981427174975562,16.0,17.0,244,4.179591836734694,9.765625E-4
Food-price.csv,979,0.32095369096744614,22.0,1.0,21.0,15.8271484375,2.7914113998413086,1.6707517469215194,0.3411534701857282,16.0,18.0,276,3.696750902527076,9.765625E-4
Food-price.csv,980,0.18289894833104708,22.0,1.0,21.0,15.7998046875,2.3808202743530273,1.5429906915963645,0.3724340175953079,16.0,18.0,272,3.750915750915751,9.765625E-4
Food-price.csv,981,0.3280224929709466,20.0,1.0,19.0,15.3369140625,2.832777976989746,1.68308584956019,0.3831867057673509,15.0,17.0,288,3.5432525951557095,9.765625E-4
Food-price.csv,982,0.6129184347006129,20.0,1.0,19.0,15.330078125,3.4672203063964844,1.8620473426839834,0.30596285434995113,15.0,17.0,258,3.9536679536679538,0.0048828125
Food-price.csv,983,0.19203072491598655,18.0,1.0,17.0,15.0517578125,1.8693914413452148,1.367256903930353,0.3597262952101662,15.0,17.0,289,3.5310344827586206,0.001953125
Food-price.csv,984,0.4174397031539889,21.0,1.0,20.0,15.677734375,2.4762229919433594,1.5736019166051367,0.3255131964809384,16.0,18.0,243,4.19672131147541,9.765625E-4
Food-price.csv,985,0.6140765233821446,21.0,1.0,20.0,15.248046875,3.4150352478027344,1.8479813981214028,0.31671554252199413,15.0,17.0,239,4.266666666666667,0.0029296875
Food-price.csv,986,0.23696682464454977,21.0,1.0,20.0,15.236328125,3.5964927673339844,1.8964421339271031,0.3626588465298143,15.0,17.0,276,3.696750902527076,9.765625E-4
Food-price.csv,987,0.0954653937947494,20.0,1.0,19.0,15.125,3.0546875,1.7477664317636954,0.3040078201368524,15.0,17.0,251,4.063492063492063,0.001953125
Food-price.csv,988,0.7955077211043519,19.0,1.0,18.0,15.45703125,2.5743255615234375,1.6044704925686348,0.36363636363636365,15.0,17.0,306,3.3355048859934855,9.765625E-4
Food-price.csv,989,0.8438818565400844,20.0,1.0,19.0,15.4306640625,2.614333152770996,1.6168899630992197,0.3255131964809384,15.0,17.0,272,3.750915750915751,9.765625E-4
Food-price.csv,990,0.6137865911237016,19.0,1.0,18.0,15.265625,2.517333984375,1.586610848436062,0.3489736070381232,15.0,17.0,289,3.5310344827586206,9.765625E-4
Food-price.csv,991,0.5628517823639775,19.0,1.0,18.0,15.4033203125,2.5394811630249023,1.5935749631017997,0.3128054740957967,15.0,17.0,257,3.9689922480620154,9.765625E-4
Food-price.csv,992,0.5285920230658337,19.0,1.0,18.0,15.1328125,3.24407958984375,1.801132862907051,0.18963831867057673,15.0,17.0,143,7.111111111111111,9.765625E-4
Food-price.csv,993,0.7608178792201616,20.0,1.0,19.0,15.296875,2.292724609375,1.5141745637062458,0.27663734115347016,15.0,17.0,239,4.266666666666667,0.001953125
Food-price.csv,994,0.14211274277593558,19.0,1.0,18.0,15.171875,5.238037109375,2.2886758419171116,0.3040078201368524,15.0,17.0,227,4.491228070175438,0.01171875
Food-price.csv,995,0.9351620947630923,26.0,1.0,25.0,24.1650390625,9.678816795349121,3.111079683220782,0.12609970674486803,25.0,26.0,83,12.19047619047619,9.765625E-4
Food-price.csv,996,0.8865790278202385,26.0,1.0,25.0,24.6484375,1.77093505859375,1.3307648397045024,0.17497556207233628,25.0,26.0,123,8.258064516129032,9.765625E-4
Food-price.csv,997,1.1218920557913887,26.0,1.0,25.0,24.8876953125,1.2989110946655273,1.139697808485007,0.1466275659824047,25.0,26.0,86,11.770114942528735,9.765625E-4
Food-price.csv,998,0.7926829268292683,27.0,1.0,26.0,24.689453125,1.6418418884277344,1.2813437822956548,0.16324535679374388,25.0,26.0,111,9.142857142857142,9.765625E-4
Food-price.csv,999,0.8868501529051988,26.0,1.0,25.0,24.521484375,1.8589134216308594,1.363419752545363,0.18475073313782991,25.0,26.0,134,7.5851851851851855,9.765625E-4
Food-price.csv,1000,0.5214723926380368,27.0,1.0,26.0,24.4033203125,1.5980749130249023,1.264149877595573,0.25317693059628543,25.0,26.0,180,5.657458563535911,9.765625E-4
Food-price.csv,1001,0.6153846153846154,27.0,1.0,26.0,24.2763671875,1.8699102401733398,1.367446613280877,0.2678396871945259,24.0,26.0,193,5.278350515463917,9.765625E-4
Food-price.csv,1002,0.9250693802035153,26.0,1.0,25.0,24.453125,2.093505859375,1.446895248238448,0.19745845552297164,25.0,26.0,113,8.982456140350877,0.001953125
Food-price.csv,1003,0.5200367084735393,26.0,1.0,25.0,24.603515625,1.8506126403808594,1.3603722433146228,0.1798631476050831,25.0,26.0,119,8.533333333333333,9.765625E-4
Food-price.csv,1004,0.14260249554367202,26.0,1.0,25.0,20.580078125,6.913509368896484,2.6293553143111876,0.3890518084066471,21.0,23.0,293,3.4829931972789114,9.765625E-4
Food-price.csv,1005,0.3218884120171674,24.0,1.0,23.0,20.474609375,4.835292816162109,2.198929925250486,0.31671554252199413,21.0,23.0,243,4.19672131147541,9.765625E-4
Food-price.csv,1006,0.31824611032531824,24.0,1.0,23.0,20.7900390625,5.800642967224121,2.408452400863285,0.3225806451612903,22.0,23.0,251,4.063492063492063,9.765625E-4
Food-price.csv,1007,0.03554923569143263,24.0,1.0,23.0,20.7001953125,4.862265586853027,2.205054554167091,0.34995112414467255,21.0,23.0,280,3.6441281138790034,9.765625E-4
Food-price.csv,1008,0.0,24.0,1.0,23.0,20.5947265625,5.076964378356934,2.253212013627864,0.2991202346041056,21.0,23.0,233,4.3760683760683765,9.765625E-4
Food-price.csv,1009,0.2472624514305899,26.0,1.0,25.0,20.853515625,4.761745452880859,2.1821423997715774,0.2932551319648094,21.0,23.0,224,4.551111111111111,9.765625E-4
Food-price.csv,1010,0.6054131054131054,25.0,1.0,24.0,20.5380859375,5.674330711364746,2.3820853702931695,0.3235581622678397,21.0,23.0,245,4.162601626016261,9.765625E-4
Food-price.csv,1011,0.17421602787456447,24.0,1.0,23.0,21.0849609375,4.605086326599121,2.145946487356831,0.37438905180840665,21.5,23.0,279,3.657142857142857,9.765625E-4
Food-price.csv,1012,0.2839900603478878,24.0,1.0,23.0,20.7763671875,2.47635555267334,1.5736440362017516,0.3010752688172043,21.0,22.0,249,4.096,9.765625E-4
Food-price.csv,1013,0.0711490572749911,24.0,1.0,23.0,20.7431640625,4.847121238708496,2.201617868456853,0.2727272727272727,21.0,23.0,210,4.8530805687203795,9.765625E-4
Food-price.csv,1014,0.10638297872340426,24.0,1.0,23.0,20.8134765625,5.239623069763184,2.289022295602029,0.2903225806451613,22.0,23.0,232,4.394849785407725,9.765625E-4
Food-price.csv,1015,0.1787629603146228,25.0,1.0,24.0,20.697265625,4.468898773193359,2.1139770039414714,0.26295210166177907,21.0,23.0,204,4.995121951219512,9.765625E-4
Food-price.csv,1016,0.3210845522654299,24.0,1.0,23.0,20.685546875,4.637447357177734,2.153473323999565,0.3010752688172043,21.0,23.0,237,4.302521008403361,9.765625E-4
Food-price.csv,1017,0.14020329477742727,24.0,1.0,23.0,21.1416015625,4.107878684997559,2.0267902419830124,0.2844574780058651,21.0,23.0,217,4.697247706422019,9.765625E-4
Food-price.csv,1018,0.07132667617689016,24.0,1.0,23.0,20.583984375,4.832790374755859,2.198360838160073,0.3460410557184751,21.0,23.0,267,3.8208955223880596,9.765625E-4
Food-price.csv,1019,0.28808066258552395,24.0,1.0,23.0,20.4140625,4.75433349609375,2.1804434173107428,0.3196480938416422,21.0,23.0,260,3.9233716475095783,9.765625E-4
Food-price.csv,1020,0.07010164738871363,24.0,1.0,23.0,21.0810546875,5.365500450134277,2.3163549922527586,0.28347996089931576,22.0,23.0,228,4.471615720524017,9.765625E-4
Food-price.csv,1021,0.6648005598320503,24.0,1.0,23.0,21.0224609375,4.314925193786621,2.0772398017048057,0.30596285434995113,22.0,23.0,243,4.19672131147541,9.765625E-4
Food-price.csv,1022,0.604982206405694,24.0,1.0,23.0,20.5576171875,5.98886775970459,2.4472163287508093,0.35386119257087,21.0,23.0,282,3.618374558303887,9.765625E-4
Food-price.csv,1023,0.24875621890547264,27.0,1.0,26.0,20.667644183773216,5.561093863619605,2.358197163856238,0.3669275929549902,21.0,23.0,270,3.774907749077491,9.775171065493646E-4
Blockchain-tr.csv,0,0.10261672652642381,19.0,1.0,18.0,13.3466796875,2.6268835067749023,1.6207663331815918,0.7096774193548387,13.0,16.0,453,2.2555066079295156,9.765625E-4
Blockchain-tr.csv,1,0.24900398406374502,19.0,1.0,18.0,13.8544921875,2.827460289001465,1.6815053639526294,0.6656891495601173,13.0,16.0,395,2.585858585858586,9.765625E-4
Blockchain-tr.csv,2,0.10515247108307045,18.0,1.0,17.0,13.041015625,1.2073020935058594,1.0987729945288331,0.6256109481915934,13.0,14.0,407,2.5098039215686274,9.765625E-4
Blockchain-tr.csv,3,0.6037321624588364,19.0,1.0,18.0,12.0078125,2.39642333984375,1.5480385459812525,0.8406647116324536,12.0,14.0,429,2.3813953488372093,9.765625E-4
Blockchain-tr.csv,4,0.0,20.0,1.0,19.0,13.4677734375,1.8309926986694336,1.3531417880877945,0.6265884652981427,13.0,15.0,420,2.4323040380047507,9.765625E-4
Blockchain-tr.csv,5,0.32292787944025836,19.0,1.0,18.0,12.662109375,1.1709861755371094,1.0821211464235923,0.6226783968719453,12.0,14.0,393,2.598984771573604,9.765625E-4
Blockchain-tr.csv,6,0.36591740721380034,21.0,1.0,20.0,13.18359375,2.1069183349609375,1.4515227641897104,0.5796676441837733,13.0,15.0,357,2.8603351955307263,9.765625E-4
Blockchain-tr.csv,7,0.16251354279523295,18.0,1.0,17.0,12.470703125,1.5792198181152344,1.2566701309871395,0.7546432062561095,12.0,14.0,482,2.12008281573499,0.001953125
Blockchain-tr.csv,8,0.0,21.0,1.0,20.0,13.041015625,1.7346458435058594,1.3170595444040711,0.6549364613880743,13.0,14.0,407,2.5098039215686274,9.765625E-4
Blockchain-tr.csv,9,0.15511892450879008,21.0,1.0,20.0,13.197265625,2.0567893981933594,1.4341511071687527,0.6383186705767351,13.0,15.0,431,2.3703703703703702,9.765625E-4
Blockchain-tr.csv,10,0.2604166666666667,21.0,1.0,20.0,13.0078125,2.13470458984375,1.4610628288488314,0.7214076246334311,13.0,14.0,469,2.178723404255319,0.001953125
Blockchain-tr.csv,11,0.0,18.0,1.0,17.0,12.017578125,4.195003509521484,2.048170771571913,0.9315738025415444,12.0,14.0,458,2.2309368191721135,9.765625E-4
Blockchain-tr.csv,12,0.0,20.0,1.0,19.0,12.4833984375,4.396208763122559,2.0967138009567634,0.5894428152492669,13.0,15.0,391,2.6122448979591835,9.765625E-4
Blockchain-tr.csv,13,0.5530973451327433,19.0,1.0,18.0,11.4970703125,3.7851476669311523,1.94554559620975,1.2590420332355816,11.0,14.0,555,1.841726618705036,9.765625E-4
Blockchain-tr.csv,14,0.2039775624681285,21.0,1.0,20.0,13.505859375,2.8554344177246094,1.6898030706933307,0.7018572825024438,13.0,16.0,423,2.4150943396226414,9.765625E-4
Blockchain-tr.csv,15,0.20618556701030927,19.0,1.0,18.0,13.2294921875,1.4033880233764648,1.1846467926671076,0.7360703812316716,13.0,14.0,463,2.206896551724138,9.765625E-4
Blockchain-tr.csv,16,0.05458515283842795,17.0,1.0,16.0,12.68359375,1.0619964599609375,1.0305321246622725,0.5161290322580645,12.0,14.0,355,2.8764044943820224,9.765625E-4
Blockchain-tr.csv,17,0.8611955420466059,21.0,1.0,20.0,13.1875,2.572265625,1.6038284275445425,0.8269794721407625,13.0,15.0,475,2.1512605042016806,0.001953125
Blockchain-tr.csv,18,0.1016260162601626,21.0,1.0,20.0,13.5625,2.2578125,1.5026019100214134,0.6373411534701857,13.0,16.0,423,2.4150943396226414,9.765625E-4
Blockchain-tr.csv,19,0.16189962223421478,18.0,1.0,17.0,12.69140625,1.3012542724609375,1.1407253273513906,0.5894428152492669,12.0,14.0,376,2.716180371352785,9.765625E-4
Blockchain-tr.csv,20,0.0,22.0,1.0,21.0,13.1826171875,1.9715337753295898,1.4041131632919015,0.581622678396872,13.0,15.0,401,2.5472636815920398,9.765625E-4
Blockchain-tr.csv,21,0.2094240837696335,21.0,1.0,20.0,13.0087890625,2.225508689880371,1.4918138925081676,0.6011730205278593,13.0,14.0,361,2.8287292817679557,0.0029296875
Blockchain-tr.csv,22,0.6141248720573184,21.0,1.0,20.0,13.275390625,2.3655662536621094,1.538039743849979,0.7116324535679375,13.0,15.0,456,2.2407002188183807,9.765625E-4
Blockchain-tr.csv,23,1.2162876784769963,21.0,1.0,20.0,12.4658203125,1.9558629989624023,1.3985217191600574,0.8475073313782991,12.0,14.0,427,2.392523364485981,0.001953125
Blockchain-tr.csv,24,0.21152829190904285,20.0,1.0,19.0,12.9990234375,1.6318349838256836,1.2774329664705242,0.6236559139784946,13.0,14.0,412,2.4794188861985473,9.765625E-4
Blockchain-tr.csv,25,0.5882352941176471,18.0,1.0,17.0,11.18359375,2.8920745849609375,1.7006100625837004,0.8132942326490714,11.0,14.0,408,2.5036674816625917,9.765625E-4
Blockchain-tr.csv,26,0.0,20.0,1.0,19.0,12.0166015625,5.037810325622559,2.2445066998390892,0.41935483870967744,11.0,15.0,262,3.893536121673004,9.765625E-4
Blockchain-tr.csv,27,0.16085790884718498,19.0,1.0,18.0,12.8466796875,1.7704381942749023,1.330578142866815,0.544477028347996,13.0,14.0,333,3.065868263473054,9.765625E-4
Blockchain-tr.csv,28,1.070336391437309,21.0,1.0,20.0,13.2138671875,2.77359676361084,1.6654118900772985,0.7683284457478006,13.0,15.0,436,2.34324942791762,9.765625E-4
Blockchain-tr.csv,29,0.47046523784631467,20.0,1.0,19.0,13.19921875,1.5482025146484375,1.2442678629010866,0.5738025415444771,13.0,15.0,420,2.4323040380047507,9.765625E-4
Blockchain-tr.csv,30,0.40342914775592537,21.0,1.0,20.0,13.5390625,2.24652099609375,1.4988398834077474,0.70772238514174,13.0,16.0,452,2.260485651214128,9.765625E-4
Blockchain-tr.csv,31,0.9879253567508233,21.0,1.0,20.0,11.87890625,2.5654144287109375,1.6016911152625333,0.9491691104594331,12.0,14.0,511,2.0,9.765625E-4
Blockchain-tr.csv,32,0.7932310946589106,21.0,1.0,20.0,12.91015625,1.8434906005859375,1.35775203943354,0.6207233626588465,13.0,14.0,398,2.5664160401002505,9.765625E-4
Blockchain-tr.csv,33,0.42780748663101603,21.0,1.0,20.0,12.48828125,2.6463470458984375,1.6267596767495922,0.8856304985337243,12.0,14.0,469,2.178723404255319,9.765625E-4
Blockchain-tr.csv,34,0.30066145520144316,21.0,1.0,20.0,10.931640625,3.0129051208496094,1.7357721972798186,0.6979472140762464,10.0,13.0,374,2.7306666666666666,9.765625E-4
Blockchain-tr.csv,35,0.5165289256198347,22.0,1.0,21.0,13.111328125,2.7297935485839844,1.6522086879640794,0.7409579667644184,13.0,15.0,457,2.2358078602620086,0.001953125
Blockchain-tr.csv,36,0.2675227394328518,19.0,1.0,18.0,12.5986328125,3.15628719329834,1.7765942680585063,0.718475073313783,13.0,15.0,449,2.2755555555555556,9.765625E-4
Blockchain-tr.csv,37,0.21953896816684962,18.0,1.0,17.0,12.33984375,1.2341156005859375,1.110907557173835,0.6813294232649071,12.0,14.0,473,2.160337552742616,9.765625E-4
Blockchain-tr.csv,38,0.4475703324808184,18.0,1.0,17.0,10.51171875,3.4744720458984375,1.8639935745324976,0.5728250244379277,10.0,13.0,281,3.631205673758865,0.001953125
Blockchain-tr.csv,39,0.12322858903265557,18.0,1.0,17.0,10.6953125,2.23724365234375,1.4957418401394507,0.7947214076246334,10.0,12.0,495,2.064516129032258,9.765625E-4
Blockchain-tr.csv,40,0.6024096385542169,18.0,1.0,17.0,7.427734375,21.96157455444336,4.686317803397819,0.6764418377321603,10.0,12.0,367,2.782608695652174,0.3359375
Blockchain-tr.csv,41,0.21929824561403508,21.0,1.0,20.0,12.3916015625,4.025359153747559,2.0063297719337063,0.6207233626588465,13.0,15.0,406,2.515970515970516,9.765625E-4
Blockchain-tr.csv,42,0.3865267807840972,19.0,1.0,18.0,12.294921875,1.8446617126464844,1.3581832397163809,0.6471163245356794,12.0,14.0,390,2.6189258312020463,9.765625E-4
Blockchain-tr.csv,43,0.0,19.0,1.0,18.0,12.5458984375,3.5857839584350586,1.8936166344947065,0.7155425219941349,13.0,14.0,443,2.3063063063063063,9.765625E-4
Blockchain-tr.csv,44,0.779510022271715,20.0,1.0,19.0,11.9140625,3.24066162109375,1.8001837742557703,0.7116324535679375,12.0,14.0,394,2.5924050632911393,9.765625E-4
Blockchain-tr.csv,45,0.0,19.0,1.0,18.0,13.0166015625,3.2096853256225586,1.7915594675093982,0.552297165200391,13.0,15.0,386,2.645994832041344,9.765625E-4
Blockchain-tr.csv,46,0.0544069640914037,21.0,1.0,20.0,12.4189453125,1.8391332626342773,1.3561464753610788,0.7556207233626588,12.0,14.0,440,2.3219954648526078,9.765625E-4
Blockchain-tr.csv,47,0.0,21.0,1.0,20.0,13.068359375,2.2804832458496094,1.510126897267117,0.7771260997067448,13.0,15.0,486,2.102669404517454,0.001953125
Blockchain-tr.csv,48,0.6434316353887399,21.0,1.0,20.0,12.458984375,2.5237083435058594,1.5886183756666858,0.7673509286412512,12.0,14.0,449,2.2755555555555556,9.765625E-4
Blockchain-tr.csv,49,1.3948497854077253,20.0,1.0,19.0,12.2607421875,4.208380699157715,2.0514338154465803,0.7653958944281525,12.0,15.0,406,2.515970515970516,0.001953125
Blockchain-tr.csv,50,0.25853154084798347,20.0,1.0,19.0,13.126953125,3.8588829040527344,1.9644039564337918,0.7390029325513197,13.0,16.0,441,2.316742081447964,0.001953125
Blockchain-tr.csv,51,0.21905805038335158,19.0,1.0,18.0,12.5341796875,1.1882848739624023,1.0900848012711681,0.6608015640273704,12.0,14.0,472,2.1649048625792813,9.765625E-4
Blockchain-tr.csv,52,0.0,20.0,1.0,19.0,12.4521484375,1.4352102279663086,1.198002599315339,0.6832844574780058,12.0,14.0,419,2.4380952380952383,9.765625E-4
Blockchain-tr.csv,53,0.48154093097913325,19.0,1.0,18.0,12.6337890625,1.780928611755371,1.3345143730044167,0.7262952101661779,12.0,14.0,444,2.301123595505618,9.765625E-4
Blockchain-tr.csv,54,0.5027932960893855,20.0,1.0,19.0,12.1376953125,3.9429540634155273,1.9856873025266408,0.6177908113391984,12.0,15.0,373,2.7379679144385025,9.765625E-4
Blockchain-tr.csv,55,0.10770059235325795,20.0,1.0,19.0,12.71484375,1.0007171630859375,1.0003585172756502,0.5640273704789834,13.0,14.0,393,2.598984771573604,9.765625E-4
Blockchain-tr.csv,56,0.10411244143675169,21.0,1.0,20.0,13.080078125,2.7474937438964844,1.6575565582798326,0.6852394916911045,13.0,15.0,433,2.359447004608295,0.001953125
Blockchain-tr.csv,57,0.6996770721205597,21.0,1.0,20.0,12.3408203125,4.064505577087402,2.0160618981289744,0.7996089931573802,12.0,15.0,459,2.226086956521739,9.765625E-4
Blockchain-tr.csv,58,0.054614964500273075,21.0,1.0,20.0,12.505859375,1.2284812927246094,1.1083687530441344,0.6725317693059628,12.0,14.0,454,2.2505494505494505,9.765625E-4
Blockchain-tr.csv,59,0.27472527472527475,19.0,1.0,18.0,12.23828125,2.8670501708984375,1.6932365962553602,0.6832844574780058,12.0,14.0,406,2.515970515970516,9.765625E-4
Blockchain-tr.csv,60,0.4069175991861648,21.0,1.0,20.0,13.330078125,3.3031578063964844,1.817459162236248,0.7106549364613881,13.0,16.0,441,2.316742081447964,9.765625E-4
Blockchain-tr.csv,61,0.3125,20.0,1.0,19.0,13.109375,1.937255859375,1.3918533900432903,0.6959921798631477,13.0,14.0,419,2.4380952380952383,9.765625E-4
Blockchain-tr.csv,62,0.5866666666666667,19.0,1.0,18.0,12.8955078125,1.7537298202514648,1.3242846447238845,0.5317693059628543,12.0,15.0,350,2.9173789173789175,9.765625E-4
Blockchain-tr.csv,63,0.8291873963515755,20.0,1.0,19.0,11.4453125,4.89935302734375,2.213448221066793,1.4242424242424243,12.0,13.0,569,1.7964912280701755,0.0146484375
Blockchain-tr.csv,64,0.3602676273803397,19.0,1.0,18.0,13.1162109375,2.301924705505371,1.517209512725705,0.750733137829912,13.0,15.0,411,2.4854368932038833,9.765625E-4
Blockchain-tr.csv,65,0.31347962382445144,21.0,1.0,20.0,12.9267578125,2.087409019470215,1.4447868422262902,0.7781036168132942,13.0,14.0,438,2.3325740318906605,9.765625E-4
Blockchain-tr.csv,66,0.783289817232376,21.0,1.0,20.0,12.916015625,2.3210716247558594,1.5235063586200943,0.7096774193548387,13.0,14.0,432,2.3648960739030023,9.765625E-4
Blockchain-tr.csv,67,0.1529831718510964,20.0,1.0,19.0,13.35546875,3.1099700927734375,1.7635107294182923,0.772238514173998,13.0,16.0,501,2.039840637450199,9.765625E-4
Blockchain-tr.csv,68,0.282326369282891,20.0,1.0,19.0,12.158203125,1.2659873962402344,1.1251610534675622,0.6265884652981427,12.0,13.0,435,2.3486238532110093,9.765625E-4
Blockchain-tr.csv,69,0.48465266558966075,18.0,1.0,17.0,12.4892578125,1.4491033554077148,1.203787088902234,0.7360703812316716,12.0,14.0,429,2.3813953488372093,9.765625E-4
Blockchain-tr.csv,70,0.1651073197578426,19.0,1.0,18.0,12.251953125,1.7900352478027344,1.3379219886834712,0.7135874877810362,12.0,14.0,457,2.2358078602620086,9.765625E-4
Blockchain-tr.csv,71,0.44472681067344344,18.0,1.0,17.0,10.599609375,1.5564842224121094,1.2475913683622972,0.509286412512219,10.0,12.0,300,3.4019933554817277,9.765625E-4
Blockchain-tr.csv,72,0.5844845908607864,19.0,1.0,18.0,12.6337890625,2.030928611755371,1.4251065264587666,0.7438905180840665,12.0,14.0,446,2.29082774049217,9.765625E-4
Blockchain-tr.csv,73,0.21208907741251326,19.0,1.0,18.0,12.8466796875,2.4364538192749023,1.5609144176651397,0.6226783968719453,13.0,14.0,404,2.528395061728395,9.765625E-4
Blockchain-tr.csv,74,0.3177966101694915,19.0,1.0,18.0,12.7587890625,3.591231346130371,1.8950544441071795,0.6793743890518084,13.0,15.0,393,2.598984771573604,9.765625E-4
Blockchain-tr.csv,75,0.22675736961451248,20.0,1.0,19.0,11.5703125,2.14154052734375,1.4634003305123824,0.9736070381231672,11.0,13.0,505,2.0237154150197627,9.765625E-4
Blockchain-tr.csv,76,0.31729243786356426,21.0,1.0,20.0,12.923828125,2.1914634704589844,1.480359236962091,0.6480938416422287,13.0,15.0,410,2.491484184914842,9.765625E-4
Blockchain-tr.csv,77,0.514668039114771,21.0,1.0,20.0,12.95703125,3.9610443115234375,1.990237250059258,0.8807429130009775,13.0,15.0,481,2.12448132780083,0.001953125
Blockchain-tr.csv,78,0.32967032967032966,19.0,1.0,18.0,12.654296875,0.8531455993652344,0.9236588111230436,0.4858260019550342,13.0,14.0,344,2.9681159420289855,9.765625E-4
Blockchain-tr.csv,79,0.7484168105929764,19.0,1.0,18.0,11.326171875,4.989315032958984,2.2336774684271195,0.8729227761485826,12.0,14.0,435,2.3486238532110093,0.001953125
Blockchain-tr.csv,80,0.1110494169905608,19.0,1.0,18.0,12.19921875,5.5853118896484375,2.363326445848825,0.6754643206256109,12.0,16.0,400,2.5536159600997506,0.001953125
Blockchain-tr.csv,81,0.16155088852988692,20.0,1.0,19.0,12.7490234375,1.3500967025756836,1.1619366172798256,0.6598240469208211,12.0,14.0,411,2.4854368932038833,9.765625E-4
Blockchain-tr.csv,82,0.11092623405435385,18.0,1.0,17.0,12.31640625,1.1518402099609375,1.073238188828993,0.6852394916911045,12.0,13.0,467,2.1880341880341883,9.765625E-4
Blockchain-tr.csv,83,0.18181818181818182,19.0,1.0,18.0,10.9228515625,2.8563528060913086,1.690074793046541,0.718475073313783,11.0,13.0,397,2.5728643216080402,9.765625E-4
Blockchain-tr.csv,84,0.15313935681470137,20.0,1.0,19.0,13.4755859375,3.772841453552246,1.9423803575902032,0.678396871945259,13.0,16.0,406,2.515970515970516,0.001953125
Blockchain-tr.csv,85,0.0,18.0,1.0,17.0,13.140625,1.177490234375,1.085122220938729,0.6109481915933529,13.0,14.0,413,2.473429951690821,9.765625E-4
Blockchain-tr.csv,86,0.0,21.0,1.0,20.0,13.099609375,2.0818748474121094,1.4428703501743008,0.541544477028348,13.0,15.0,358,2.852367688022284,9.765625E-4
Blockchain-tr.csv,87,0.11173184357541899,21.0,1.0,20.0,11.7607421875,2.846076011657715,1.6870317162572004,0.9608993157380255,12.0,13.0,475,2.1512605042016806,9.765625E-4
Blockchain-tr.csv,88,0.7227671657201858,21.0,1.0,20.0,13.052734375,2.9054222106933594,1.7045299090052246,0.7204301075268817,13.0,15.0,441,2.316742081447964,0.001953125
Blockchain-tr.csv,89,0.5765199161425576,21.0,1.0,20.0,12.763671875,2.9285240173339844,1.7112930834120683,0.8172043010752689,12.0,15.0,488,2.094069529652352,0.001953125
Blockchain-tr.csv,90,0.32240730789897903,21.0,1.0,20.0,12.5654296875,2.0308752059936523,1.4250877888725495,0.7390029325513197,12.0,14.0,444,2.301123595505618,0.001953125
Blockchain-tr.csv,91,0.055248618784530384,21.0,1.0,20.0,12.0986328125,4.16507625579834,2.040851845626806,0.7565982404692082,12.0,15.0,414,2.4674698795180725,0.001953125
Blockchain-tr.csv,92,0.0,18.0,1.0,17.0,12.0615234375,1.4796133041381836,1.2163935646566795,0.718475073313783,12.0,13.0,456,2.2407002188183807,9.765625E-4
Blockchain-tr.csv,93,0.05268703898840885,19.0,1.0,18.0,13.1171875,3.04095458984375,1.7438333033417357,0.6129032258064516,13.0,15.0,394,2.5924050632911393,9.765625E-4
Blockchain-tr.csv,94,0.05549389567147614,19.0,1.0,18.0,12.373046875,0.9487266540527344,0.9740260027600569,0.5728250244379277,12.0,13.0,405,2.522167487684729,9.765625E-4
Blockchain-tr.csv,95,0.7262569832402235,20.0,1.0,19.0,11.89453125,3.9830169677734375,1.9957497257355286,0.7145650048875856,12.0,14.0,391,2.6122448979591835,9.765625E-4
Blockchain-tr.csv,96,0.5724098454493417,18.0,1.0,17.0,11.4423828125,3.47324275970459,1.8636638000735513,1.0488758553274682,12.0,13.0,500,2.0439121756487024,9.765625E-4
Blockchain-tr.csv,97,0.4230118443316413,20.0,1.0,19.0,12.004470938897168,2.281649161227003,1.5105128801923549,0.764179104477612,12.0,13.0,306,2.185667752442997,0.0014903129657228018
TY-Transport.csv,0,0.0,6.0,1.0,5.0,3.193359375,2.8044090270996094,1.6746369836772415,1.530791788856305,4.0,5.0,559,1.8285714285714285,0.3134765625
TY-Transport.csv,1,2.155887230514096,6.0,1.0,5.0,3.12109375,2.5478363037109375,1.5961943189069863,1.7331378299120235,4.0,5.0,705,1.4504249291784703,0.318359375
TY-Transport.csv,2,0.8741258741258742,6.0,1.0,5.0,2.8203125,2.76849365234375,1.663879097874527,1.8357771260997067,3.0,5.0,722,1.4163208852005533,0.4091796875
TY-Transport.csv,3,14.67741935483871,6.0,1.0,5.0,2.1943359375,2.871413230895996,1.69452448518633,1.0948191593352883,1.0,5.0,419,2.4380952380952383,0.638671875
TY-Transport.csv,4,5.2631578947368425,6.0,1.0,5.0,2.1953125,3.36029052734375,1.8331095240993514,0.5659824046920822,1.0,5.0,273,3.7372262773722627,0.6787109375
TY-Transport.csv,5,4.702970297029703,6.0,1.0,5.0,5.1357421875,2.422003746032715,1.5562788137196737,1.2942326490713587,6.0,6.0,452,2.260485651214128,0.1005859375
TY-Transport.csv,6,6.375838926174497,6.0,1.0,5.0,2.3984375,4.27093505859375,2.0666240728767655,1.3186705767350928,1.0,6.0,382,2.6736292428198434,0.6591796875
TY-Transport.csv,7,19.23076923076923,5.0,1.0,4.0,1.6630859375,1.803481101989746,1.3429374899784972,1.2121212121212122,1.0,4.0,394,2.5924050632911393,0.7890625
TY-Transport.csv,8,18.14516129032258,6.0,1.0,5.0,1.4658203125,1.2351598739624023,1.1113774669132006,0.7135874877810362,1.0,4.0,256,3.9844357976653697,0.8427734375
TY-Transport.csv,9,17.14922048997773,5.0,1.0,4.0,1.2998046875,0.8622655868530273,0.9285825686782125,0.5982404692082112,1.0,2.0,209,4.876190476190477,0.890625
TY-Transport.csv,10,2.237762237762238,6.0,1.0,5.0,4.5478515625,3.3688039779663086,1.8354301888021534,1.0039100684261975,5.0,6.0,472,2.1649048625792813,0.16796875
TY-Transport.csv,11,3.875968992248062,6.0,1.0,5.0,2.640625,4.534912109375,2.129533307881095,0.7771260997067448,1.0,6.0,286,3.56794425087108,0.6044921875
TY-Transport.csv,12,19.12751677852349,6.0,1.0,5.0,1.642578125,1.7706871032714844,1.330671673731535,1.18475073313783,1.0,4.0,380,2.6876640419947506,0.802734375
TY-Transport.csv,13,11.01511879049676,5.0,1.0,4.0,1.419921875,1.1928062438964844,1.0921566938386105,0.8269794721407625,1.0,4.0,277,3.683453237410072,0.8603515625
TY-Transport.csv,14,13.877551020408163,5.0,1.0,4.0,1.4482421875,1.0461492538452148,1.0228143789785196,0.8758553274682307,1.0,4.0,335,3.0476190476190474,0.8330078125
TY-Transport.csv,15,18.299445471349355,6.0,1.0,5.0,1.521484375,1.5581321716308594,1.248251645955598,0.9579667644183774,1.0,4.0,305,3.34640522875817,0.8408203125
TY-Transport.csv,16,11.03448275862069,1.0,1.0,0.0,1.0,0.0,0.0,0.0,1.0,1.0,0,1024.0,1.0
TY-Transport.csv,17,9.345794392523365,6.0,1.0,5.0,1.1943359375,0.7190694808959961,0.8479796465104549,0.3734115347018573,1.0,1.0,102,9.941747572815533,0.947265625
TY-Transport.csv,18,11.214953271028037,6.0,1.0,5.0,1.333984375,1.1150169372558594,1.0559436240897804,0.6412512218963832,1.0,1.0,195,5.224489795918367,0.89453125
TY-Transport.csv,19,6.932773109243698,5.0,1.0,4.0,1.5361328125,1.3483037948608398,1.1611648439652484,1.0068426197458455,1.0,4.0,359,2.8444444444444446,0.810546875
TY-Transport.csv,20,17.987152034261243,5.0,1.0,4.0,1.3291015625,0.9297780990600586,0.9642500189577694,0.6549364613880743,1.0,3.0,230,4.432900432900433,0.8759765625
TY-Transport.csv,21,20.512820512820515,5.0,1.0,4.0,1.3818359375,1.116896629333496,1.0568333025285948,0.7605083088954057,1.0,4.0,250,4.079681274900398,0.8701171875
TY-Transport.csv,22,14.754098360655737,5.0,1.0,4.0,1.2841796875,0.7834997177124023,0.8851551941396505,0.5610948191593352,1.0,1.0,196,5.197969543147208,0.90234375
TY-Transport.csv,23,14.117647058823529,5.0,1.0,4.0,1.53125,1.4365234375,1.1985505569228192,0.9618768328445748,1.0,4.0,347,2.942528735632184,0.81640625
TY-Transport.csv,24,19.62962962962963,5.0,1.0,4.0,1.4814453125,1.3062963485717773,1.1429332213964984,0.9296187683284457,1.0,4.0,322,3.170278637770898,0.8369140625
TY-Transport.csv,25,20.408163265306122,5.0,1.0,4.0,1.34765625,1.0119476318359375,1.0059560784825237,0.6959921798631477,1.0,3.0,228,4.471615720524017,0.88671875
TY-Transport.csv,26,19.576719576719576,5.0,1.0,4.0,1.5869140625,1.648695945739746,1.2840155551003836,1.0439882697947214,1.0,4.0,347,2.942528735632184,0.8115234375
TY-Transport.csv,27,13.821138211382113,5.0,1.0,4.0,1.87109375,1.9736175537109375,1.404854993837776,1.4946236559139785,1.0,4.0,544,1.8788990825688074,0.69921875
TY-Transport.csv,28,15.371621621621621,5.0,1.0,4.0,1.7548828125,1.9428472518920898,1.3938605568320275,1.3607038123167154,1.0,4.0,459,2.226086956521739,0.7470703125
TY-Transport.csv,29,11.531531531531531,5.0,1.0,4.0,1.7099609375,1.557478904724121,1.2479899457624333,1.2316715542521994,1.0,4.0,477,2.1422594142259412,0.73828125
TY-Transport.csv,30,19.906687402799378,5.0,1.0,4.0,1.7958984375,2.0843191146850586,1.4437171172653798,1.444770283479961,1.0,4.0,468,2.183368869936034,0.755859375
TY-Transport.csv,31,16.878402903811253,5.0,1.0,4.0,1.6640625,1.51214599609375,1.2296934561482182,1.096774193548387,1.0,4.0,420,2.4323040380047507,0.75390625
TY-Transport.csv,32,17.91530944625407,5.0,1.0,4.0,1.7548828125,1.8901128768920898,1.3748137608025641,1.370478983382209,1.0,4.0,465,2.1974248927038627,0.75
TY-Transport.csv,33,18.962432915921287,5.0,1.0,4.0,1.5537109375,1.377974510192871,1.1738715901634518,1.0439882697947214,1.0,4.0,378,2.7018469656992083,0.787109375
TY-Transport.csv,34,19.52054794520548,6.0,1.0,5.0,1.5849609375,1.520125389099121,1.2329336515397415,1.141739980449658,1.0,4.0,396,2.579345088161209,0.80078125
TY-Transport.csv,35,20.130932896890343,6.0,1.0,5.0,1.666015625,1.9314231872558594,1.3897565208538722,1.2512218963831867,1.0,4.0,385,2.6528497409326426,0.80078125
TY-Transport.csv,36,11.278195488721805,5.0,1.0,4.0,1.6240234375,1.4924306869506836,1.2216508040150769,1.1534701857282503,1.0,4.0,409,2.497560975609756,0.7861328125
TY-Transport.csv,37,13.81957773512476,6.0,1.0,5.0,1.55078125,1.6771087646484375,1.2950323411592615,1.0068426197458455,1.0,4.0,314,3.250793650793651,0.8310546875
TY-Transport.csv,38,17.4484052532833,5.0,1.0,4.0,1.5126953125,1.2537450790405273,1.1197075863994703,1.002932551319648,1.0,4.0,362,2.8209366391184574,0.818359375
TY-Transport.csv,39,19.09547738693467,5.0,1.0,4.0,1.6630859375,1.780043601989746,1.3341827468490761,1.241446725317693,1.0,4.0,418,2.443914081145585,0.7861328125
TY-Transport.csv,40,13.471502590673575,5.0,1.0,4.0,1.7548828125,1.8334722518920898,1.354057698878482,1.321603128054741,1.0,4.0,462,2.2116630669546438,0.7470703125
TY-Transport.csv,41,14.554794520547945,5.0,1.0,4.0,1.71484375,1.8972015380859375,1.3773893923237313,1.332355816226784,1.0,4.0,441,2.316742081447964,0.7666015625
TY-Transport.csv,42,15.492957746478874,5.0,1.0,4.0,1.6455078125,1.6682806015014648,1.2916193717583617,1.2003910068426198,1.0,4.0,407,2.5098039215686274,0.787109375
TY-Transport.csv,43,24.035087719298247,5.0,1.0,4.0,1.478515625,1.3608665466308594,1.166561848609348,0.9325513196480938,1.0,4.0,309,3.303225806451613,0.8388671875
TY-Transport.csv,44,13.848631239935587,5.0,1.0,4.0,1.927734375,2.1275901794433594,1.4586261273689565,1.4740957966764419,1.0,4.0,517,1.9768339768339769,0.6923828125
TY-Transport.csv,45,19.793459552495698,5.0,1.0,4.0,1.595703125,1.5513877868652344,1.2455471837169536,1.083088954056696,1.0,4.0,382,2.6736292428198434,0.7939453125
TY-Transport.csv,46,14.723926380368098,5.0,1.0,4.0,1.96875,2.3291015625,1.5261394308843474,1.7341153470185728,1.0,5.0,570,1.7933450087565674,0.6904296875
TY-Transport.csv,47,6.3369397217928904,5.0,1.0,4.0,2.66015625,2.7282562255859375,1.6517433897509435,1.3968719452590421,3.0,5.0,555,1.841726618705036,0.466796875
TY-Transport.csv,48,1.8662519440124417,5.0,1.0,4.0,3.283203125,2.3299522399902344,1.5264181078558503,1.5835777126099706,4.0,5.0,787,1.299492385786802,0.24609375
TY-Transport.csv,49,1.1070110701107012,5.0,1.0,4.0,2.806640625,2.3415184020996094,1.5302020788443627,1.4750733137829912,3.0,5.0,615,1.6623376623376624,0.36328125
TY-Transport.csv,50,0.0,4.0,1.0,3.0,1.3043478260869565,0.7334593572778821,0.8564224175474869,0.13636363636363635,1.0,2.0,2,7.666666666666667,0.8260869565217391
Stocks-USA.csv,0,3.1333930170098476,10.0,1.0,9.0,8.1171875,1.03704833984375,1.0183557039874378,0.06060606060606061,8.0,9.0,59,17.066666666666666,9.765625E-4
Stocks-USA.csv,1,2.6948989412897015,9.0,1.0,8.0,7.443359375,1.1452293395996094,1.0701538859433297,0.08211143695014662,8.0,8.0,77,13.128205128205128,9.765625E-4
Stocks-USA.csv,2,2.990033222591362,8.0,1.0,7.0,6.359375,0.753662109375,0.8681371489430688,0.08895405669599218,7.0,7.0,82,12.337349397590362,9.765625E-4
Stocks-USA.csv,3,3.2460732984293195,9.0,1.0,8.0,6.84765625,1.8635101318359375,1.365104439900456,0.06744868035190615,8.0,8.0,64,15.753846153846155,9.765625E-4
Stocks-USA.csv,4,3.4055727554179565,8.0,1.0,7.0,6.9521484375,1.0553274154663086,1.027291300199855,0.056695992179863146,7.0,8.0,53,18.962962962962962,9.765625E-4
Stocks-USA.csv,5,3.3950617283950617,8.0,1.0,7.0,6.9326171875,1.1897954940795898,1.0907774723011059,0.07917888563049853,7.0,8.0,76,13.2987012987013,9.765625E-4
Stocks-USA.csv,6,2.8688524590163933,9.0,1.0,8.0,6.9912109375,1.819258689880371,1.3487989805305944,0.06842619745845552,7.0,9.0,67,15.058823529411764,9.765625E-4
Stocks-USA.csv,7,2.5763358778625953,14.0,1.0,13.0,7.533203125,2.4578819274902344,1.5677633518775194,0.07331378299120235,8.0,9.0,70,14.422535211267606,9.765625E-4
Stocks-USA.csv,8,2.255054432348367,11.0,1.0,10.0,9.337890625,1.8897361755371094,1.374676753108566,0.10654936461388075,10.0,11.0,95,10.666666666666666,9.765625E-4
Stocks-USA.csv,9,2.8753993610223643,10.0,1.0,9.0,9.115234375,1.4867210388183594,1.2193117069963526,0.11827956989247312,9.0,10.0,111,9.142857142857142,9.765625E-4
Stocks-USA.csv,10,3.057119871279163,10.0,1.0,9.0,9.0986328125,0.38773250579833984,0.6226817050454749,0.05083088954056696,9.0,10.0,44,22.755555555555556,9.765625E-4
Stocks-USA.csv,11,2.3520485584218513,11.0,1.0,10.0,9.6416015625,1.0600271224975586,1.0295761858636585,0.059628543499511244,10.0,11.0,55,18.285714285714285,9.765625E-4
Stocks-USA.csv,12,3.218210361067504,11.0,1.0,10.0,9.3173828125,0.7791509628295898,0.8826952831128021,0.05865102639296188,9.0,10.0,50,20.07843137254902,9.765625E-4
Stocks-USA.csv,13,2.0618556701030926,10.0,1.0,9.0,8.40234375,0.7951507568359375,0.8917122612344957,0.11632453567937438,9.0,9.0,108,9.394495412844037,9.765625E-4
Stocks-USA.csv,14,3.2941176470588234,10.0,1.0,9.0,9.3447265625,0.7688589096069336,0.8768460010782587,0.053763440860215055,9.5,10.0,50,20.07843137254902,9.765625E-4
Stocks-USA.csv,15,3.2911392405063293,15.0,1.0,14.0,14.888671875,1.2688560485839844,1.1264351062462428,0.01857282502443793,15.0,15.0,5,170.66666666666666,9.765625E-4
Stocks-USA.csv,16,2.9246344206974126,8.0,1.0,7.0,6.26953125,0.7789154052734375,0.8825618421807264,0.09286412512218964,6.0,7.0,91,11.130434782608695,0.00390625
Stocks-USA.csv,17,5.125408942202835,8.0,1.0,7.0,6.5712890625,1.512495994567871,1.2298357591840754,0.0635386119257087,7.0,8.0,63,16.0,9.765625E-4
Stocks-USA.csv,18,2.0725388601036268,7.0,1.0,6.0,5.435546875,0.5446739196777344,0.7380202705059898,0.09286412512218964,6.0,6.0,93,10.893617021276595,9.765625E-4
Stocks-USA.csv,19,1.854140914709518,7.0,1.0,6.0,5.771484375,1.1040306091308594,1.050728608695347,0.0772238514173998,6.0,7.0,78,12.962025316455696,0.0029296875
Stocks-USA.csv,20,2.459016393442623,8.0,1.0,7.0,5.9345703125,2.0455236434936523,1.4302180405426483,0.13880742913000976,6.0,8.0,136,7.474452554744525,9.765625E-4
Stocks-USA.csv,21,2.4009603841536613,7.0,1.0,6.0,5.955078125,1.0624351501464844,1.030744949124896,0.08113391984359726,6.0,7.0,82,12.337349397590362,0.0029296875
Stocks-USA.csv,22,2.881152460984394,7.0,1.0,6.0,6.0205078125,0.6568059921264648,0.8104356804376673,0.07917888563049853,6.0,7.0,81,12.487804878048781,9.765625E-4
Stocks-USA.csv,23,2.7586206896551726,14.0,1.0,13.0,7.216796875,10.140499114990234,3.1844150349774187,0.08993157380254155,6.0,14.0,86,11.770114942528735,0.001953125
Stocks-USA.csv,24,3.192338387869114,10.0,1.0,9.0,9.1943359375,1.537428855895996,1.2399309883602379,0.06060606060606061,10.0,10.0,56,17.964912280701753,9.765625E-4
Stocks-USA.csv,25,3.420195439739414,10.0,1.0,9.0,9.009765625,0.6600608825683594,0.812441310230074,0.04594330400782014,9.0,10.0,38,26.256410256410255,9.765625E-4
Stocks-USA.csv,26,1.9247594050743657,9.0,1.0,8.0,8.1962890625,0.5796346664428711,0.7613374195735233,0.09970674486803519,8.0,9.0,94,10.778947368421052,9.765625E-4
Stocks-USA.csv,27,4.628099173553719,9.0,1.0,8.0,8.8955078125,0.15607357025146484,0.3950614765469608,0.04105571847507331,9.0,9.0,32,31.03030303030303,9.765625E-4
Stocks-USA.csv,28,3.8338658146964857,10.0,1.0,9.0,9.177734375,0.8746604919433594,0.9352328543968926,0.053763440860215055,9.0,10.0,43,23.272727272727273,9.765625E-4
Stocks-USA.csv,29,2.8028933092224233,10.0,1.0,9.0,7.99609375,1.2499847412109375,1.1180271647911502,0.07917888563049853,8.0,9.0,74,13.653333333333334,9.765625E-4
Stocks-USA.csv,30,3.4914950760966876,9.0,1.0,8.0,8.0986328125,0.5439825057983398,0.7375516970344111,0.059628543499511244,8.0,9.0,53,18.962962962962962,9.765625E-4
Stocks-USA.csv,31,2.7131782945736433,13.0,1.0,12.0,11.484375,9.407958984375,3.0672396359552674,0.06940371456500488,13.0,13.0,56,17.964912280701753,0.001953125
Stocks-USA.csv,32,2.9347826086956523,8.0,1.0,7.0,6.408203125,0.5306358337402344,0.7284475504387632,0.14173998044965788,7.0,7.0,137,7.420289855072464,9.765625E-4
Stocks-USA.csv,33,4.550499445061043,8.0,1.0,7.0,6.3662109375,1.224287986755371,1.1064754795093161,0.09286412512218964,7.0,7.0,85,11.906976744186046,0.001953125
Stocks-USA.csv,34,3.6726128016789086,8.0,1.0,7.0,6.8134765625,1.1302480697631836,1.0631312570718554,0.06549364613880743,7.0,8.0,61,16.516129032258064,9.765625E-4
Stocks-USA.csv,35,4.5584045584045585,9.0,1.0,8.0,7.640625,1.267333984375,1.1257592923778155,0.03812316715542522,8.0,9.0,38,26.256410256410255,9.765625E-4
Stocks-USA.csv,36,3.4278959810874703,8.0,1.0,7.0,5.966796875,0.4461631774902344,0.6679544726178831,0.07429130009775171,6.0,7.0,72,14.027397260273972,9.765625E-4
Stocks-USA.csv,37,4.44015444015444,8.0,1.0,7.0,7.482421875,1.3785972595214844,1.1741368146521445,0.04007820136852395,8.0,8.0,40,24.975609756097562,0.001953125
Stocks-USA.csv,38,1.7156862745098038,7.0,1.0,6.0,5.794921875,0.6727867126464844,0.8202357665003912,0.12023460410557185,6.0,7.0,121,8.39344262295082,9.765625E-4
Stocks-USA.csv,39,2.7266530334014996,13.0,1.0,12.0,10.8173828125,15.77426815032959,3.971683289277934,0.04594330400782014,13.0,13.0,38,26.256410256410255,0.0048828125
Stocks-USA.csv,40,2.4009603841536613,7.0,1.0,6.0,5.9775390625,1.305159568786621,1.1424358051053114,0.07429130009775171,6.0,7.0,75,13.473684210526315,0.001953125
Stocks-USA.csv,41,2.684563758389262,7.0,1.0,6.0,5.3447265625,1.0364370346069336,1.0180555164660392,0.04985337243401759,6.0,6.0,48,20.897959183673468,0.001953125
Stocks-USA.csv,42,1.9161676646706587,7.0,1.0,6.0,6.0048828125,1.1376714706420898,1.0666168340327702,0.08113391984359726,6.0,7.0,83,12.19047619047619,0.00390625
Stocks-USA.csv,43,3.9671682626538987,6.0,1.0,5.0,5.232421875,0.6119956970214844,0.7823015384245926,0.04398826979472141,5.0,6.0,45,22.26086956521739,0.0078125
Stocks-USA.csv,44,2.2950819672131146,6.0,1.0,5.0,4.1806640625,1.101149559020996,1.0493567358248557,0.11436950146627566,4.0,5.0,116,8.752136752136753,0.0029296875
Stocks-USA.csv,45,3.8297872340425534,12.0,1.0,11.0,8.552734375,11.97768783569336,3.460879633228142,0.05474095796676442,6.0,12.0,50,20.07843137254902,0.001953125
Stocks-USA.csv,46,2.6376146788990824,7.0,1.0,6.0,6.2646484375,0.8352346420288086,0.9139117255122666,0.09188660801564028,6.0,7.0,87,11.636363636363637,0.001953125
Stocks-USA.csv,47,1.770956316410862,7.0,1.0,6.0,6.0908203125,0.5981969833374023,0.7734319513295286,0.06940371456500488,6.0,7.0,70,14.422535211267606,9.765625E-4
Stocks-USA.csv,48,2.754491017964072,7.0,1.0,6.0,6.005859375,1.0663719177246094,1.0326528544116893,0.07038123167155426,6.0,7.0,70,14.422535211267606,0.0029296875
Stocks-USA.csv,49,4.114285714285714,8.0,1.0,7.0,6.212890625,1.3433494567871094,1.1590295323187885,0.06940371456500488,7.0,7.0,69,14.628571428571428,9.765625E-4
Stocks-USA.csv,50,1.8064516129032258,7.0,1.0,6.0,5.5009765625,0.6972646713256836,0.8350237549469378,0.10068426197458455,6.0,6.0,99,10.24,9.765625E-4
Stocks-USA.csv,51,1.9024970273483948,7.0,1.0,6.0,6.0185546875,0.47524166107177734,0.6893777346794552,0.09090909090909091,6.0,7.0,93,10.893617021276595,9.765625E-4
Stocks-USA.csv,52,1.6371077762619373,7.0,1.0,6.0,5.087890625,0.5723533630371094,0.7565403908828063,0.13098729227761485,5.0,6.0,128,7.937984496124031,0.001953125
Stocks-USA.csv,53,3.6305732484076434,14.0,1.0,13.0,11.677734375,12.24575424194336,3.4993934105703746,0.028347996089931573,14.0,14.0,22,44.52173913043478,0.00390625
Stocks-USA.csv,54,3.683806600153492,10.0,1.0,9.0,9.5986328125,1.0703496932983398,1.0345770601063702,0.042033235581622676,10.0,10.0,36,27.675675675675677,9.765625E-4
Stocks-USA.csv,55,3.1446540880503147,9.0,1.0,8.0,8.0732421875,0.27490901947021484,0.5243176703776202,0.08113391984359726,8.0,9.0,74,13.653333333333334,9.765625E-4
Stocks-USA.csv,56,3.4482758620689653,10.0,1.0,9.0,8.9169921875,0.7089300155639648,0.8419798189766574,0.047898338220918865,9.0,10.0,45,22.26086956521739,9.765625E-4
Stocks-USA.csv,57,2.4193548387096775,10.0,1.0,9.0,8.00390625,1.2421722412109375,1.114527810873707,0.12023460410557185,8.0,9.0,112,9.061946902654867,9.765625E-4
Stocks-USA.csv,58,2.276867030965392,9.0,1.0,8.0,7.91015625,1.0954437255859375,1.0466344756341335,0.12121212121212122,8.0,9.0,111,9.142857142857142,0.001953125
Stocks-USA.csv,59,2.8469750889679717,10.0,1.0,9.0,8.1171875,1.05853271484375,1.0288501906709986,0.08602150537634409,8.0,9.0,80,12.641975308641975,9.765625E-4
Stocks-USA.csv,60,3.9664378337147217,11.0,1.0,10.0,9.6591796875,0.7500524520874023,0.8660556864817657,0.039100684261974585,10.0,11.0,30,33.03225806451613,9.765625E-4
Stocks-USA.csv,61,3.6379018612521152,14.0,1.0,13.0,8.591796875,13.210323333740234,3.634600849301094,0.08895405669599218,7.0,14.0,70,14.422535211267606,0.001953125
Stocks-USA.csv,62,3.8572806171648986,9.0,1.0,8.0,7.4892578125,1.0448064804077148,1.0221577571039193,0.0635386119257087,8.0,8.0,58,17.35593220338983,0.0029296875
Stocks-USA.csv,63,3.135135135135135,8.0,1.0,7.0,6.5556640625,1.110182762145996,1.053652106791419,0.07624633431085044,7.0,8.0,76,13.2987012987013,9.765625E-4
Stocks-USA.csv,64,4.628632938643703,8.0,1.0,7.0,6.650390625,0.7742576599121094,0.8799191212333719,0.05571847507331378,7.0,7.0,54,18.618181818181817,9.765625E-4
Stocks-USA.csv,65,3.6726128016789086,8.0,1.0,7.0,6.86328125,0.8524017333984375,0.9232560497491676,0.033235581622678395,7.0,8.0,33,30.11764705882353,9.765625E-4
Stocks-USA.csv,66,4.273504273504273,8.0,1.0,7.0,6.7001953125,1.1552343368530273,1.0748182808517108,0.04985337243401759,7.0,8.0,49,20.48,0.0029296875
Stocks-USA.csv,67,4.004329004329004,8.0,1.0,7.0,6.603515625,0.6787376403808594,0.8238553516126841,0.05180840664711633,7.0,7.0,52,19.32075471698113,9.765625E-4
Stocks-USA.csv,68,2.751196172248804,7.0,1.0,6.0,5.99609375,0.6601409912109375,0.8124906099217009,0.093841642228739,6.0,7.0,91,11.130434782608695,0.001953125
Stocks-USA.csv,69,3.492786636294609,11.0,1.0,10.0,9.7197265625,6.754454612731934,2.5989333605792844,0.03714565004887586,11.0,11.0,32,31.03030303030303,0.001953125
Stocks-USA.csv,70,3.3820840950639854,9.0,1.0,8.0,7.927734375,1.2564964294433594,1.1209355152921863,0.05767350928641251,8.0,9.0,52,19.32075471698113,9.765625E-4
Stocks-USA.csv,71,3.3126293995859215,8.0,1.0,7.0,6.84765625,0.8029632568359375,0.8960821708057456,0.09188660801564028,7.0,8.0,90,11.252747252747254,9.765625E-4
Stocks-USA.csv,72,5.305305305305305,8.0,1.0,7.0,7.2431640625,0.5355978012084961,0.7318454763189399,0.04594330400782014,7.0,8.0,38,26.256410256410255,9.765625E-4
Stocks-USA.csv,73,5.147058823529412,8.0,1.0,7.0,6.78515625,1.2761077880859375,1.1296494093682063,0.08113391984359726,7.0,8.0,79,12.8,9.765625E-4
Stocks-USA.csv,74,4.004329004329004,8.0,1.0,7.0,6.5751953125,0.9377050399780273,0.968351712952493,0.07526881720430108,7.0,8.0,73,13.837837837837839,9.765625E-4
Stocks-USA.csv,75,2.593010146561443,8.0,1.0,7.0,6.2080078125,1.3034124374389648,1.1416708971673777,0.12512218963831867,6.0,8.0,122,8.325203252032521,0.0029296875
Stocks-USA.csv,76,4.017857142857143,8.0,1.0,7.0,6.3369140625,1.707777976989746,1.3068197951476501,0.093841642228739,7.0,8.0,92,11.010752688172044,0.001953125
Stocks-USA.csv,77,3.888481291269259,11.0,1.0,10.0,10.076171875,4.599666595458984,2.1446833322099055,0.028347996089931573,11.0,11.0,24,40.96,9.765625E-4
Stocks-USA.csv,78,4.244306418219462,8.0,1.0,7.0,6.904296875,0.9361534118652344,0.9675502115473048,0.08797653958944282,7.0,8.0,83,12.19047619047619,0.001953125
Stocks-USA.csv,79,2.6557711950970377,8.0,1.0,7.0,6.982421875,0.8493003845214844,0.92157494785909,0.08504398826979472,7.0,8.0,83,12.19047619047619,9.765625E-4
Stocks-USA.csv,80,3.987408184679958,8.0,1.0,7.0,6.8232421875,0.36426448822021484,0.6035432778353305,0.044965786901270774,7.0,7.0,41,24.38095238095238,9.765625E-4
Stocks-USA.csv,81,2.931228861330327,8.0,1.0,7.0,6.201171875,1.4243736267089844,1.1934712508933696,0.11632453567937438,6.0,8.0,116,8.752136752136753,9.765625E-4
Stocks-USA.csv,82,3.9393939393939394,8.0,1.0,7.0,7.134765625,0.5775413513183594,0.7599614143615183,0.04594330400782014,7.0,8.0,40,24.975609756097562,0.001953125
Stocks-USA.csv,83,3.0973451327433628,8.0,1.0,7.0,6.3740234375,0.6481924057006836,0.8051039719816836,0.08406647116324535,7.0,7.0,79,12.8,9.765625E-4
Stocks-USA.csv,84,3.1446540880503147,8.0,1.0,7.0,6.7822265625,0.7094106674194336,0.8422652001712012,0.0967741935483871,7.0,7.0,92,11.010752688172044,9.765625E-4
Stocks-USA.csv,85,2.5664527956003664,13.0,1.0,12.0,7.853515625,5.964870452880859,2.4423084270584785,0.06940371456500488,8.0,13.0,61,16.516129032258064,9.765625E-4
Stocks-USA.csv,86,4.2507970244420825,8.0,1.0,7.0,6.67578125,1.7874603271484375,1.3369593588245072,0.08211143695014662,7.0,8.0,80,12.641975308641975,9.765625E-4
Stocks-USA.csv,87,4.6685340802987865,9.0,1.0,8.0,7.80859375,0.7387542724609375,0.8595081572974962,0.01857282502443793,8.0,8.0,17,56.888888888888886,9.765625E-4
Stocks-USA.csv,88,3.229527104959631,8.0,1.0,7.0,6.0986328125,1.6045293807983398,1.2667001937310738,0.0967741935483871,6.0,8.0,95,10.666666666666666,0.001953125
Stocks-USA.csv,89,3.623898139079334,9.0,1.0,8.0,7.3408203125,1.0703649520874023,1.0345844344892312,0.05180840664711633,7.0,9.0,49,20.48,9.765625E-4
Stocks-USA.csv,90,3.3023735810113517,9.0,1.0,8.0,6.9482421875,1.8947820663452148,1.3765108304496607,0.06549364613880743,7.0,9.0,62,16.253968253968253,9.765625E-4
Stocks-USA.csv,91,4.830917874396135,8.0,1.0,7.0,7.4716796875,1.2648229598999023,1.124643481241901,0.06549364613880743,8.0,8.0,63,16.0,9.765625E-4
Stocks-USA.csv,92,4.11946446961895,8.0,1.0,7.0,6.94921875,1.3196868896484375,1.148776257435902,0.07429130009775171,7.0,8.0,75,13.473684210526315,9.765625E-4
Stocks-USA.csv,93,3.872889771598808,12.0,1.0,11.0,7.1708984375,3.1612234115600586,1.7779829615494234,0.07038123167155426,8.0,8.0,66,15.283582089552239,0.001953125
Stocks-USA.csv,94,2.9585798816568047,9.0,1.0,8.0,7.3115234375,1.5582265853881836,1.2482894637816118,0.05865102639296188,8.0,8.0,60,16.78688524590164,9.765625E-4
Stocks-USA.csv,95,3.951367781155015,8.0,1.0,7.0,7.0849609375,0.7300863265991211,0.8544508918592812,0.07038123167155426,7.0,8.0,68,14.840579710144928,9.765625E-4
Stocks-USA.csv,96,3.1890660592255125,7.0,1.0,6.0,6.3623046875,0.39900875091552734,0.6316713947263461,0.0635386119257087,6.0,7.0,58,17.35593220338983,9.765625E-4
Stocks-USA.csv,97,4.068857589984351,8.0,1.0,7.0,6.927299703264095,0.5599965659643024,0.7483291828896574,0.05794947994056464,7.0,8.0,38,17.28205128205128,0.001483679525222552
Dew-point-temp.csv,0,2.9715762273901807,12.0,1.0,11.0,11.4150390625,1.033797264099121,1.016758213194819,0.11730205278592376,12.0,12.0,99,10.24,9.765625E-4
Dew-point-temp.csv,1,2.33160621761658,13.0,1.0,12.0,11.373046875,1.9467735290527344,1.3952682641889103,0.13587487781036167,12.0,12.0,108,9.394495412844037,9.765625E-4
Dew-point-temp.csv,2,2.274247491638796,13.0,1.0,12.0,10.9375,1.4296875,1.195695404356812,0.16715542521994134,11.0,12.0,164,6.206060606060606,9.765625E-4
Dew-point-temp.csv,3,1.814516129032258,12.0,1.0,11.0,10.935546875,1.3278770446777344,1.1523354740168916,0.13880742913000976,11.0,12.0,118,8.605042016806722,9.765625E-4
Dew-point-temp.csv,4,1.983365323096609,13.0,1.0,12.0,11.5107421875,1.8065252304077148,1.3440703963735363,0.13685239491691104,12.0,13.0,119,8.533333333333333,9.765625E-4
Dew-point-temp.csv,5,2.37467018469657,13.0,1.0,12.0,11.1982421875,1.2507390975952148,1.1183644743978658,0.08993157380254155,12.0,12.0,82,12.337349397590362,9.765625E-4
Dew-point-temp.csv,6,2.8785982478097623,13.0,1.0,12.0,11.861328125,1.5159263610839844,1.2312296134693903,0.0772238514173998,12.0,13.0,68,14.840579710144928,9.765625E-4
Dew-point-temp.csv,7,2.5806451612903225,13.0,1.0,12.0,11.4541015625,1.1463308334350586,1.0706684049859034,0.09872922776148582,12.0,13.0,90,11.252747252747254,9.765625E-4
Dew-point-temp.csv,8,2.0777479892761392,13.0,1.0,12.0,10.958984375,1.3811302185058594,1.1752149669340752,0.12903225806451613,11.0,12.0,110,9.225225225225225,9.765625E-4
Dew-point-temp.csv,9,2.315112540192926,13.0,1.0,12.0,11.4677734375,1.3622426986694336,1.1671515320083479,0.11143695014662756,12.0,13.0,88,11.50561797752809,9.765625E-4
Dew-point-temp.csv,10,2.131782945736434,13.0,1.0,12.0,11.3564453125,1.5516576766967773,1.2456555208791784,0.13880742913000976,12.0,13.0,115,8.827586206896552,9.765625E-4
Dew-point-temp.csv,11,3.3532041728763042,11.0,1.0,10.0,9.904296875,0.4107627868652344,0.6409077834331819,0.056695992179863146,10.0,10.0,47,21.333333333333332,9.765625E-4
Dew-point-temp.csv,12,2.7553763440860215,12.0,1.0,11.0,10.9736328125,0.5842657089233398,0.7643727552204748,0.10948191593352884,11.0,12.0,95,10.666666666666666,9.765625E-4
Dew-point-temp.csv,13,2.229965156794425,12.0,1.0,11.0,10.5185546875,1.3180150985717773,1.1480483868599691,0.13587487781036167,10.0,12.0,126,8.062992125984252,9.765625E-4
Dew-point-temp.csv,14,2.074966532797858,13.0,1.0,12.0,10.880859375,1.7279930114746094,1.3145314798340164,0.20234604105571846,11.0,12.0,186,5.475935828877005,9.765625E-4
Dew-point-temp.csv,15,1.982815598149372,13.0,1.0,12.0,11.0615234375,1.7022695541381836,1.3047105250354132,0.1652003910068426,11.0,13.0,148,6.87248322147651,9.765625E-4
Dew-point-temp.csv,16,2.2900763358778624,13.0,1.0,12.0,10.4853515625,1.7439260482788086,1.3205779220776064,0.1798631476050831,10.0,12.0,163,6.2439024390243905,9.765625E-4
Dew-point-temp.csv,17,2.1345407503234153,13.0,1.0,12.0,11.4130859375,0.9807271957397461,0.990316714864364,0.10459433040078202,12.0,12.0,96,10.556701030927835,9.765625E-4
Dew-point-temp.csv,18,2.1843003412969284,12.0,1.0,11.0,10.720703125,1.3946495056152344,1.180952795676116,0.14467253176930597,11.0,12.0,130,7.816793893129771,9.765625E-4
Dew-point-temp.csv,19,1.9086571233810499,12.0,1.0,11.0,10.708984375,2.1125755310058594,1.453470168598537,0.17204301075268819,11.0,12.0,142,7.160839160839161,9.765625E-4
Dew-point-temp.csv,20,2.770448548812665,13.0,1.0,12.0,11.1748046875,1.4001073837280273,1.1832613336571205,0.12512218963831867,12.0,12.0,111,9.142857142857142,9.765625E-4
Dew-point-temp.csv,21,2.0847343644922662,13.0,1.0,12.0,10.935546875,1.9216270446777344,1.3862276309025636,0.13098729227761485,12.0,12.0,117,8.677966101694915,9.765625E-4
Dew-point-temp.csv,22,1.8494055482166447,12.0,1.0,11.0,11.185546875,0.8737754821777344,0.9347595852291296,0.0772238514173998,11.0,12.0,70,14.422535211267606,9.765625E-4
Dew-point-temp.csv,23,1.917808219178082,12.0,1.0,11.0,10.6767578125,1.0273504257202148,1.0135829643991727,0.13978494623655913,11.0,12.0,129,7.876923076923077,9.765625E-4
Dew-point-temp.csv,24,1.6369047619047619,12.0,1.0,11.0,9.72265625,1.9484710693359375,1.3958764520314602,0.18084066471163246,10.0,11.0,157,6.481012658227848,9.765625E-4
Dew-point-temp.csv,25,2.8067885117493474,13.0,1.0,12.0,11.345703125,1.2457237243652344,1.1161199417469587,0.08211143695014662,11.0,12.0,62,16.253968253968253,9.765625E-4
Dew-point-temp.csv,26,1.2396694214876034,13.0,1.0,12.0,10.4521484375,2.0680227279663086,1.4380621432908622,0.25513196480938416,10.0,12.0,215,4.7407407407407405,9.765625E-4
Dew-point-temp.csv,27,2.4920127795527156,13.0,1.0,12.0,11.5107421875,2.074103355407715,1.4401747655780235,0.14271749755620725,12.0,13.0,118,8.605042016806722,9.765625E-4
Dew-point-temp.csv,28,1.495581237253569,13.0,1.0,12.0,10.638671875,2.3128013610839844,1.5207897162605961,0.25513196480938416,11.0,13.0,213,4.785046728971962,9.765625E-4
Dew-point-temp.csv,29,2.1052631578947367,13.0,1.0,12.0,11.173828125,1.4541587829589844,1.2058850620846848,0.11730205278592376,11.0,13.0,104,9.752380952380953,9.765625E-4
Dew-point-temp.csv,30,2.22521915037087,12.0,1.0,11.0,10.9384765625,1.2003164291381836,1.0955895349710965,0.09970674486803519,11.0,12.0,81,12.487804878048781,9.765625E-4
Dew-point-temp.csv,31,2.4193548387096775,13.0,1.0,12.0,10.947265625,0.9464378356933594,0.9728503665484016,0.10557184750733138,11.0,12.0,94,10.778947368421052,9.765625E-4
Dew-point-temp.csv,32,2.1696252465483234,13.0,1.0,12.0,11.17578125,2.5667572021484375,1.6021102340814246,0.15151515151515152,12.0,13.0,124,8.192,9.765625E-4
Dew-point-temp.csv,33,2.068045363575717,13.0,1.0,12.0,10.923828125,3.0703697204589844,1.752247048922892,0.20821114369501467,12.0,13.0,185,5.505376344086022,9.765625E-4
Dew-point-temp.csv,34,2.3600809170600137,13.0,1.0,12.0,10.8916015625,1.2333669662475586,1.1105705588784347,0.1348973607038123,11.0,12.0,121,8.39344262295082,9.765625E-4
Dew-point-temp.csv,35,1.5488215488215489,13.0,1.0,12.0,10.828125,1.474365234375,1.214234423155183,0.18670576735092864,11.0,12.0,171,5.953488372093023,9.765625E-4
Dew-point-temp.csv,36,1.4512785072563925,13.0,1.0,12.0,10.5693359375,1.241286277770996,1.1141302786348624,0.13294232649071358,10.0,12.0,118,8.605042016806722,9.765625E-4
Dew-point-temp.csv,37,1.5989340439706863,13.0,1.0,12.0,10.9853515625,1.8308401107788086,1.3530854040964335,0.17888563049853373,11.0,13.0,149,6.826666666666667,9.765625E-4
Dew-point-temp.csv,38,1.610738255033557,13.0,1.0,12.0,10.7548828125,2.68894100189209,1.6397990736343553,0.2649071358748778,11.0,13.0,232,4.394849785407725,9.765625E-4
Dew-point-temp.csv,39,2.2965879265091864,13.0,1.0,12.0,11.2275390625,1.447249412536621,1.2030167964482545,0.1104594330400782,12.0,12.0,100,10.138613861386139,9.765625E-4
Dew-point-temp.csv,40,1.9986675549633577,13.0,1.0,12.0,11.0068359375,1.772414207458496,1.331320475114274,0.15640273704789834,11.0,13.0,133,7.641791044776119,9.765625E-4
Dew-point-temp.csv,41,2.3600809170600137,13.0,1.0,12.0,10.8916015625,1.7216482162475586,1.3121159309480084,0.14271749755620725,11.0,12.0,133,7.641791044776119,9.765625E-4
Dew-point-temp.csv,42,2.2339027595269383,13.0,1.0,12.0,11.21875,1.2939453125,1.137517170200081,0.09579667644183773,11.0,13.0,84,12.047058823529412,9.765625E-4
Dew-point-temp.csv,43,1.4834794335805799,13.0,1.0,12.0,10.8515625,1.65179443359375,1.2852215503926745,0.14467253176930597,11.0,12.0,130,7.816793893129771,9.765625E-4
Dew-point-temp.csv,44,1.8379850238257318,13.0,1.0,12.0,10.6904296875,1.8035802841186523,1.3429744167774202,0.15640273704789834,11.0,12.0,143,7.111111111111111,9.765625E-4
Dew-point-temp.csv,45,2.2501654533421576,13.0,1.0,12.0,11.1328125,1.74212646484375,1.3198963841316296,0.10263929618768329,12.0,12.0,83,12.19047619047619,9.765625E-4
Dew-point-temp.csv,46,2.3600809170600137,13.0,1.0,12.0,10.904296875,1.2857627868652344,1.1339148058232744,0.10654936461388075,11.0,12.0,98,10.343434343434344,9.765625E-4
Dew-point-temp.csv,47,2.704485488126649,12.0,1.0,11.0,11.1865234375,1.7493886947631836,1.3226445836895049,0.09188660801564028,12.0,12.0,70,14.422535211267606,9.765625E-4
Dew-point-temp.csv,48,2.269601100412655,12.0,1.0,11.0,10.650390625,1.6629295349121094,1.2895462515598692,0.10948191593352884,11.0,12.0,103,9.846153846153847,9.765625E-4
Dew-point-temp.csv,49,2.533333333333333,13.0,1.0,12.0,11.015625,1.851318359375,1.360631603107542,0.11143695014662756,12.0,12.0,100,10.138613861386139,9.765625E-4
Dew-point-temp.csv,50,2.8976175144880876,12.0,1.0,11.0,11.5791015625,0.8199148178100586,0.9054914785960487,0.0469208211143695,12.0,12.0,40,24.975609756097562,9.765625E-4
Dew-point-temp.csv,51,2.967171717171717,13.0,1.0,12.0,11.7060546875,1.9575414657592773,1.3991216765382763,0.11827956989247312,12.0,13.0,97,10.448979591836734,9.765625E-4
Dew-point-temp.csv,52,2.4885396201702683,13.0,1.0,12.0,11.1767578125,2.651373863220215,1.6283039836652782,0.1378299120234604,11.0,13.0,122,8.325203252032521,9.765625E-4
Dew-point-temp.csv,53,2.7620841180163214,13.0,1.0,12.0,11.80859375,2.1723480224609375,1.4738887415476576,0.09481915933528837,12.0,13.0,78,12.962025316455696,9.765625E-4
Dew-point-temp.csv,54,2.213788741302973,13.0,1.0,12.0,11.7080078125,2.142279624938965,1.4636528362077412,0.08406647116324535,12.0,13.0,74,13.653333333333334,9.765625E-4
Dew-point-temp.csv,55,2.068045363575717,13.0,1.0,12.0,10.9736328125,2.21121883392334,1.487016756436638,0.1436950146627566,11.0,13.0,118,8.605042016806722,9.765625E-4
Dew-point-temp.csv,56,3.005635566687539,13.0,1.0,12.0,11.8125,2.58203125,1.6068700165228051,0.13294232649071358,13.0,13.0,119,8.533333333333333,9.765625E-4
Dew-point-temp.csv,57,3.536977491961415,12.0,1.0,11.0,11.5595703125,1.1780920028686523,1.0853994669561307,0.07917888563049853,12.0,12.0,74,13.653333333333334,9.765625E-4
Dew-point-temp.csv,58,2.376237623762376,12.0,1.0,11.0,11.2265625,1.45648193359375,1.206847933085917,0.0801564027370479,12.0,12.0,60,16.78688524590164,9.765625E-4
Dew-point-temp.csv,59,2.5316455696202533,13.0,1.0,12.0,11.6376953125,1.3189306259155273,1.1484470496786203,0.17008797653958943,12.0,13.0,159,6.4,9.765625E-4
Dew-point-temp.csv,60,2.8382838283828384,12.0,1.0,11.0,11.1435546875,1.4901342391967773,1.2207105468524377,0.1378299120234604,12.0,12.0,123,8.258064516129032,9.765625E-4
Dew-point-temp.csv,61,2.790395846852693,12.0,1.0,11.0,11.4072265625,1.1085805892944336,1.052891537288829,0.07526881720430108,12.0,12.0,57,17.655172413793103,9.765625E-4
Dew-point-temp.csv,62,2.487562189054726,11.0,1.0,10.0,10.3642578125,1.1378240585327148,1.0666883605499382,0.06256109481915934,11.0,11.0,56,17.964912280701753,9.765625E-4
Dew-point-temp.csv,63,3.523936170212766,12.0,1.0,11.0,11.119140625,1.7338523864746094,1.3167582870347196,0.10068426197458455,12.0,12.0,89,11.377777777777778,9.765625E-4
Dew-point-temp.csv,64,3.0116779348494163,13.0,1.0,12.0,12.0625,2.021484375,1.4217891457596656,0.10654936461388075,12.0,13.0,94,10.778947368421052,9.765625E-4
Dew-point-temp.csv,65,3.049645390070922,11.0,1.0,10.0,10.40234375,1.5510101318359375,1.2453955724330874,0.07624633431085044,11.0,11.0,61,16.516129032258064,9.765625E-4
Dew-point-temp.csv,66,3.8148843026891806,12.0,1.0,11.0,11.9482421875,0.25806331634521484,0.5079993271109863,0.02346041055718475,12.0,12.0,9,102.4,9.765625E-4
Dew-point-temp.csv,67,2.118334550766983,11.0,1.0,10.0,10.0576171875,1.7867193222045898,1.336682206885612,0.10752688172043011,11.0,11.0,88,11.50561797752809,9.765625E-4
Dew-point-temp.csv,68,3.1105228325612178,12.0,1.0,11.0,11.1806640625,1.542555809020996,1.2419967025000493,0.08211143695014662,12.0,12.0,69,14.628571428571428,9.765625E-4
Dew-point-temp.csv,69,3.4083601286173635,12.0,1.0,11.0,11.5458984375,1.2674245834350586,1.1257995307491733,0.042033235581622676,12.0,12.0,35,28.444444444444443,9.765625E-4
Dew-point-temp.csv,70,2.7649769585253456,12.0,1.0,11.0,11.2783203125,2.0367956161499023,1.427163486132511,0.06842619745845552,12.0,12.0,56,17.964912280701753,9.765625E-4
Dew-point-temp.csv,71,2.479892761394102,12.0,1.0,11.0,10.9990234375,2.1943349838256836,1.4813287899131926,0.11730205278592376,12.0,12.0,93,10.893617021276595,9.765625E-4
Dew-point-temp.csv,72,3.221476510067114,12.0,1.0,11.0,11.0107421875,2.039923667907715,1.4282589638814507,0.10166177908113393,12.0,12.0,88,11.50561797752809,9.765625E-4
Dew-point-temp.csv,73,2.7219701879455607,13.0,1.0,12.0,11.30859375,1.5688323974609375,1.2525303978191258,0.17497556207233628,12.0,13.0,160,6.3602484472049685,9.765625E-4
Dew-point-temp.csv,74,3.4822601839684624,12.0,1.0,11.0,11.1689453125,1.5134496688842773,1.2302234223442006,0.19159335288367546,12.0,12.0,165,6.168674698795181,9.765625E-4
Dew-point-temp.csv,75,1.839587932303164,11.0,1.0,10.0,9.7138671875,0.6749639511108398,0.8215618973095331,0.2570869990224829,10.0,11.0,243,4.19672131147541,9.765625E-4
Dew-point-temp.csv,76,2.31023102310231,12.0,1.0,11.0,11.091796875,0.8314170837402344,0.9118207519793758,0.16617790811339198,11.0,12.0,157,6.481012658227848,9.765625E-4
Dew-point-temp.csv,77,2.486910994764398,12.0,1.0,11.0,11.3291015625,1.0039968490600586,1.001996431660342,0.07233626588465299,12.0,12.0,68,14.840579710144928,9.765625E-4
Dew-point-temp.csv,78,2.9073698444895197,12.0,1.0,11.0,10.953125,1.628662109375,1.2761904675145477,0.10068426197458455,11.0,12.0,79,12.8,9.765625E-4
Dew-point-temp.csv,79,2.1815622800844476,12.0,1.0,11.0,10.4599609375,2.221053123474121,1.4903198057712717,0.07038123167155426,11.0,12.0,63,16.0,9.765625E-4
Dew-point-temp.csv,80,3.6893203883495147,12.0,1.0,11.0,11.5068359375,0.8905782699584961,0.9437045459032695,0.04007820136852395,12.0,12.0,29,34.13333333333333,9.765625E-4
Dew-point-temp.csv,81,3.0163934426229506,12.0,1.0,11.0,11.3037109375,2.221236228942871,1.4903812361080204,0.07135874877810362,12.0,12.0,55,18.285714285714285,9.765625E-4
Dew-point-temp.csv,82,2.980132450331126,13.0,1.0,12.0,11.1123046875,2.1114110946655273,1.4530695422675157,0.14760508308895406,12.0,12.0,130,7.816793893129771,9.765625E-4
Dew-point-temp.csv,83,2.4301336573511545,13.0,1.0,12.0,12.220703125,2.2091026306152344,1.4863050261017199,0.1104594330400782,13.0,13.0,74,13.653333333333334,9.765625E-4
Dew-point-temp.csv,84,2.5367156208277706,13.0,1.0,12.0,10.9384765625,2.8057851791381836,1.6750478139856735,0.17008797653958943,11.0,13.0,157,6.481012658227848,9.765625E-4
Dew-point-temp.csv,85,2.846299810246679,13.0,1.0,12.0,11.7353515625,2.6848440170288086,1.6385493636228383,0.08699902248289346,12.0,13.0,71,14.222222222222221,9.765625E-4
Dew-point-temp.csv,86,2.38885202388852,12.0,1.0,11.0,10.970703125,1.0421104431152344,1.0208381081813287,0.19257086999022482,11.0,12.0,172,5.91907514450867,9.765625E-4
Dew-point-temp.csv,87,2.157788267026298,12.0,1.0,11.0,10.896484375,2.4658470153808594,1.5703015682921735,0.16129032258064516,12.0,12.0,137,7.420289855072464,9.765625E-4
Dew-point-temp.csv,88,2.4571854058078926,11.0,1.0,10.0,9.705078125,2.0009117126464844,1.414535864743798,0.21603128054740958,10.0,11.0,204,4.995121951219512,9.765625E-4
Dew-point-temp.csv,89,3.0874785591766725,9.0,1.0,8.0,8.3876953125,0.6846532821655273,0.8274377814467546,0.1466275659824047,9.0,9.0,133,7.641791044776119,9.765625E-4
Dew-point-temp.csv,90,4.730290456431535,9.0,1.0,8.0,8.8515625,0.37445068359375,0.6119237563567458,0.047898338220918865,9.0,9.0,40,24.975609756097562,9.765625E-4
Dew-point-temp.csv,91,2.115244347191831,11.0,1.0,10.0,9.9970703125,1.0771398544311523,1.0378534840868205,0.16617790811339198,10.0,11.0,153,6.64935064935065,9.765625E-4
Dew-point-temp.csv,92,2.8363636363636364,11.0,1.0,10.0,10.0107421875,2.164923667907715,1.4713679580267183,0.20039100684261973,11.0,11.0,155,6.564102564102564,9.765625E-4
Dew-point-temp.csv,93,2.442159383033419,13.0,1.0,12.0,11.4755859375,2.511122703552246,1.58465223426222,0.12218963831867058,12.0,13.0,105,9.660377358490566,9.765625E-4
Dew-point-temp.csv,94,2.93040293040293,13.0,1.0,12.0,12.1787109375,2.041304588317871,1.42874230997681,0.09090909090909091,13.0,13.0,78,12.962025316455696,9.765625E-4
Dew-point-temp.csv,95,2.503052503052503,13.0,1.0,12.0,12.1357421875,2.892706871032715,1.700795952203766,0.1104594330400782,13.0,13.0,92,11.010752688172044,9.765625E-4
Dew-point-temp.csv,96,2.587800369685767,13.0,1.0,12.0,12.025390625,2.2298240661621094,1.493259544138965,0.10166177908113393,13.0,13.0,85,11.906976744186046,9.765625E-4
Dew-point-temp.csv,97,2.6666666666666665,12.0,1.0,11.0,10.912332838038633,3.238971229486282,1.7997142077247381,0.13095238095238096,12.0,12.0,70,9.47887323943662,0.0014858841010401188
PM10-dust.csv,0,1.3793103448275863,8.0,1.0,7.0,3.669921875,0.8851890563964844,0.940844863086622,0.14565004887585534,4.0,5.0,145,7.013698630136986,9.765625E-4
PM10-dust.csv,1,1.36986301369863,9.0,1.0,8.0,3.548828125,1.2124595642089844,1.101117416177305,0.19745845552297164,4.0,5.0,190,5.361256544502618,0.001953125
PM10-dust.csv,2,0.4158004158004158,9.0,1.0,8.0,2.7890625,1.68011474609375,1.2961924031924235,0.20430107526881722,3.0,4.0,199,5.12,0.044921875
PM10-dust.csv,3,0.0,9.0,1.0,8.0,2.6337890625,1.349287986755371,1.1615885617357684,0.23949169110459434,3.0,4.0,221,4.612612612612613,0.087890625
PM10-dust.csv,4,1.1029411764705883,9.0,1.0,8.0,3.08203125,1.9542083740234375,1.397930031876931,0.2903225806451613,3.0,5.0,267,3.8208955223880596,0.0205078125
PM10-dust.csv,5,0.6896551724137931,7.0,1.0,6.0,2.4404296875,2.1155920028686523,1.454507477763058,0.23655913978494625,2.0,4.0,212,4.807511737089202,0.2734375
PM10-dust.csv,6,2.183406113537118,10.0,1.0,9.0,2.53125,2.1630859375,1.4707433282187616,0.21603128054740958,2.0,4.0,169,6.023529411764706,0.19921875
PM10-dust.csv,7,0.425531914893617,9.0,1.0,8.0,2.5068359375,2.400343894958496,1.549304326127858,0.2649071358748778,2.0,5.0,226,4.511013215859031,0.2421875
PM10-dust.csv,8,0.0,6.0,1.0,5.0,1.6865234375,1.2269277572631836,1.1076677106710222,0.12316715542521994,1.0,3.0,103,9.846153846153847,0.4697265625
PM10-dust.csv,9,0.8379888268156425,8.0,1.0,7.0,1.794921875,0.9657554626464844,0.9827285803549647,0.2072336265884653,2.0,3.0,191,5.333333333333333,0.248046875
PM10-dust.csv,10,0.7751937984496124,7.0,1.0,6.0,2.1337890625,1.772139549255371,1.331217318567998,0.1798631476050831,2.0,4.0,162,6.282208588957055,0.2490234375
PM10-dust.csv,11,0.0,5.0,1.0,4.0,2.591796875,1.2200889587402344,1.1045763707142364,0.22189638318670576,3.0,4.0,210,4.8530805687203795,0.0712890625
PM10-dust.csv,12,0.7339449541284404,7.0,1.0,6.0,3.5107421875,0.8065252304077148,0.8980674976902988,0.1495601173020528,4.0,4.0,144,7.062068965517241,0.00390625
PM10-dust.csv,13,0.3816793893129771,7.0,1.0,6.0,3.3037109375,1.475142478942871,1.214554436385159,0.1710654936461388,3.0,5.0,155,6.564102564102564,0.0361328125
PM10-dust.csv,14,1.10062893081761,8.0,1.0,7.0,4.1865234375,1.7669668197631836,1.329273041840232,0.1241446725317693,4.0,5.0,123,8.258064516129032,0.00390625
PM10-dust.csv,15,0.8264462809917356,9.0,1.0,8.0,3.7373046875,3.2347021102905273,1.79852776189041,0.17204301075268819,4.0,6.0,170,5.988304093567251,0.0634765625
PM10-dust.csv,16,0.228310502283105,8.0,1.0,7.0,2.2802734375,2.0415639877319336,1.4288330860292722,0.2404692082111437,2.0,4.0,218,4.675799086757991,0.2353515625
PM10-dust.csv,17,0.9900990099009901,7.0,1.0,6.0,2.232421875,1.7994956970214844,1.341452830710601,0.21700879765395895,2.0,4.0,203,5.019607843137255,0.2705078125
PM10-dust.csv,18,0.0,7.0,1.0,6.0,2.255859375,1.7372703552246094,1.3180555205394837,0.20332355816226785,2.0,4.0,179,5.688888888888889,0.2744140625
PM10-dust.csv,19,0.0,6.0,1.0,5.0,2.5205078125,1.8823919296264648,1.3720028898025196,0.21212121212121213,3.0,4.0,194,5.251282051282051,0.2236328125
PM10-dust.csv,20,0.0,11.0,1.0,10.0,3.2333984375,2.3429861068725586,1.5306815824568343,0.2561094819159335,3.0,5.0,216,4.71889400921659,0.109375
PM10-dust.csv,21,0.49875311720698257,6.0,1.0,5.0,2.109375,1.333740234375,1.1548767182582738,0.2756598240469208,2.0,4.0,258,3.9536679536679538,0.2421875
PM10-dust.csv,22,1.1764705882352942,10.0,1.0,9.0,2.833984375,2.3493919372558594,1.532772630645478,0.2541544477028348,3.0,5.0,214,4.7627906976744185,0.18359375
PM10-dust.csv,23,0.0,7.0,1.0,6.0,2.6044921875,2.129706382751465,1.45935135685395,0.2238514173998045,2.0,5.0,211,4.830188679245283,0.140625
PM10-dust.csv,24,0.0,7.0,1.0,6.0,2.2119140625,1.370131492614746,1.170526160585378,0.20332355816226785,2.0,4.0,194,5.251282051282051,0.2138671875
PM10-dust.csv,25,0.7858546168958742,8.0,1.0,7.0,2.8212890625,2.015913963317871,1.419828850008997,0.2561094819159335,3.0,5.0,222,4.591928251121076,0.1298828125
PM10-dust.csv,26,2.7083333333333335,7.0,1.0,6.0,2.8388671875,1.3207159042358398,1.1492240444038055,0.187683284457478,3.0,4.0,180,5.657458563535911,0.0888671875
PM10-dust.csv,27,0.5692599620493358,6.0,1.0,5.0,3.29296875,0.8653411865234375,0.9302371668146987,0.20625610948191594,3.0,4.0,206,4.946859903381642,0.001953125
PM10-dust.csv,28,0.5054151624548736,12.0,1.0,11.0,9.5595703125,10.189810752868652,3.192148297443064,0.3597262952101662,11.0,12.0,208,4.899521531100478,0.001953125
PM10-dust.csv,29,0.3875968992248062,17.0,1.0,16.0,11.150390625,2.4578514099121094,1.5677536190078176,0.12316715542521994,11.0,13.0,117,8.677966101694915,9.765625E-4
PM10-dust.csv,30,0.445859872611465,18.0,1.0,17.0,10.9443359375,6.691237449645996,2.5867426330514594,0.24144672531769307,11.0,14.0,213,4.785046728971962,9.765625E-4
PM10-dust.csv,31,0.2249718785151856,14.0,1.0,13.0,5.7880859375,9.647475242614746,3.1060385127384924,0.2776148582600195,5.0,11.0,222,4.591928251121076,0.0263671875
PM10-dust.csv,32,1.3303769401330376,5.0,1.0,4.0,2.4482421875,1.1535711288452148,1.0740442862588184,0.2981427174975562,3.0,4.0,260,3.9233716475095783,0.1494140625
PM10-dust.csv,33,1.3736263736263736,4.0,1.0,3.0,1.8994140625,0.7310934066772461,0.8550400029690108,0.22482893450635386,2.0,3.0,213,4.785046728971962,0.2353515625
PM10-dust.csv,34,1.392757660167131,7.0,1.0,6.0,1.7880859375,1.159193992614746,1.0766587168712034,0.2512218963831867,1.0,3.0,218,4.675799086757991,0.3740234375
PM10-dust.csv,35,1.5,7.0,1.0,6.0,2.1591796875,1.9990758895874023,1.4138868022537738,0.20234604105571846,2.0,4.0,178,5.720670391061453,0.3251953125
PM10-dust.csv,36,1.3986013986013985,9.0,1.0,8.0,2.21875,1.7490234375,1.3225064980936767,0.21212121212121213,2.0,4.0,195,5.224489795918367,0.2724609375
PM10-dust.csv,37,1.075268817204301,10.0,1.0,9.0,1.822265625,1.2828636169433594,1.1326356947153657,0.20625610948191594,1.0,3.0,174,5.851428571428571,0.390625
PM10-dust.csv,38,0.7677543186180422,7.0,1.0,6.0,3.17578125,1.8382415771484375,1.3558176784318892,0.1827956989247312,4.0,5.0,161,6.320987654320987,0.1064453125
PM10-dust.csv,39,0.0,11.0,1.0,10.0,3.2880859375,2.886733055114746,1.6990388621555266,0.22287390029325513,3.0,5.0,181,5.626373626373627,0.166015625
PM10-dust.csv,40,0.34965034965034963,6.0,1.0,5.0,1.6123046875,1.2784032821655273,1.1306649734406418,0.09970674486803519,1.0,3.0,93,10.893617021276595,0.6201171875
PM10-dust.csv,41,1.2594458438287153,7.0,1.0,6.0,2.1630859375,1.583754539489746,1.258473098437049,0.21603128054740958,2.0,4.0,190,5.361256544502618,0.2255859375
PM10-dust.csv,42,0.9111617312072893,9.0,1.0,8.0,2.3544921875,1.5706243515014648,1.253245527221807,0.25513196480938416,2.0,4.0,193,5.278350515463917,0.1767578125
PM10-dust.csv,43,2.380952380952381,8.0,1.0,7.0,1.4765625,0.94866943359375,0.9739966291490695,0.11730205278592376,1.0,3.0,103,9.846153846153847,0.552734375
PM10-dust.csv,44,0.0,8.0,1.0,7.0,2.1982421875,1.1394109725952148,1.0674319522082965,0.19257086999022482,2.0,3.0,183,5.565217391304348,0.0830078125
PM10-dust.csv,45,1.4250309789343247,18.0,1.0,17.0,10.27734375,29.899642944335938,5.468056596665394,0.6813294232649071,12.0,17.0,406,2.515970515970516,9.765625E-4
PM10-dust.csv,46,1.8579960185799602,18.0,1.0,17.0,9.67578125,25.385116577148438,5.038364474425053,0.541544477028348,11.0,15.0,367,2.782608695652174,0.015625
PM10-dust.csv,47,0.0,11.0,1.0,10.0,2.2421875,1.96673583984375,1.4024035937788202,0.38025415444770283,2.0,4.0,289,3.5310344827586206,0.2197265625
PM10-dust.csv,48,1.1261261261261262,8.0,1.0,7.0,1.96875,1.1943359375,1.0928567781278569,0.5102639296187683,2.0,4.0,409,2.497560975609756,0.203125
PM10-dust.csv,49,0.4888268156424581,15.0,1.0,14.0,10.2255859375,29.971571922302246,5.474629843405145,0.22580645161290322,14.0,14.0,166,6.131736526946108,0.0517578125
PM10-dust.csv,50,2.476290832455216,15.0,1.0,14.0,14.2216796875,0.7955846786499023,0.891955536251613,0.07135874877810362,14.0,15.0,50,20.07843137254902,9.765625E-4
PM10-dust.csv,51,0.49230769230769234,14.0,1.0,13.0,11.55078125,2.2044525146484375,1.4847398811402748,0.27956989247311825,12.0,13.0,236,4.320675105485232,0.001953125
PM10-dust.csv,52,1.6469377251672672,17.0,1.0,16.0,14.3779296875,0.6628332138061523,0.8141456956872967,0.093841642228739,14.0,15.0,70,14.422535211267606,9.765625E-4
PM10-dust.csv,53,0.3981797497155859,14.0,1.0,13.0,12.7080078125,1.4645452499389648,1.2101839735920175,0.22482893450635386,13.0,14.0,206,4.946859903381642,9.765625E-4
PM10-dust.csv,54,1.3123359580052494,14.0,1.0,13.0,11.04296875,1.9727630615234375,1.4045508397788375,0.20821114369501467,12.0,12.0,155,6.564102564102564,0.00390625
PM10-dust.csv,55,2.7863777089783284,15.0,1.0,14.0,14.525390625,0.8411521911621094,0.9171434954041322,0.042033235581622676,15.0,15.0,23,42.666666666666664,9.765625E-4
PM10-dust.csv,56,0.5119453924914675,15.0,1.0,14.0,12.73046875,3.7378997802734375,1.9333648854454344,0.25317693059628543,13.0,15.0,210,4.8530805687203795,9.765625E-4
PM10-dust.csv,57,0.6427423674343867,15.0,1.0,14.0,13.46875,3.4541015625,1.858521337649907,0.25317693059628543,14.0,15.0,194,5.251282051282051,0.005859375
PM10-dust.csv,58,0.5524861878453039,15.0,1.0,14.0,13.056640625,3.2096824645996094,1.791558669036437,0.2844574780058651,14.0,15.0,231,4.413793103448276,0.0029296875
PM10-dust.csv,59,2.5188916876574305,16.0,1.0,15.0,1.7216796875,4.486014366149902,2.118021332789144,0.29227761485826004,1.0,3.0,174,5.851428571428571,0.51171875
PM10-dust.csv,60,1.8126888217522659,8.0,1.0,7.0,1.61328125,1.0242767333984375,1.0120655776175957,0.18572825024437928,1.0,3.0,155,6.564102564102564,0.3173828125
PM10-dust.csv,61,2.2346368715083798,7.0,1.0,6.0,1.828125,1.484130859375,1.2182490957825498,0.2179863147605083,1.0,4.0,163,6.2439024390243905,0.318359375
PM10-dust.csv,62,0.0,7.0,1.0,6.0,3.12890625,1.1728363037109375,1.0829756708767457,0.1739980449657869,3.0,4.0,165,6.168674698795181,0.0185546875
PM10-dust.csv,63,1.6363636363636365,8.0,1.0,7.0,3.384765625,1.1371116638183594,1.0663543800343107,0.1739980449657869,4.0,4.0,167,6.095238095238095,0.005859375
PM10-dust.csv,64,0.46403712296983757,8.0,1.0,7.0,2.458984375,2.9494895935058594,1.717407812229192,0.198435972629521,2.0,5.0,143,7.111111111111111,0.4365234375
PM10-dust.csv,65,1.8796992481203008,7.0,1.0,6.0,1.396484375,0.7666282653808594,0.8755731068168205,0.13098729227761485,1.0,2.0,104,9.752380952380953,0.5966796875
PM10-dust.csv,66,0.6578947368421053,7.0,1.0,6.0,1.580078125,1.7943687438964844,1.3395404972961753,0.17790811339198437,1.0,4.0,132,7.6992481203007515,0.693359375
PM10-dust.csv,67,1.1799410029498525,7.0,1.0,6.0,1.6044921875,1.3386907577514648,1.1570180455599925,0.25024437927663734,1.0,3.0,167,6.095238095238095,0.5869140625
PM10-dust.csv,68,0.0,6.0,1.0,5.0,1.2900390625,0.6473226547241211,0.8045636424324188,0.21896383186705767,1.0,2.0,145,7.013698630136986,0.6953125
PM10-dust.csv,69,1.7660044150110374,8.0,1.0,7.0,1.91796875,1.2471771240234375,1.1167708466930168,0.6129032258064516,2.0,3.0,431,2.3703703703703702,0.1376953125
PM10-dust.csv,70,0.2564102564102564,5.0,1.0,4.0,2.2529296875,0.8413000106811523,0.9172240787730948,0.17302052785923755,2.0,3.0,164,6.206060606060606,0.0673828125
PM10-dust.csv,71,0.45977011494252873,5.0,1.0,4.0,2.6474609375,0.6384115219116211,0.7990065843981644,0.1603128054740958,3.0,4.0,164,6.206060606060606,0.00390625
PM10-dust.csv,72,0.0,6.0,1.0,5.0,2.626953125,0.8940391540527344,0.9455364371893525,0.2130987292277615,3.0,4.0,192,5.305699481865285,0.0068359375
PM10-dust.csv,73,0.7874015748031497,6.0,1.0,5.0,2.185546875,1.0339317321777344,1.016824336932262,0.16226783968719452,2.0,4.0,152,6.69281045751634,0.1181640625
PM10-dust.csv,74,0.0,7.0,1.0,6.0,1.9580078125,1.6124944686889648,1.2698403319665685,0.21700879765395895,1.0,4.0,171,5.953488372093023,0.2783203125
PM10-dust.csv,75,0.0,8.0,1.0,7.0,1.603515625,1.8037376403808594,1.3430330004809485,0.21505376344086022,1.0,4.0,162,6.282208588957055,0.607421875
PM10-dust.csv,76,0.0,11.0,1.0,10.0,1.7158203125,2.2874059677124023,1.5124172597905654,0.23460410557184752,1.0,3.0,184,5.535135135135135,0.5595703125
PM10-dust.csv,77,0.0,6.0,1.0,5.0,1.4765625,1.08343505859375,1.0408818658203967,0.2913000977517107,1.0,3.0,189,5.389473684210526,0.6904296875
PM10-dust.csv,78,0.0,8.0,1.0,7.0,1.5859375,1.34222412109375,1.158543965973562,0.3128054740957967,1.0,4.0,216,4.71889400921659,0.619140625
PM10-dust.csv,79,0.33783783783783783,8.0,1.0,7.0,1.32421875,0.6898040771484375,0.8305444462209337,0.1739980449657869,1.0,2.0,125,8.126984126984127,0.6513671875
PM10-dust.csv,80,0.8379888268156425,7.0,1.0,6.0,1.7470703125,1.4448156356811523,1.202004840123846,0.3069403714565005,1.0,4.0,215,4.7407407407407405,0.447265625
PM10-dust.csv,81,0.0,8.0,1.0,7.0,1.4775390625,1.222151756286621,1.1055097269072856,0.15542521994134897,1.0,4.0,100,10.138613861386139,0.6689453125
PM10-dust.csv,82,0.0,7.0,1.0,6.0,1.564453125,1.0739707946777344,1.0363256219344064,0.1603128054740958,1.0,3.0,126,8.062992125984252,0.3818359375
PM10-dust.csv,83,1.4634146341463414,10.0,1.0,9.0,1.7529296875,1.0200109481811523,1.0099559139789975,0.43304007820136853,1.0,3.0,322,3.170278637770898,0.275390625
PM10-dust.csv,84,0.7444168734491315,8.0,1.0,7.0,1.5234375,0.64007568359375,0.8000473008477373,0.6236559139784946,1.0,2.0,488,2.094069529652352,0.2470703125
PM10-dust.csv,85,1.4373716632443532,8.0,1.0,7.0,1.96875,1.5849609375,1.2589523174052304,0.7888563049853372,2.0,4.0,558,1.8318425760286225,0.138671875
PM10-dust.csv,86,2.708803611738149,10.0,1.0,9.0,6.05859375,11.574691772460938,3.402159868739407,0.21505376344086022,4.0,10.0,102,9.941747572815533,0.09765625
PM10-dust.csv,87,3.1880977683315623,9.0,1.0,8.0,6.7099609375,1.922713279724121,1.386619370888825,0.03812316715542522,7.0,8.0,37,26.94736842105263,0.00390625
PM10-dust.csv,88,1.1142061281337048,9.0,1.0,8.0,4.7373046875,0.7600927352905273,0.8718329744225825,0.15249266862170088,5.0,6.0,116,8.752136752136753,0.001953125
PM10-dust.csv,89,1.1869436201780414,9.0,1.0,8.0,4.3798828125,0.6711187362670898,0.8192183690976966,0.14271749755620725,4.0,5.0,137,7.420289855072464,9.765625E-4
PM10-dust.csv,90,0.9,10.0,1.0,9.0,6.9794921875,13.699774742126465,3.7013206753976973,0.12512218963831867,10.0,10.0,119,8.533333333333333,0.0205078125
PM10-dust.csv,91,0.0,7.0,1.0,6.0,3.420502092050209,1.8587428441378882,1.363357196092751,0.1761006289308176,3.0,5.0,78,6.050632911392405,0.056485355648535567
IR-bio-temp.csv,0,3.225806451612903,9.0,1.0,8.0,7.1923828125,2.57529354095459,1.6047721149604357,0.024437927663734114,8.0,9.0,25,39.38461538461539,0.0029296875
IR-bio-temp.csv,1,3.7837837837837838,9.0,1.0,8.0,6.6591796875,2.2383337020874023,1.496106180084623,0.01857282502443793,7.0,9.0,19,51.2,9.765625E-4
IR-bio-temp.csv,2,4.795918367346939,8.0,1.0,7.0,7.09765625,3.2326507568359375,1.7979573845995176,0.019550342130987292,8.0,8.0,20,48.76190476190476,0.0029296875
IR-bio-temp.csv,3,3.861788617886179,8.0,1.0,7.0,7.1328125,1.60345458984375,1.2662758743037592,0.019550342130987292,8.0,8.0,20,48.76190476190476,0.0029296875
IR-bio-temp.csv,4,4.094076655052265,9.0,1.0,8.0,8.41015625,0.7868499755859375,0.8870456445899149,0.02932551319648094,9.0,9.0,28,35.310344827586206,9.765625E-4
IR-bio-temp.csv,5,3.5940803382663846,9.0,1.0,8.0,6.787109375,2.0953025817871094,1.4475160039830681,0.043010752688172046,7.0,8.0,43,23.272727272727273,0.001953125
IR-bio-temp.csv,6,2.972972972972973,10.0,1.0,9.0,8.1025390625,2.773665428161621,1.6654325048351917,0.028347996089931573,8.0,10.0,29,34.13333333333333,9.765625E-4
IR-bio-temp.csv,7,3.6062378167641325,10.0,1.0,9.0,7.435546875,1.9060020446777344,1.380580328947843,0.03128054740957967,8.0,9.0,32,31.03030303030303,0.001953125
IR-bio-temp.csv,8,3.0335861321776814,8.0,1.0,7.0,6.59765625,1.4494476318359375,1.2039300776357145,0.03812316715542522,7.0,8.0,39,25.6,0.00390625
IR-bio-temp.csv,9,3.3472803347280333,10.0,1.0,9.0,8.759765625,1.9676780700683594,1.4027394875985917,0.026392961876832845,9.0,10.0,27,36.57142857142857,9.765625E-4
IR-bio-temp.csv,10,2.8855721393034828,9.0,1.0,8.0,7.2353515625,1.8869924545288086,1.3736784392749304,0.05865102639296188,7.0,9.0,57,17.655172413793103,9.765625E-4
IR-bio-temp.csv,11,3.2804232804232805,9.0,1.0,8.0,6.7197265625,2.0200796127319336,1.4212950477405926,0.06158357771260997,7.0,8.0,62,16.253968253968253,9.765625E-4
IR-bio-temp.csv,12,3.5853468433359312,10.0,1.0,9.0,9.46484375,1.8307952880859375,1.3530688408525036,0.011730205278592375,10.0,10.0,12,78.76923076923077,9.765625E-4
IR-bio-temp.csv,13,4.0,9.0,1.0,8.0,8.00390625,2.3964691162109375,1.5480533311908016,0.039100684261974585,9.0,9.0,37,26.94736842105263,9.765625E-4
IR-bio-temp.csv,14,3.461178671655753,10.0,1.0,9.0,7.7490234375,3.2856435775756836,1.812634430208056,0.04594330400782014,8.0,10.0,45,22.26086956521739,0.00390625
IR-bio-temp.csv,15,3.3143939393939394,10.0,1.0,9.0,7.6611328125,2.81973934173584,1.6792079507124302,0.03616813294232649,8.0,9.0,35,28.444444444444443,0.0029296875
IR-bio-temp.csv,16,3.8678485092667203,10.0,1.0,9.0,9.1484375,1.81781005859375,1.3482618657344536,0.022482893450635387,10.0,10.0,22,44.52173913043478,9.765625E-4
IR-bio-temp.csv,17,3.3057851239669422,10.0,1.0,9.0,7.888671875,4.364559173583984,2.08915274060658,0.05278592375366569,8.0,10.0,52,19.32075471698113,0.001953125
IR-bio-temp.csv,18,3.3264033264033266,9.0,1.0,8.0,6.9111328125,1.4462041854858398,1.2025822988410564,0.039100684261974585,7.0,8.0,40,24.975609756097562,0.0029296875
IR-bio-temp.csv,19,4.238052299368801,9.0,1.0,8.0,8.12109375,1.4911956787109375,1.2211452324399983,0.013685239491691105,8.0,9.0,14,68.26666666666667,9.765625E-4
IR-bio-temp.csv,20,4.821802935010482,8.0,1.0,7.0,6.8828125,0.54876708984375,0.7407881544974582,0.019550342130987292,7.0,7.0,19,51.2,9.765625E-4
IR-bio-temp.csv,21,3.4615384615384617,9.0,1.0,8.0,7.5751953125,2.3459081649780273,1.53163578078407,0.017595307917888565,8.0,9.0,18,53.89473684210526,9.765625E-4
IR-bio-temp.csv,22,4.030501089324619,8.0,1.0,7.0,6.6064453125,1.3929662704467773,1.1802399207139103,0.01857282502443793,7.0,8.0,19,51.2,0.0048828125
IR-bio-temp.csv,23,4.300168634064081,9.0,1.0,8.0,8.7197265625,0.8442983627319336,0.9188570959251137,0.024437927663734114,9.0,9.0,22,44.52173913043478,9.765625E-4
IR-bio-temp.csv,24,3.5160289555325748,9.0,1.0,8.0,6.8203125,1.79779052734375,1.3408171118179206,0.1739980449657869,7.0,8.0,159,6.4,9.765625E-4
IR-bio-temp.csv,25,3.215434083601286,9.0,1.0,8.0,6.6044921875,1.9793157577514648,1.406881572042034,0.11339198435972629,7.0,8.0,110,9.225225225225225,0.001953125
IR-bio-temp.csv,26,4.055299539170507,9.0,1.0,8.0,7.912109375,1.3633689880371094,1.1676339272379461,0.030303030303030304,8.0,9.0,30,33.03225806451613,9.765625E-4
IR-bio-temp.csv,27,3.096539162112933,10.0,1.0,9.0,7.982421875,3.8336753845214844,1.957977370788918,0.03812316715542522,9.0,10.0,39,25.6,0.0029296875
IR-bio-temp.csv,28,4.182509505703422,9.0,1.0,8.0,7.6630859375,1.073012351989746,1.0358630951963421,0.01857282502443793,8.0,8.0,19,51.2,0.0029296875
IR-bio-temp.csv,29,1.1661807580174928,7.0,1.0,6.0,4.623046875,0.6059532165527344,0.7784299689456556,0.20821114369501467,5.0,5.0,211,4.830188679245283,9.765625E-4
IR-bio-temp.csv,30,3.5390199637023594,9.0,1.0,8.0,7.99609375,1.4921722412109375,1.2215450221792636,0.06158357771260997,8.0,9.0,60,16.78688524590164,9.765625E-4
IR-bio-temp.csv,31,3.6503362151777137,9.0,1.0,8.0,7.54296875,1.6368255615234375,1.2793848371476964,0.03519061583577713,8.0,9.0,35,28.444444444444443,0.001953125
IR-bio-temp.csv,32,4.1710114702815435,9.0,1.0,8.0,6.916015625,1.2741966247558594,1.1288031824706464,0.03421309872922776,7.0,8.0,34,29.257142857142856,0.0029296875
IR-bio-temp.csv,33,4.055220017256255,9.0,1.0,8.0,8.509765625,1.3631858825683594,1.167555515839979,0.022482893450635387,9.0,9.0,23,42.666666666666664,9.765625E-4
IR-bio-temp.csv,34,3.8257173219978746,8.0,1.0,7.0,6.767578125,1.5768394470214844,1.2557226791857685,0.03421309872922776,7.0,8.0,35,28.444444444444443,0.001953125
IR-bio-temp.csv,35,4.253112033195021,9.0,1.0,8.0,6.90234375,1.9689788818359375,1.403203079328127,0.05083088954056696,7.0,9.0,48,20.897959183673468,0.001953125
IR-bio-temp.csv,36,4.059040590405904,9.0,1.0,8.0,7.904296875,1.7349815368652344,1.3171869787031887,0.03421309872922776,8.0,9.0,34,29.257142857142856,9.765625E-4
IR-bio-temp.csv,37,3.4280117531831538,9.0,1.0,8.0,7.3564453125,3.1922826766967773,1.7866960224662665,0.06842619745845552,8.0,9.0,69,14.628571428571428,0.001953125
IR-bio-temp.csv,38,3.7900874635568513,10.0,1.0,9.0,7.443359375,3.7116355895996094,1.9265605595463666,0.03714565004887586,7.0,10.0,37,26.94736842105263,0.0029296875
IR-bio-temp.csv,39,3.493013972055888,8.0,1.0,7.0,7.2373046875,2.5247411727905273,1.5889434139674474,0.0469208211143695,8.0,8.0,47,21.333333333333332,0.0068359375
IR-bio-temp.csv,40,3.8365304420350292,10.0,1.0,9.0,8.82421875,2.7073822021484375,1.6454124717372351,0.016617790811339198,10.0,10.0,16,60.23529411764706,0.001953125
IR-bio-temp.csv,41,4.317180616740088,9.0,1.0,8.0,8.333984375,0.9880638122558594,0.9940139899698894,0.009775171065493646,9.0,9.0,10,93.0909090909091,0.001953125
IR-bio-temp.csv,42,3.640040444893832,9.0,1.0,8.0,7.1708984375,1.5596609115600586,1.248863848287738,0.019550342130987292,7.0,9.0,20,48.76190476190476,0.00390625
IR-bio-temp.csv,43,4.039301310043668,8.0,1.0,7.0,6.560546875,2.5607872009277344,1.6002459813815295,0.033235581622678395,7.0,8.0,34,29.257142857142856,0.0068359375
IR-bio-temp.csv,44,3.952569169960474,10.0,1.0,9.0,9.3359375,1.86370849609375,1.3651770933083187,0.01466275659824047,10.0,10.0,14,68.26666666666667,0.001953125
IR-bio-temp.csv,45,3.6496350364963503,9.0,1.0,8.0,8.00390625,1.4843597412109375,1.2183430310101246,0.024437927663734114,8.0,9.0,23,42.666666666666664,9.765625E-4
IR-bio-temp.csv,46,3.5749751737835154,9.0,1.0,8.0,7.271484375,2.2329368591308594,1.4943014619315806,0.03421309872922776,8.0,8.0,35,28.444444444444443,0.0029296875
IR-bio-temp.csv,47,3.6315323294951285,9.0,1.0,8.0,8.2490234375,0.9682607650756836,0.9840024212753156,0.02737047898338221,8.0,9.0,28,35.310344827586206,0.001953125
IR-bio-temp.csv,48,2.8309741881765196,10.0,1.0,9.0,8.798828125,2.1997642517089844,1.4831602245573416,0.02541544477028348,9.0,10.0,25,39.38461538461539,9.765625E-4
IR-bio-temp.csv,49,3.835616438356164,10.0,1.0,9.0,7.9658203125,1.6794958114624023,1.2959536301358943,0.024437927663734114,8.0,10.0,25,39.38461538461539,0.0029296875
IR-bio-temp.csv,50,3.8427947598253276,9.0,1.0,8.0,8.3505859375,1.530409812927246,1.2370973336513365,0.033235581622678395,9.0,9.0,26,37.925925925925924,0.001953125
IR-bio-temp.csv,51,4.146730462519936,10.0,1.0,9.0,9.2412109375,1.261153221130371,1.1230107840668189,0.01857282502443793,10.0,10.0,17,56.888888888888886,9.765625E-4
IR-bio-temp.csv,52,2.644003777148253,10.0,1.0,9.0,7.654296875,3.8101768493652344,1.9519674304058545,0.05474095796676442,8.0,10.0,52,19.32075471698113,9.765625E-4
IR-bio-temp.csv,53,3.6044362292051755,9.0,1.0,8.0,7.8798828125,1.0275640487670898,1.0136883390702933,0.030303030303030304,8.0,9.0,29,34.13333333333333,9.765625E-4
IR-bio-temp.csv,54,4.203935599284437,9.0,1.0,8.0,8.189453125,1.4172325134277344,1.1904757508776624,0.01857282502443793,9.0,9.0,19,51.2,9.765625E-4
IR-bio-temp.csv,55,4.580152671755725,8.0,1.0,7.0,7.6513671875,1.3110723495483398,1.1450206764719753,0.009775171065493646,8.0,8.0,10,93.0909090909091,0.001953125
IR-bio-temp.csv,56,4.822565969062785,9.0,1.0,8.0,8.037109375,0.8267478942871094,0.9092567812708956,0.028347996089931573,8.0,9.0,26,37.925925925925924,9.765625E-4
IR-bio-temp.csv,57,4.3126684636118595,10.0,1.0,9.0,8.134765625,2.7123069763183594,1.646908308412572,0.022482893450635387,9.0,10.0,22,44.52173913043478,9.765625E-4
IR-bio-temp.csv,58,4.490177736202058,9.0,1.0,8.0,7.7705078125,1.8369817733764648,1.35535300692346,0.03519061583577713,8.0,9.0,34,29.257142857142856,9.765625E-4
IR-bio-temp.csv,59,2.680965147453083,10.0,1.0,9.0,8.0908203125,1.4731969833374023,1.213753262956439,0.0635386119257087,8.0,9.0,64,15.753846153846155,9.765625E-4
IR-bio-temp.csv,60,3.330249768732655,9.0,1.0,8.0,7.80859375,2.2387542724609375,1.4962467284712564,0.06256109481915934,8.0,9.0,60,16.78688524590164,9.765625E-4
IR-bio-temp.csv,61,3.9383561643835616,10.0,1.0,9.0,8.5546875,2.98724365234375,1.7283644443067412,0.02737047898338221,9.0,10.0,28,35.310344827586206,9.765625E-4
IR-bio-temp.csv,62,3.004291845493562,11.0,1.0,10.0,8.505859375,5.076137542724609,2.2530285268332952,0.02541544477028348,10.0,10.0,26,37.925925925925924,9.765625E-4
IR-bio-temp.csv,63,2.7312775330396475,10.0,1.0,9.0,8.2392578125,2.703497886657715,1.6442317010256537,0.06842619745845552,9.0,10.0,68,14.840579710144928,9.765625E-4
IR-bio-temp.csv,64,3.1565656565656566,8.0,1.0,7.0,5.5126953125,1.8553075790405273,1.362096758325387,0.07233626588465299,6.0,7.0,71,14.222222222222221,9.765625E-4
IR-bio-temp.csv,65,3.7209302325581395,10.0,1.0,9.0,9.5439453125,1.4023656845092773,1.1842152188302923,0.010752688172043012,10.0,10.0,11,85.33333333333333,9.765625E-4
IR-bio-temp.csv,66,2.837489251934652,10.0,1.0,9.0,8.50390625,2.0117034912109375,1.4183453356679174,0.030303030303030304,9.0,10.0,27,36.57142857142857,9.765625E-4
IR-bio-temp.csv,67,3.0526315789473686,9.0,1.0,8.0,6.7900390625,1.683455467224121,1.2974804303819465,0.05865102639296188,7.0,8.0,52,19.32075471698113,0.00390625
IR-bio-temp.csv,68,2.9596412556053813,9.0,1.0,8.0,8.1474609375,1.235091209411621,1.1113465748413593,0.02932551319648094,8.0,9.0,29,34.13333333333333,0.001953125
IR-bio-temp.csv,69,2.972027972027972,10.0,1.0,9.0,8.3125,1.42578125,1.194060823408925,0.05278592375366569,9.0,9.0,52,19.32075471698113,9.765625E-4
IR-bio-temp.csv,70,3.0103480714957667,9.0,1.0,8.0,7.7314453125,1.9913549423217773,1.4111537628202595,0.03128054740957967,8.0,9.0,32,31.03030303030303,0.00390625
IR-bio-temp.csv,71,3.178694158075601,11.0,1.0,10.0,8.4912109375,3.831954002380371,1.9575377397078124,0.05180840664711633,9.0,11.0,52,19.32075471698113,9.765625E-4
IR-bio-temp.csv,72,4.324324324324325,8.0,1.0,7.0,6.5361328125,0.9029912948608398,0.950258541061768,0.13880742913000976,7.0,7.0,127,8.0,0.001953125
IR-bio-temp.csv,73,2.9757243539545812,11.0,1.0,10.0,9.2666015625,5.597868919372559,2.365981597428974,0.09090909090909091,11.0,11.0,82,12.337349397590362,9.765625E-4
IR-bio-temp.csv,74,2.845528455284553,8.0,1.0,7.0,6.908203125,0.7630577087402344,0.8735317445520995,0.13196480938416422,7.0,8.0,132,7.6992481203007515,9.765625E-4
IR-bio-temp.csv,75,3.7837837837837838,10.0,1.0,9.0,8.087890625,2.1739158630371094,1.474420517707587,0.03616813294232649,9.0,9.0,37,26.94736842105263,9.765625E-4
IR-bio-temp.csv,76,2.6644462947543714,10.0,1.0,9.0,8.7998046875,0.7851171493530273,0.8860683660717311,0.02737047898338221,9.0,9.0,27,36.57142857142857,9.765625E-4
IR-bio-temp.csv,77,2.674897119341564,9.0,1.0,8.0,6.97265625,2.2805023193359375,1.5101332124471463,0.04887585532746823,8.0,9.0,49,20.48,9.765625E-4
IR-bio-temp.csv,78,9.090909090909092,3.0,1.0,2.0,1.751953125,0.24901962280273438,0.4990186597740954,0.11241446725317693,2.0,2.0,115,8.827586206896552,0.0654296875
IR-bio-temp.csv,79,4.096989966555184,10.0,1.0,9.0,8.7646484375,3.0276174545288086,1.7400050156619689,0.043010752688172046,9.0,10.0,41,24.38095238095238,9.765625E-4
IR-bio-temp.csv,80,3.8240917782026767,9.0,1.0,8.0,7.5869140625,1.412367820739746,1.1884308228667524,0.022482893450635387,8.0,9.0,23,42.666666666666664,9.765625E-4
IR-bio-temp.csv,81,3.5714285714285716,10.0,1.0,9.0,7.037109375,2.0201072692871094,1.421304777057725,0.04887585532746823,7.0,9.0,49,20.48,0.001953125
IR-bio-temp.csv,82,4.990583804143126,9.0,1.0,8.0,7.74609375,1.3730316162109375,1.1717643176897552,0.015640273704789834,8.0,9.0,15,64.0,9.765625E-4
IR-bio-temp.csv,83,3.3840947546531304,10.0,1.0,9.0,8.6748046875,2.5163183212280273,1.5862907429686486,0.020527859237536656,9.0,10.0,21,46.54545454545455,9.765625E-4
IR-bio-temp.csv,84,3.130434782608696,10.0,1.0,9.0,8.4140625,3.99847412109375,1.999618493886709,0.026392961876832845,9.0,10.0,27,36.57142857142857,0.0029296875
IR-bio-temp.csv,85,3.7644787644787643,10.0,1.0,9.0,7.515625,5.015380859375,2.2395046013292763,0.02346041055718475,8.0,10.0,24,40.96,0.005859375
IR-bio-temp.csv,86,3.1616982836495033,10.0,1.0,9.0,8.0185546875,2.6393041610717773,1.6245935371876183,0.05571847507331378,8.0,10.0,53,18.962962962962962,9.765625E-4
IR-bio-temp.csv,87,3.5162950257289878,10.0,1.0,9.0,8.5302734375,1.1025991439819336,1.0500472103586265,0.02541544477028348,9.0,9.0,25,39.38461538461539,9.765625E-4
IR-bio-temp.csv,88,3.275705186533212,10.0,1.0,9.0,8.0078125,2.35345458984375,1.5340973208514999,0.02737047898338221,8.0,10.0,27,36.57142857142857,0.001953125
IR-bio-temp.csv,89,2.491103202846975,10.0,1.0,9.0,8.1328125,2.45892333984375,1.5680954498511084,0.06647116324535679,9.0,9.0,60,16.78688524590164,0.001953125
IR-bio-temp.csv,90,4.166666666666667,10.0,1.0,9.0,8.8291015625,2.1202077865600586,1.4560933303054646,0.009775171065493646,9.0,10.0,10,93.0909090909091,9.765625E-4
IR-bio-temp.csv,91,3.257042253521127,10.0,1.0,9.0,8.28515625,3.0007171630859375,1.7322578223480296,0.042033235581622676,9.0,10.0,42,23.813953488372093,9.765625E-4
IR-bio-temp.csv,92,2.6376146788990824,9.0,1.0,8.0,6.17578125,1.4827728271484375,1.2176915977161202,0.05278592375366569,6.0,7.0,54,18.618181818181817,0.0029296875
IR-bio-temp.csv,93,4.213241616509029,10.0,1.0,9.0,8.517578125,2.5739097595214844,1.6043409112534295,0.02932551319648094,9.0,10.0,28,35.310344827586206,9.765625E-4
IR-bio-temp.csv,94,3.2228360957642725,10.0,1.0,9.0,7.83203125,2.9366302490234375,1.7136598988782568,0.0801564027370479,8.0,10.0,75,13.473684210526315,9.765625E-4
IR-bio-temp.csv,95,3.7891268533772653,10.0,1.0,9.0,8.876953125,1.1059532165527344,1.051643103221209,0.053763440860215055,9.0,10.0,50,20.07843137254902,9.765625E-4
IR-bio-temp.csv,96,3.0474040632054176,9.0,1.0,8.0,6.2607421875,4.325568199157715,2.0798000382627446,0.07820136852394917,7.0,8.0,80,12.641975308641975,0.0029296875
IR-bio-temp.csv,97,2.5974025974025974,9.0,1.0,8.0,6.062043795620438,4.328267355746164,2.0804488351666244,0.05128205128205128,7.0,9.0,14,18.266666666666666,0.0036496350364963502
City-lat.csv,0,0.8614232209737828,21.0,1.0,20.0,19.865234375,0.5697288513183594,0.7548038495651432,0.3655913978494624,20.0,20.0,282,3.618374558303887,9.765625E-4
City-lat.csv,1,2.1919879062736207,21.0,1.0,20.0,19.7412109375,0.7347860336303711,0.8571966131701473,0.4868035190615836,20.0,20.0,310,3.292604501607717,9.765625E-4
City-lat.csv,2,1.8518518518518519,21.0,1.0,20.0,19.6015625,0.92913818359375,0.9639181415419829,0.6490713587487781,20.0,20.0,424,2.409411764705882,9.765625E-4
City-lat.csv,3,2.384557153671461,21.0,1.0,20.0,19.615234375,0.9300804138183594,0.9644067678206947,0.6177908113391984,20.0,20.0,400,2.5536159600997506,9.765625E-4
City-lat.csv,4,0.8859357696566998,21.0,1.0,20.0,19.8583984375,0.7602224349975586,0.8719073545954057,0.5650048875855328,20.0,20.0,410,2.491484184914842,9.765625E-4
City-lat.csv,5,1.967930029154519,21.0,1.0,20.0,20.025390625,0.7278709411621094,0.8531535273103601,0.5679374389051809,20.0,21.0,434,2.354022988505747,9.765625E-4
City-lat.csv,6,2.004538577912254,21.0,1.0,20.0,19.7998046875,0.7011327743530273,0.8373367150394322,0.38514173998044965,20.0,20.0,223,4.571428571428571,9.765625E-4
City-lat.csv,7,1.7006802721088434,21.0,1.0,20.0,19.8740234375,0.5456533432006836,0.7386835203256423,0.260019550342131,20.0,20.0,166,6.131736526946108,9.765625E-4
City-lat.csv,8,2.384557153671461,21.0,1.0,20.0,19.869140625,0.5434226989746094,0.7371720959006854,0.25219941348973607,20.0,20.0,159,6.4,9.765625E-4
City-lat.csv,9,1.0158013544018059,21.0,1.0,20.0,19.7548828125,0.5854253768920898,0.7651309540804697,0.4467253176930596,20.0,20.0,397,2.5728643216080402,9.765625E-4
City-lat.csv,10,2.040045334340763,21.0,1.0,20.0,19.6171875,0.93743896484375,0.9682143176196838,0.6715542521994134,20.0,20.0,426,2.398126463700234,9.765625E-4
City-lat.csv,11,2.384557153671461,21.0,1.0,20.0,19.638671875,0.8987388610839844,0.9480183864693682,0.5992179863147605,20.0,20.0,391,2.6122448979591835,9.765625E-4
City-lat.csv,12,1.1286681715575622,21.0,1.0,20.0,19.7578125,0.74212646484375,0.8614676226323018,0.49266862170087977,20.0,20.0,316,3.230283911671924,9.765625E-4
City-lat.csv,13,1.8518518518518519,21.0,1.0,20.0,19.6328125,0.91790771484375,0.9580750048110795,0.6168132942326491,20.0,20.0,410,2.491484184914842,9.765625E-4
City-lat.csv,14,1.7762660619803476,21.0,1.0,20.0,19.6337890625,0.8981161117553711,0.9476898816360609,0.6119257086999023,20.0,20.0,409,2.497560975609756,9.765625E-4
City-lat.csv,15,1.4290949065591791,21.0,1.0,20.0,19.8955078125,0.7654485702514648,0.8748991771921293,0.6412512218963832,20.0,21.0,501,2.039840637450199,9.765625E-4
City-lat.csv,16,1.6220294228592984,21.0,1.0,20.0,19.689453125,0.8195762634277344,0.9053045141982528,0.5474095796676441,20.0,20.0,357,2.8603351955307263,9.765625E-4
City-lat.csv,17,1.966717095310136,21.0,1.0,20.0,19.646484375,0.8379173278808594,0.9153782430672358,0.5933528836754643,20.0,20.0,390,2.6189258312020463,9.765625E-4
City-lat.csv,18,1.6987542468856172,21.0,1.0,20.0,19.6845703125,0.8409337997436523,0.9170244270157979,0.5679374389051809,20.0,20.0,367,2.782608695652174,9.765625E-4
City-lat.csv,19,0.5588673621460507,21.0,1.0,20.0,19.83984375,0.6540374755859375,0.8087258346225484,0.45356793743890517,20.0,20.0,353,2.8926553672316384,9.765625E-4
City-lat.csv,20,0.44510385756676557,21.0,1.0,20.0,19.826171875,0.7061119079589844,0.8403046518727505,0.5532746823069403,20.0,20.0,432,2.3648960739030023,9.765625E-4
City-lat.csv,21,1.0169491525423728,21.0,1.0,20.0,19.71484375,0.8952484130859375,0.9461756777078649,0.5542521994134897,20.0,20.0,323,3.1604938271604937,9.765625E-4
City-lat.csv,22,1.927437641723356,21.0,1.0,20.0,19.6904296875,0.9110021591186523,0.9544643309829092,0.555229716520039,20.0,20.0,330,3.093655589123867,9.765625E-4
City-lat.csv,23,0.8646616541353384,21.0,1.0,20.0,19.7705078125,0.6826848983764648,0.826247480102944,0.45943304007820135,20.0,20.0,326,3.1314984709480123,9.765625E-4
City-lat.csv,24,2.1558245083207264,21.0,1.0,20.0,19.6982421875,0.9274969100952148,0.9630664100129414,0.5493646138807429,20.0,20.0,302,3.3795379537953796,9.765625E-4
City-lat.csv,25,1.8889308651303363,21.0,1.0,20.0,19.7451171875,0.7739019393920898,0.8797169655020243,0.47116324535679377,20.0,20.0,280,3.6441281138790034,9.765625E-4
City-lat.csv,26,1.8518518518518519,21.0,1.0,20.0,19.68359375,0.9448089599609375,0.9720128394012795,0.6001955034213099,20.0,20.0,331,3.0843373493975905,9.765625E-4
City-lat.csv,27,1.1290929619872037,21.0,1.0,20.0,19.771484375,0.7466087341308594,0.8640652371961618,0.5004887585532747,20.0,20.0,312,3.2715654952076676,9.765625E-4
City-lat.csv,28,1.0514457378895983,21.0,1.0,20.0,19.8583984375,0.6293630599975586,0.7933240573672014,0.3655913978494624,20.0,20.0,229,4.452173913043478,9.765625E-4
City-lat.csv,29,1.281085154483798,21.0,1.0,20.0,19.8359375,0.68792724609375,0.8294137966622873,0.36950146627565983,20.0,20.0,202,5.044334975369458,9.765625E-4
City-lat.csv,30,0.2605135839225903,21.0,1.0,20.0,19.90625,0.6123046875,0.7824990015968072,0.4056695992179863,20.0,20.0,307,3.324675324675325,9.765625E-4
City-lat.csv,31,0.7118771075309105,21.0,1.0,20.0,19.865234375,0.6126976013183594,0.782750024796141,0.36656891495601174,20.0,20.0,252,4.047430830039525,9.765625E-4
City-lat.csv,32,2.1188043889519483,21.0,1.0,20.0,19.7236328125,1.0339727401733398,1.016844501471754,0.5180840664711632,20.0,20.0,240,4.24896265560166,9.765625E-4
City-lat.csv,33,1.7762660619803476,21.0,1.0,20.0,19.76171875,0.8397064208984375,0.9163549644643376,0.4750733137829912,20.0,20.0,240,4.24896265560166,9.765625E-4
City-lat.csv,34,1.1654135338345866,21.0,1.0,20.0,19.79296875,0.7462005615234375,0.8638290117398452,0.4525904203323558,20.0,20.0,261,3.9083969465648853,9.765625E-4
City-lat.csv,35,0.8992131884600975,21.0,1.0,20.0,19.82421875,0.6800384521484375,0.8246444398335792,0.4281524926686217,20.0,20.0,285,3.5804195804195804,9.765625E-4
City-lat.csv,36,0.9941089837997055,21.0,1.0,20.0,19.9794921875,0.6470403671264648,0.8043881942982908,0.4496578690127077,20.0,21.0,353,2.8926553672316384,9.765625E-4
City-lat.csv,37,1.471698113207547,21.0,1.0,20.0,19.8115234375,0.6998281478881836,0.8365573189496244,0.3812316715542522,20.0,20.0,211,4.830188679245283,9.765625E-4
City-lat.csv,38,2.1188043889519483,21.0,1.0,20.0,19.806640625,0.6969871520996094,0.8348575639590321,0.3724340175953079,20.0,20.0,195,5.224489795918367,9.765625E-4
City-lat.csv,39,1.7889740781307046,21.0,1.0,20.0,19.7509765625,1.2026357650756836,1.0966475117719838,0.8064516129032258,20.0,21.0,546,1.8720292504570384,9.765625E-4
City-lat.csv,40,2.803738317757009,20.0,1.0,19.0,19.24390243902439,8.72099940511601,2.953133827837135,1.175,20.0,20.0,11,3.4166666666666665,0.024390243902439025
Wind-Speed.csv,0,1.4884979702300405,7.0,1.0,6.0,4.7880859375,1.801772117614746,1.3423010532718604,0.4701857282502444,5.0,7.0,452,2.260485651214128,9.765625E-4
Wind-Speed.csv,1,0.7054673721340388,5.0,1.0,4.0,3.3291015625,0.5645437240600586,0.7513612473770913,0.4809384164222874,3.0,4.0,446,2.29082774049217,0.001953125
Wind-Speed.csv,2,0.0,6.0,1.0,5.0,3.3916015625,0.5839529037475586,0.764168112228951,0.512218963831867,3.0,4.0,472,2.1649048625792813,0.001953125
Wind-Speed.csv,3,0.5128205128205128,5.0,1.0,4.0,3.4853515625,0.6755666732788086,0.8219286302829514,0.5395894428152492,4.0,4.0,492,2.077079107505071,0.00390625
Wind-Speed.csv,4,1.3266998341625207,5.0,1.0,4.0,3.609375,0.669677734375,0.8183383984483437,0.5718475073313783,4.0,4.0,521,1.9616858237547892,0.001953125
Wind-Speed.csv,5,1.079136690647482,5.0,1.0,4.0,3.333984375,0.5525169372558594,0.7433148305098314,0.49560117302052786,3.0,4.0,455,2.245614035087719,0.0029296875
Wind-Speed.csv,6,1.477832512315271,6.0,1.0,5.0,3.7021484375,0.5333547592163086,0.7303114124921701,0.5317693059628543,4.0,5.0,496,2.0603621730382295,9.765625E-4
Wind-Speed.csv,7,2.674591381872214,6.0,1.0,5.0,4.15234375,1.2658538818359375,1.1251017206617087,0.5884652981427175,4.0,6.0,522,1.9579349904397705,0.0029296875
Wind-Speed.csv,8,0.958904109589041,6.0,1.0,5.0,4.7216796875,0.6168737411499023,0.7854131022270397,0.4398826979472141,5.0,6.0,435,2.3486238532110093,9.765625E-4
Wind-Speed.csv,9,0.0,6.0,1.0,5.0,3.623046875,0.7954063415527344,0.8918555609249372,0.5288367546432062,4.0,5.0,486,2.102669404517454,0.001953125
Wind-Speed.csv,10,1.3468013468013469,6.0,1.0,5.0,3.64453125,0.5396575927734375,0.734613907282892,0.5327468230694037,4.0,4.0,501,2.039840637450199,9.765625E-4
Wind-Speed.csv,11,1.155115511551155,6.0,1.0,5.0,3.6533203125,0.5839147567749023,0.764143152017279,0.5317693059628543,4.0,4.0,497,2.0562248995983934,9.765625E-4
Wind-Speed.csv,12,0.9259259259259259,6.0,1.0,5.0,3.9619140625,1.251479148864746,1.1186952886576156,0.5591397849462365,4.0,5.0,501,2.039840637450199,9.765625E-4
Wind-Speed.csv,13,1.1961722488038278,7.0,1.0,6.0,5.4326171875,1.3919439315795898,1.1798067348424444,0.4887585532746823,6.0,6.0,446,2.29082774049217,9.765625E-4
Wind-Speed.csv,14,1.7001545595054095,7.0,1.0,6.0,3.919921875,1.1244468688964844,1.0603993912184617,0.6275659824046921,4.0,5.0,553,1.848375451263538,0.0048828125
Wind-Speed.csv,15,1.1608623548922057,6.0,1.0,5.0,3.4794921875,0.8609075546264648,0.927851041184125,0.6774193548387096,4.0,5.0,576,1.7746967071057191,0.0048828125
Wind-Speed.csv,16,1.5679442508710801,6.0,1.0,5.0,3.4208984375,0.5894460678100586,0.7677539109702135,0.5532746823069403,3.0,4.0,509,2.007843137254902,9.765625E-4
Wind-Speed.csv,17,0.0,6.0,1.0,5.0,3.8525390625,0.4948568344116211,0.7034606132624777,0.5210166177908113,4.0,5.0,496,2.0603621730382295,9.765625E-4
Wind-Speed.csv,18,0.9244992295839753,6.0,1.0,5.0,4.0263671875,0.6702032089233398,0.8186593973829042,0.5180840664711632,4.0,5.0,487,2.098360655737705,0.001953125
Wind-Speed.csv,19,1.6863406408094435,6.0,1.0,5.0,3.611328125,0.5520591735839844,0.7430068462564692,0.5259042033235581,4.0,4.0,471,2.169491525423729,9.765625E-4
Wind-Speed.csv,20,0.6734006734006734,6.0,1.0,5.0,3.51171875,0.7674407958984375,0.876036983179613,0.555229716520039,3.5,5.0,503,2.0317460317460316,0.00390625
Wind-Speed.csv,21,0.5181347150259067,7.0,1.0,6.0,5.0556640625,1.044753074645996,1.0221316327391479,0.45161290322580644,5.0,6.0,441,2.316742081447964,9.765625E-4
Wind-Speed.csv,22,0.6983240223463687,7.0,1.0,6.0,4.5,0.896484375,0.9468285879714448,0.5180840664711632,5.0,6.0,487,2.098360655737705,0.001953125
Wind-Speed.csv,23,1.0484927916120577,7.0,1.0,6.0,4.8740234375,1.0222158432006836,1.0110469045502704,0.570869990224829,5.0,6.0,533,1.9176029962546817,0.001953125
Wind-Speed.csv,24,0.2695417789757412,7.0,1.0,6.0,4.6044921875,0.7957220077514648,0.8920325149631402,0.5992179863147605,5.0,6.0,539,1.8962962962962964,0.0029296875
Wind-Speed.csv,25,0.9828009828009828,7.0,1.0,6.0,5.3056640625,0.8274679183959961,0.9096526361177634,0.5161290322580645,5.0,6.0,486,2.102669404517454,0.001953125
Wind-Speed.csv,26,0.8771929824561403,7.0,1.0,6.0,5.2197265625,0.6030874252319336,0.7765870364820248,0.4887585532746823,5.0,6.0,463,2.206896551724138,9.765625E-4
Wind-Speed.csv,27,2.145214521452145,6.0,1.0,5.0,3.5341796875,0.8640661239624023,0.9295515714377564,0.6304985337243402,4.0,5.0,547,1.8686131386861313,0.005859375
Wind-Speed.csv,28,0.6203473945409429,7.0,1.0,6.0,5.23046875,1.2398529052734375,1.1134868231251942,0.4780058651026393,6.0,6.0,456,2.2407002188183807,9.765625E-4
Wind-Speed.csv,29,0.5235602094240838,7.0,1.0,6.0,4.8359375,0.76605224609375,0.875244106574703,0.635386119257087,5.0,6.0,552,1.8517179023508137,9.765625E-4
Wind-Speed.csv,30,1.7341040462427746,7.0,1.0,6.0,4.40234375,1.0334320068359375,1.0165785787807735,0.46920821114369504,4.0,6.0,440,2.3219954648526078,9.765625E-4
Wind-Speed.csv,31,0.45112781954887216,6.0,1.0,5.0,4.033203125,1.2762413024902344,1.1297085033274001,0.6070381231671554,4.0,5.0,538,1.8998144712430427,0.001953125
Wind-Speed.csv,32,1.6566265060240963,7.0,1.0,6.0,4.15625,1.3173828125,1.1477729795129348,0.5425219941348973,4.0,6.0,483,2.115702479338843,0.0068359375
Wind-Speed.csv,33,0.9831460674157303,7.0,1.0,6.0,4.55859375,0.9028167724609375,0.9501667077207755,0.48778103616813295,5.0,6.0,463,2.206896551724138,0.001953125
Wind-Speed.csv,34,0.5805515239477503,7.0,1.0,6.0,3.9716796875,1.0607213973999023,1.029913296059383,0.841642228739003,4.0,5.0,642,1.5925349922239502,0.0087890625
Wind-Speed.csv,35,1.7045454545454546,7.0,1.0,6.0,4.3857421875,0.9400701522827148,0.9695721490857268,0.5571847507331378,4.0,6.0,510,2.003913894324853,9.765625E-4
Wind-Speed.csv,36,1.3580246913580247,7.0,1.0,6.0,5.162109375,0.7491111755371094,0.8655120886140814,0.603128054740958,5.0,6.0,538,1.8998144712430427,0.0029296875
Wind-Speed.csv,37,0.8974358974358975,7.0,1.0,6.0,4.9384765625,0.7921133041381836,0.8900074742035505,0.64613880742913,5.0,6.0,558,1.8318425760286225,9.765625E-4
Wind-Speed.csv,38,0.0,7.0,1.0,6.0,4.7177734375,1.0326528549194336,1.0161952838502222,0.5747800586510264,5.0,6.0,530,1.9284369114877589,0.001953125
Wind-Speed.csv,39,0.9358288770053476,7.0,1.0,6.0,4.8056640625,0.9065694808959961,0.9521394230342508,0.5650048875855328,5.0,6.0,533,1.9176029962546817,0.001953125
Wind-Speed.csv,40,0.0,7.0,1.0,6.0,5.0849609375,0.9878988265991211,0.9939309969002481,0.5386119257086999,5.0,6.0,505,2.0237154150197627,9.765625E-4
Wind-Speed.csv,41,1.3440860215053763,7.0,1.0,6.0,4.6787109375,1.063765525817871,1.031390093911063,0.5738025415444771,5.0,6.0,526,1.9430740037950665,0.0048828125
Wind-Speed.csv,42,1.2261580381471389,7.0,1.0,6.0,4.63671875,1.4500579833984375,1.2041835339342744,0.5454545454545454,5.0,6.0,493,2.0728744939271255,0.0029296875
Wind-Speed.csv,43,0.12165450121654502,7.0,1.0,6.0,5.3681640625,0.7814474105834961,0.8839951417193966,0.5288367546432062,6.0,6.0,474,2.1557894736842105,9.765625E-4
Wind-Speed.csv,44,0.6633499170812603,7.0,1.0,6.0,3.6533203125,0.7186803817749023,0.8477501883072055,0.5141739980449658,4.0,5.0,478,2.137787056367432,9.765625E-4
Wind-Speed.csv,45,1.4263074484944533,6.0,1.0,5.0,3.8818359375,0.9499044418334961,0.9746304129430274,0.5083088954056696,4.0,5.0,474,2.1557894736842105,9.765625E-4
Wind-Speed.csv,46,0.8,6.0,1.0,5.0,4.716796875,0.5389366149902344,0.7341230244245405,0.5503421309872922,5.0,6.0,504,2.0277227722772277,9.765625E-4
Wind-Speed.csv,47,0.3973509933774834,6.0,1.0,5.0,4.669921875,0.6254234313964844,0.7908371712283663,0.6901270772238515,5.0,5.0,572,1.787085514834206,0.001953125
Wind-Speed.csv,48,0.7633587786259542,7.0,1.0,6.0,5.1181640625,0.9674825668334961,0.9836069168288194,0.4916911045943304,5.0,6.0,460,2.2212581344902387,0.001953125
Wind-Speed.csv,49,0.6525285481239804,7.0,1.0,6.0,3.5830078125,1.0575628280639648,1.0283787376564943,0.64613880742913,4.0,5.0,545,1.8754578754578755,0.0107421875
Wind-Speed.csv,50,1.67427701674277,6.0,1.0,5.0,4.041015625,1.0803489685058594,1.0393983685314594,0.555229716520039,4.0,5.0,509,2.007843137254902,9.765625E-4
Wind-Speed.csv,51,1.0920436817472698,6.0,1.0,5.0,3.8662109375,0.8951864242553711,0.9461429195715472,0.570869990224829,4.0,5.0,516,1.9806576402321083,9.765625E-4
Wind-Speed.csv,52,0.5641748942172073,7.0,1.0,6.0,4.3642578125,0.8350896835327148,0.9138324154530276,0.5777126099706745,4.0,5.0,516,1.9806576402321083,9.765625E-4
Wind-Speed.csv,53,0.7173601147776184,7.0,1.0,6.0,4.3154296875,1.0479650497436523,1.023701640979271,0.5855327468230694,4.0,6.0,521,1.9616858237547892,0.001953125
Wind-Speed.csv,54,0.14124293785310735,7.0,1.0,6.0,4.318359375,0.8146629333496094,0.902586801005648,0.6099706744868035,4.0,5.0,546,1.8720292504570384,9.765625E-4
Wind-Speed.csv,55,0.7256894049346879,7.0,1.0,6.0,4.291015625,1.7141380310058594,1.3092509427171932,0.5826001955034213,4.0,6.0,502,2.0357852882703775,0.00390625
Wind-Speed.csv,56,1.0484927916120577,7.0,1.0,6.0,4.7724609375,0.9140462875366211,0.9560576800259601,0.6813294232649071,5.0,6.0,562,1.8188277087033748,0.00390625
Wind-Speed.csv,57,0.303951367781155,7.0,1.0,6.0,4.0703125,1.16302490234375,1.0784363228043417,0.4868035190615836,4.0,6.0,469,2.178723404255319,0.001953125
Wind-Speed.csv,58,0.44776119402985076,7.0,1.0,6.0,4.017578125,1.7750816345214844,1.3323218959851573,0.6148582600195504,4.0,6.0,545,1.8754578754578755,0.0029296875
Wind-Speed.csv,59,0.6675567423230975,7.0,1.0,6.0,4.705078125,1.1239585876464844,1.060169131623103,0.5376344086021505,5.0,6.0,498,2.0521042084168335,9.765625E-4
Wind-Speed.csv,60,0.644122383252818,7.0,1.0,6.0,3.7021484375,1.0177297592163086,1.0088259310784535,0.5669599217986315,4.0,5.0,523,1.9541984732824427,9.765625E-4
Wind-Speed.csv,61,0.3058103975535168,7.0,1.0,6.0,3.94140625,1.2875823974609375,1.1347168798695724,0.5933528836754643,4.0,5.0,546,1.8720292504570384,0.0029296875
Wind-Speed.csv,62,1.375515818431912,8.0,1.0,7.0,4.59375,1.4833984375,1.2179484543690673,0.458455522971652,5.0,6.0,438,2.3325740318906605,9.765625E-4
Wind-Speed.csv,63,1.0903426791277258,6.0,1.0,5.0,3.8193359375,1.007399559020996,1.0036929605317535,0.5943304007820137,4.0,5.0,533,1.9176029962546817,0.00390625
Wind-Speed.csv,64,0.5788712011577424,7.0,1.0,6.0,4.3681640625,0.9201192855834961,0.9592284845559457,0.5259042033235581,5.0,5.0,490,2.085539714867617,9.765625E-4
Wind-Speed.csv,65,0.8287292817679558,7.0,1.0,6.0,4.568359375,0.8586082458496094,0.9266111621654519,0.5190615835777126,5.0,6.0,481,2.12448132780083,0.001953125
Wind-Speed.csv,66,1.037037037037037,7.0,1.0,6.0,4.072265625,1.3521995544433594,1.162841156153049,0.6774193548387096,4.0,6.0,555,1.841726618705036,0.001953125
Wind-Speed.csv,67,0.7507507507507507,6.0,1.0,5.0,4.0302734375,0.9766225814819336,0.9882421674275661,0.5601173020527859,4.0,5.0,504,2.0277227722772277,0.0029296875
Wind-Speed.csv,68,0.6259780907668232,7.0,1.0,6.0,3.8095703125,1.2791662216186523,1.1310023084055365,0.5835777126099707,4.0,5.0,523,1.9541984732824427,0.0048828125
Wind-Speed.csv,69,0.46296296296296297,7.0,1.0,6.0,4.05859375,1.2953948974609375,1.1381541624318463,0.49071358748778104,4.0,6.0,465,2.1974248927038627,9.765625E-4
Wind-Speed.csv,70,0.27548209366391185,7.0,1.0,6.0,4.603515625,1.6084251403808594,1.2682370205844251,0.5141739980449658,4.0,6.0,495,2.064516129032258,9.765625E-4
Wind-Speed.csv,71,0.7680491551459293,7.0,1.0,6.0,4.0419921875,1.4406194686889648,1.2002580842006292,0.47996089931573804,4.0,6.0,452,2.260485651214128,0.001953125
Wind-Speed.csv,72,0.9602194787379973,7.0,1.0,6.0,4.6171875,1.43548583984375,1.1981176235427597,0.52297165200391,5.0,6.0,466,2.1927194860813706,9.765625E-4
Wind-Speed.csv,73,0.704225352112676,7.0,1.0,6.0,5.58203125,0.5733489990234375,0.7571981240226613,0.5180840664711632,6.0,6.0,478,2.137787056367432,9.765625E-4
Wind-Speed.csv,74,0.6613756613756614,7.0,1.0,6.0,4.9033203125,1.3900671005249023,1.1790110688729356,0.48289345063538613,5.0,6.0,444,2.301123595505618,0.001953125
Wind-Speed.csv,75,0.5772005772005772,7.0,1.0,6.0,4.2841796875,1.3655309677124023,1.1685593556650866,0.5679374389051809,4.0,6.0,520,1.965451055662188,0.001953125
Wind-Speed.csv,76,0.14792899408284024,7.0,1.0,6.0,4.13671875,1.5828704833984375,1.2581218078542464,0.5493646138807429,4.0,6.0,511,2.0,0.0029296875
Wind-Speed.csv,77,0.6915629322268326,7.0,1.0,6.0,4.525390625,1.9583396911621094,1.3994069069295425,0.5298142717497556,5.0,6.0,487,2.098360655737705,0.00390625
Wind-Speed.csv,78,0.4231311706629055,7.0,1.0,6.0,4.4150390625,1.434187889099121,1.1975758385585111,0.5141739980449658,4.0,6.0,472,2.1649048625792813,0.001953125
Wind-Speed.csv,79,0.0,7.0,1.0,6.0,5.068359375,0.5734519958496094,0.75726613277606,0.5835777126099707,5.0,6.0,524,1.9504761904761905,9.765625E-4
Wind-Speed.csv,80,0.15384615384615385,7.0,1.0,6.0,3.9755859375,0.8382711410522461,0.9155714833109679,0.5679374389051809,4.0,5.0,508,2.011787819253438,0.0048828125
Wind-Speed.csv,81,1.1922503725782414,6.0,1.0,5.0,4.142578125,1.1574058532714844,1.0758279849824899,0.5493646138807429,4.0,5.0,498,2.0521042084168335,0.0029296875
Wind-Speed.csv,82,0.12903225806451613,7.0,1.0,6.0,4.73046875,0.7730560302734375,0.879236049234469,0.7057673509286413,5.0,6.0,596,1.7152428810720268,9.765625E-4
Wind-Speed.csv,83,0.0,7.0,1.0,6.0,5.240234375,0.9657249450683594,0.9827130532705666,0.5806451612903226,5.0,6.0,519,1.9692307692307693,0.0029296875
Wind-Speed.csv,84,0.6596306068601583,7.0,1.0,6.0,4.8115234375,0.7545156478881836,0.8686286018133317,0.5777126099706745,5.0,6.0,518,1.9730250481695568,9.765625E-4
Wind-Speed.csv,85,1.0248901903367496,6.0,1.0,5.0,4.26171875,0.8065032958984375,0.8980552855467404,0.4838709677419355,4.0,5.0,451,2.265486725663717,0.0029296875
Wind-Speed.csv,86,0.14388489208633093,7.0,1.0,6.0,4.4560546875,0.9355688095092773,0.9672480599666651,0.49266862170087977,4.0,6.0,464,2.2021505376344086,9.765625E-4
Wind-Speed.csv,87,0.8862629246676514,7.0,1.0,6.0,4.2744140625,1.122939109802246,1.059688213486517,0.5102639296187683,4.0,6.0,481,2.12448132780083,0.001953125
Wind-Speed.csv,88,1.1267605633802817,7.0,1.0,6.0,4.50390625,1.3300628662109375,1.1532835151041299,0.4975562072336266,4.0,6.0,462,2.2116630669546438,9.765625E-4
Wind-Speed.csv,89,0.5509641873278237,7.0,1.0,6.0,4.5625,1.8828125,1.3721561500062593,0.5356793743890518,5.0,6.0,491,2.0813008130081303,0.0029296875
Wind-Speed.csv,90,0.2962962962962963,7.0,1.0,6.0,4.0361328125,1.3512334823608398,1.162425688962886,0.6256109481915934,4.0,6.0,546,1.8720292504570384,0.0029296875
Wind-Speed.csv,91,0.2635046113306983,7.0,1.0,6.0,4.904296875,1.6509971618652344,1.2849113439709505,0.47214076246334313,5.0,6.0,451,2.265486725663717,9.765625E-4
Wind-Speed.csv,92,0.5714285714285714,7.0,1.0,6.0,4.3310546875,1.2312231063842773,1.1096049325702717,0.5298142717497556,4.0,6.0,492,2.077079107505071,9.765625E-4
Wind-Speed.csv,93,0.8010680907877169,7.0,1.0,6.0,4.779296875,1.5196495056152344,1.232740648155659,0.5845552297165201,5.0,6.0,529,1.9320754716981132,9.765625E-4
Wind-Speed.csv,94,0.0,7.0,1.0,6.0,4.625,1.587890625,1.260115322103497,0.555229716520039,5.0,6.0,511,2.0,9.765625E-4
Wind-Speed.csv,95,0.40816326530612246,7.0,1.0,6.0,4.705078125,1.2177085876464844,1.103498340572601,0.5102639296187683,5.0,6.0,485,2.1069958847736627,0.001953125
Wind-Speed.csv,96,0.9771986970684039,7.0,1.0,6.0,4.841787439613527,1.4109591239002093,1.1878380040646155,0.5175332527206772,5.0,6.0,379,2.1789473684210527,0.0012077294685990338
Cyber-Vehicle.csv,0,1.044979554747842,17.0,1.0,16.0,14.2744140625,20.244032859802246,4.499336935571979,2.506353861192571,17.0,17.0,432,2.3648960739030023,0.08203125
Cyber-Vehicle.csv,1,0.6864988558352403,17.0,1.0,16.0,13.7216796875,22.136404991149902,4.7049341112442695,2.9882697947214076,15.0,17.0,502,2.0357852882703775,0.095703125
Cyber-Vehicle.csv,2,0.36596523330283626,17.0,1.0,16.0,13.1123046875,25.605551719665527,5.060192853999295,3.5376344086021505,14.0,17.0,575,1.7777777777777777,0.1220703125
Cyber-Vehicle.csv,3,0.4612546125461255,17.0,1.0,16.0,13.1259765625,26.196043968200684,5.11820710485622,3.155425219941349,15.0,17.0,533,1.9176029962546817,0.1220703125
Cyber-Vehicle.csv,4,0.9681881051175657,17.0,1.0,16.0,12.9140625,26.48675537109375,5.146528477633613,3.345063538611926,14.0,17.0,575,1.7777777777777777,0.1298828125
Cyber-Vehicle.csv,5,0.5025125628140703,17.0,1.0,16.0,13.8212890625,21.84403896331787,4.673760687424836,2.6588465298142716,17.0,17.0,491,2.0813008130081303,0.0908203125
Cyber-Vehicle.csv,6,0.0,17.0,1.0,16.0,13.2021484375,26.24331569671631,5.122823020241507,3.581622678396872,15.0,17.0,551,1.855072463768116,0.1259765625
Cyber-Vehicle.csv,7,3.585657370517928,17.0,1.0,16.0,16.858407079646017,2.2454381705693534,1.4984786186560533,0.2857142857142857,17.0,17.0,2,37.666666666666664,0.008849557522123894
City-lon.csv,0,2.626123013130615,22.0,1.0,21.0,21.46875,1.0693359375,1.0340870067358936,0.7194525904203324,22.0,22.0,491,2.0813008130081303,9.765625E-4
City-lon.csv,1,2.5924645696508812,22.0,1.0,21.0,20.794921875,2.3641929626464844,1.5375932370579952,1.4301075268817205,21.0,22.0,719,1.4222222222222223,9.765625E-4
City-lon.csv,2,2.5259515570934257,22.0,1.0,21.0,20.9248046875,1.2394628524780273,1.1133116600835669,1.0273704789833822,21.0,22.0,716,1.4281729428172942,9.765625E-4
City-lon.csv,3,2.1187912469607504,22.0,1.0,21.0,20.505859375,2.7792625427246094,1.667112036644391,1.498533724340176,21.0,22.0,723,1.4143646408839778,9.765625E-4
City-lon.csv,4,2.1542738012508686,22.0,1.0,21.0,20.390625,3.068115234375,1.7516036179384307,1.5913978494623655,21.0,22.0,731,1.3989071038251366,9.765625E-4
City-lon.csv,5,0.9490333919156415,22.0,1.0,21.0,20.3583984375,2.8666677474975586,1.6931236657425701,1.4291300097751711,21.0,22.0,610,1.6759410801963994,9.765625E-4
City-lon.csv,6,0.7049700387733522,22.0,1.0,21.0,20.72265625,1.0519866943359375,1.0256640260513856,0.7409579667644184,21.0,21.0,565,1.8091872791519434,9.765625E-4
City-lon.csv,7,0.6718528995756718,22.0,1.0,21.0,20.64453125,1.4556732177734375,1.2065128336546767,0.7878787878787878,21.0,21.0,547,1.8686131386861313,9.765625E-4
City-lon.csv,8,0.6412540078375489,22.0,1.0,21.0,20.5341796875,1.4714879989624023,1.2130490505179097,0.7898338220918866,21.0,21.0,531,1.9248120300751879,9.765625E-4
City-lon.csv,9,2.3223570190641247,22.0,1.0,21.0,21.1162109375,0.9601278305053711,0.9798611281734627,0.6041055718475073,21.0,22.0,468,2.183368869936034,9.765625E-4
City-lon.csv,10,2.6933701657458564,22.0,1.0,21.0,21.087890625,1.0704002380371094,1.0346014875482779,0.9051808406647116,21.0,22.0,676,1.5125553914327918,9.765625E-4
City-lon.csv,11,2.390024246622792,22.0,1.0,21.0,20.78125,1.3505859375,1.1621471238616907,1.0869990224828934,21.0,22.0,718,1.4242002781641168,9.765625E-4
City-lon.csv,12,2.5924645696508812,22.0,1.0,21.0,20.943359375,1.1178855895996094,1.0573010874862512,0.9912023460410557,21.0,22.0,725,1.4104683195592287,9.765625E-4
City-lon.csv,13,2.525077827741266,22.0,1.0,21.0,20.935546875,1.0935020446777344,1.045706481130214,0.9286412512218963,21.0,22.0,702,1.4566145092460883,9.765625E-4
City-lon.csv,14,2.3223570190641247,22.0,1.0,21.0,20.8955078125,1.2029485702514648,1.0967901213320008,0.9530791788856305,21.0,22.0,693,1.4755043227665705,9.765625E-4
City-lon.csv,15,2.2545959070412764,22.0,1.0,21.0,20.8828125,1.05267333984375,1.0259987036267395,0.9217986314760508,21.0,22.0,691,1.4797687861271676,9.765625E-4
City-lon.csv,16,1.9143752175426383,22.0,1.0,21.0,20.296875,2.345458984375,1.531489139489732,1.423264907135875,21.0,22.0,747,1.3689839572192513,9.765625E-4
City-lon.csv,17,1.709103592605511,22.0,1.0,21.0,20.4814453125,1.4430150985717773,1.2012556341477767,1.1270772238514175,21.0,22.0,734,1.3931972789115645,9.765625E-4
City-lon.csv,18,1.8460466736328804,22.0,1.0,21.0,20.7666015625,0.9230642318725586,0.9607623180956665,0.8064516129032258,21.0,22.0,628,1.6279809220985693,9.765625E-4
City-lon.csv,19,1.3995801259622114,22.0,1.0,21.0,20.728515625,1.0591087341308594,1.0291300861071253,0.8514173998044966,21.0,22.0,652,1.5681470137825422,9.765625E-4
City-lon.csv,20,1.1921458625525947,22.0,1.0,21.0,20.650390625,1.0379295349121094,1.0187882679497784,0.8690127077223851,21.0,22.0,639,1.6,9.765625E-4
City-lon.csv,21,1.2267788293024886,22.0,1.0,21.0,20.744140625,0.8778953552246094,0.9369607010033075,0.7741935483870968,21.0,22.0,623,1.641025641025641,9.765625E-4
City-lon.csv,22,1.0881010881010882,22.0,1.0,21.0,20.435546875,1.5876426696777344,1.2600169322980284,1.1671554252199414,21.0,22.0,696,1.4691535150645625,9.765625E-4
City-lon.csv,23,1.0186160871092378,22.0,1.0,21.0,20.7470703125,0.8295812606811523,0.9108135158643356,0.7194525904203324,21.0,22.0,590,1.7326565143824026,9.765625E-4
City-lon.csv,24,0.7054673721340388,22.0,1.0,21.0,20.720703125,0.8653526306152344,0.9302433179632275,0.6862170087976539,21.0,21.0,547,1.8686131386861313,9.765625E-4
City-lon.csv,25,0.5998588567395907,22.0,1.0,21.0,20.689453125,0.8430137634277344,0.9181578096535118,0.7233626588465298,21.0,21.0,579,1.7655172413793103,9.765625E-4
City-lon.csv,26,0.42447824548991864,22.0,1.0,21.0,20.732421875,0.9401206970214844,0.9695982142214807,0.7047898338220919,21.0,21.0,543,1.8823529411764706,9.765625E-4
City-lon.csv,27,0.7396970764353645,22.0,1.0,21.0,20.755859375,0.8153953552246094,0.9029924447217759,0.6559139784946236,21.0,21.0,525,1.946768060836502,9.765625E-4
City-lon.csv,28,0.6019830028328612,22.0,1.0,21.0,20.7099609375,0.7957601547241211,0.8920538967596751,0.6539589442815249,21.0,21.0,526,1.9430740037950665,9.765625E-4
City-lon.csv,29,0.3191489361702128,22.0,1.0,21.0,20.6748046875,0.8874120712280273,0.9420255151682609,0.6950146627565983,21.0,21.0,544,1.8788990825688074,9.765625E-4
City-lon.csv,30,0.6007067137809188,22.0,1.0,21.0,20.7119140625,0.8320455551147461,0.9121653112866911,0.6891495601173021,21.0,21.0,550,1.8584392014519056,9.765625E-4
City-lon.csv,31,0.6392045454545454,22.0,1.0,21.0,20.673828125,0.7881431579589844,0.8877742719627464,0.6304985337243402,21.0,21.0,522,1.9579349904397705,9.765625E-4
City-lon.csv,32,0.38993264799716415,22.0,1.0,21.0,20.6328125,1.02532958984375,1.0125855963047026,0.7096774193548387,21.0,21.0,546,1.8720292504570384,9.765625E-4
City-lon.csv,33,0.4969826056088037,22.0,1.0,21.0,20.6708984375,0.8204030990600586,0.9057610606887772,0.6412512218963832,21.0,21.0,507,2.015748031496063,9.765625E-4
City-lon.csv,34,0.4243281471004243,22.0,1.0,21.0,20.7587890625,0.8119344711303711,0.9010740652856296,0.6314760508308895,21.0,21.0,510,2.003913894324853,9.765625E-4
City-lon.csv,35,0.319375443577005,22.0,1.0,21.0,20.6904296875,0.8387365341186523,0.9158256024585971,0.6236559139784946,21.0,21.0,510,2.003913894324853,9.765625E-4
City-lon.csv,36,0.4606661941885188,22.0,1.0,21.0,20.734375,0.771240234375,0.8782028435247747,0.5865102639296188,21.0,21.0,475,2.1512605042016806,9.765625E-4
City-lon.csv,37,0.42659082829719164,22.0,1.0,21.0,20.69140625,0.8188323974609375,0.9048935835008101,0.5738025415444771,21.0,21.0,464,2.2021505376344086,9.765625E-4
City-lon.csv,38,0.7804185881518269,22.0,1.0,21.0,20.62890625,0.8603363037109375,0.927543154635372,0.6647116324535679,21.0,21.0,534,1.9140186915887851,9.765625E-4
City-lon.csv,39,2.2545959070412764,22.0,1.0,21.0,21.240234375,0.9540061950683594,0.9767324070943686,0.6412512218963832,21.0,22.0,538,1.8998144712430427,9.765625E-4
City-lon.csv,40,2.542372881355932,22.0,1.0,21.0,21.170731707317074,10.531826293872696,3.24527753726437,1.425,22.0,22.0,14,2.7333333333333334,0.024390243902439025
